행정동_코드,행정동_코드_명,자치구,업종_영문,업종_명,실제_소비액,기대_소비액,소비_격차_금액,소비_격차_비율_pct,잔차_ZScore
11110515,청운효자동,종로구,지출_총금액,전체_총소비,2969979500.0,5119911451.0,-2149931951.0,-41.99,-0.707
11110530,사직동,종로구,지출_총금액,전체_총소비,54050365000.0,34722726648.0,19327638352.0,55.66,0.575
11110540,삼청동,종로구,지출_총금액,전체_총소비,3566912500.0,3106155649.0,460756851.0,14.83,0.18
11110550,부암동,종로구,지출_총금액,전체_총소비,2053593000.0,1975049371.0,78543629.0,3.98,0.051
11110560,평창동,종로구,지출_총금액,전체_총소비,2681921500.0,4848374600.0,-2166453100.0,-44.68,-0.769
11110570,무악동,종로구,지출_총금액,전체_총소비,3246369500.0,1587644146.0,1658725354.0,104.48,0.929
11110580,교남동,종로구,지출_총금액,전체_총소비,2561283250.0,4239520286.0,-1678237036.0,-39.59,-0.654
11110600,가회동,종로구,지출_총금액,전체_총소비,2970786000.0,3206904195.0,-236118195.0,-7.36,-0.099
11110615,종로1?2?3?4가동,종로구,지출_총금액,전체_총소비,111139049000.0,153898797310.0,-42759748310.0,-27.78,-0.423
11110630,종로5?6가동,종로구,지출_총금액,전체_총소비,10939841250.0,24704693447.0,-13764852197.0,-55.72,-1.058
11110640,이화동,종로구,지출_총금액,전체_총소비,9337710500.0,7177030917.0,2160679583.0,30.11,0.342
11110650,혜화동,종로구,지출_총금액,전체_총소비,10266359500.0,11266433476.0,-1000073976.0,-8.88,-0.121
11110670,창신1동,종로구,지출_총금액,전체_총소비,2809009750.0,6709675179.0,-3900665429.0,-58.13,-1.131
11110680,창신2동,종로구,지출_총금액,전체_총소비,1225232000.0,1419730400.0,-194498400.0,-13.7,-0.191
11110690,창신3동,종로구,지출_총금액,전체_총소비,358820750.0,406028080.0,-47207330.0,-11.63,-0.16
11110700,숭인1동,종로구,지출_총금액,전체_총소비,960887500.0,1280295666.0,-319408166.0,-24.95,-0.373
11110710,숭인2동,종로구,지출_총금액,전체_총소비,2285426500.0,5134584348.0,-2849157848.0,-55.49,-1.051
11140520,소공동,중구,지출_총금액,전체_총소비,2422727633500.0,49083046071.0,2373644587429.0,4835.98,5.063
11140540,회현동,중구,지출_총금액,전체_총소비,477807476500.0,39243983272.0,438563493228.0,1117.53,3.245
11140550,명동,중구,지출_총금액,전체_총소비,118846198500.0,169300037270.0,-50453838770.0,-29.8,-0.459
11140570,필동,중구,지출_총금액,전체_총소비,5513286250.0,13906224398.0,-8392938148.0,-60.35,-1.201
11140580,장충동,중구,지출_총금액,전체_총소비,2397613000.0,2986370462.0,-588757462.0,-19.71,-0.285
11140590,광희동,중구,지출_총금액,전체_총소비,10958546000.0,35343080863.0,-24384534863.0,-68.99,-1.52
11140605,을지로동,중구,지출_총금액,전체_총소비,152162896250.0,22132909807.0,130029986443.0,587.5,2.503
11140615,신당동,중구,지출_총금액,전체_총소비,5254824750.0,9396360329.0,-4141535579.0,-44.08,-0.755
11140625,다산동,중구,지출_총금액,전체_총소비,3588335000.0,6599119928.0,-3010784928.0,-45.62,-0.791
11140635,약수동,중구,지출_총금액,전체_총소비,2914687000.0,4721939123.0,-1807252123.0,-38.27,-0.626
11140645,청구동,중구,지출_총금액,전체_총소비,1231861250.0,1200183612.0,31677638.0,2.64,0.034
11140650,신당5동,중구,지출_총금액,전체_총소비,2901572000.0,2679636419.0,221935581.0,8.28,0.103
11140665,동화동,중구,지출_총금액,전체_총소비,1614787500.0,2408156867.0,-793369367.0,-32.95,-0.519
11140670,황학동,중구,지출_총금액,전체_총소비,4258737000.0,5928065366.0,-1669328366.0,-28.16,-0.429
11140680,중림동,중구,지출_총금액,전체_총소비,2926759500.0,3397277766.0,-470518266.0,-13.85,-0.194
11170510,후암동,용산구,지출_총금액,전체_총소비,2317493250.0,3067578476.0,-750085226.0,-24.45,-0.364
11170520,용산2가동,용산구,지출_총금액,전체_총소비,145816282250.0,1720325258.0,144095956992.0,8376.09,5.765
11170530,남영동,용산구,지출_총금액,전체_총소비,51285241000.0,11362146628.0,39923094372.0,351.37,1.957
11170555,청파동,용산구,지출_총금액,전체_총소비,3257262250.0,6477188889.0,-3219926639.0,-49.71,-0.893
11170560,원효로1동,용산구,지출_총금액,전체_총소비,3018878750.0,4923294968.0,-1904416218.0,-38.68,-0.635
11170570,원효로2동,용산구,지출_총금액,전체_총소비,1076695500.0,3255072701.0,-2178377201.0,-66.92,-1.436
11170580,효창동,용산구,지출_총금액,전체_총소비,1025695750.0,2582844842.0,-1557149092.0,-60.29,-1.199
11170590,용문동,용산구,지출_총금액,전체_총소비,1581457500.0,1409822737.0,171634763.0,12.17,0.149
11170625,한강로동,용산구,지출_총금액,전체_총소비,34729707000.0,40887015719.0,-6157308719.0,-15.06,-0.212
11170630,이촌1동,용산구,지출_총금액,전체_총소비,2913881250.0,11080647730.0,-8166766480.0,-73.7,-1.734
11170640,이촌2동,용산구,지출_총금액,전체_총소비,450698750.0,800641133.0,-349942383.0,-43.71,-0.746
11170650,이태원1동,용산구,지출_총금액,전체_총소비,9433768000.0,6367753404.0,3066014596.0,48.15,0.51
11170660,이태원2동,용산구,지출_총금액,전체_총소비,1960909000.0,3354703866.0,-1393794866.0,-41.55,-0.697
11170685,한남동,용산구,지출_총금액,전체_총소비,11982016250.0,22928682864.0,-10946666614.0,-47.74,-0.843
11170690,서빙고동,용산구,지출_총금액,전체_총소비,1759217500.0,2439237969.0,-680020469.0,-27.88,-0.424
11170700,보광동,용산구,지출_총금액,전체_총소비,1195209750.0,2149366602.0,-954156852.0,-44.39,-0.762
11200520,왕십리2동,성동구,지출_총금액,전체_총소비,2220098500.0,1842697002.0,377401498.0,20.48,0.242
11200535,왕십리도선동,성동구,지출_총금액,전체_총소비,8196440250.0,10835482719.0,-2639042469.0,-24.36,-0.362
11200540,마장동,성동구,지출_총금액,전체_총소비,4723537000.0,7596123170.0,-2872586170.0,-37.82,-0.617
11200550,사근동,성동구,지출_총금액,전체_총소비,5728153750.0,5097245478.0,630908272.0,12.38,0.152
11200560,행당1동,성동구,지출_총금액,전체_총소비,7753781750.0,8410665794.0,-656884044.0,-7.81,-0.106
11200570,행당2동,성동구,지출_총금액,전체_총소비,1737949250.0,1398962315.0,338986935.0,24.23,0.282
11200580,응봉동,성동구,지출_총금액,전체_총소비,496170250.0,1078950917.0,-582780667.0,-54.01,-1.009
11200590,금호1가동,성동구,지출_총금액,전체_총소비,1420875000.0,2015174418.0,-594299418.0,-29.49,-0.454
11200615,금호2?3가동,성동구,지출_총금액,전체_총소비,2721913250.0,4144958760.0,-1423045510.0,-34.33,-0.546
11200620,금호4가동,성동구,지출_총금액,전체_총소비,3118017000.0,3310471492.0,-192454492.0,-5.81,-0.078
11200645,옥수동,성동구,지출_총금액,전체_총소비,3932126750.0,5101410681.0,-1169283931.0,-22.92,-0.338
11200650,성수1가1동,성동구,지출_총금액,전체_총소비,3258161500.0,3790469787.0,-532308287.0,-14.04,-0.196
11200660,성수1가2동,성동구,지출_총금액,전체_총소비,20664076750.0,8274260303.0,12389816447.0,149.74,1.188
11200670,성수2가1동,성동구,지출_총금액,전체_총소비,8216624250.0,7463989370.0,752634880.0,10.08,0.125
11200690,성수2가3동,성동구,지출_총금액,전체_총소비,18067198750.0,18990732650.0,-923533900.0,-4.86,-0.065
11200720,송정동,성동구,지출_총금액,전체_총소비,870841000.0,1296799583.0,-425958583.0,-32.85,-0.517
11200790,용답동,성동구,지출_총금액,전체_총소비,17048551500.0,4337256852.0,12711294648.0,293.07,1.777
11215710,화양동,광진구,지출_총금액,전체_총소비,19530988500.0,10115001564.0,9415986936.0,93.09,0.854
11215730,군자동,광진구,지출_총금액,전체_총소비,6502511750.0,7659538266.0,-1157026516.0,-15.11,-0.213
11215740,중곡1동,광진구,지출_총금액,전체_총소비,5500819750.0,2328382719.0,3172437031.0,136.25,1.116
11215750,중곡2동,광진구,지출_총금액,전체_총소비,3941325750.0,5892948593.0,-1951622843.0,-33.12,-0.522
11215760,중곡3동,광진구,지출_총금액,전체_총소비,2432698250.0,2963107483.0,-530409233.0,-17.9,-0.256
11215770,중곡4동,광진구,지출_총금액,전체_총소비,3838938250.0,4607288897.0,-768350647.0,-16.68,-0.237
11215780,능동,광진구,지출_총금액,전체_총소비,6094311250.0,1460960848.0,4633350402.0,317.14,1.854
11215810,광장동,광진구,지출_총금액,전체_총소비,6006645250.0,12692823733.0,-6686178483.0,-52.68,-0.971
11215820,자양1동,광진구,지출_총금액,전체_총소비,6805857000.0,9012012776.0,-2206155776.0,-24.48,-0.365
11215830,자양2동,광진구,지출_총금액,전체_총소비,3912722000.0,3754742504.0,157979496.0,4.21,0.054
11215840,자양3동,광진구,지출_총금액,전체_총소비,4905074750.0,6911354060.0,-2006279310.0,-29.03,-0.445
11215847,자양4동,광진구,지출_총금액,전체_총소비,8709155250.0,5329894755.0,3379260495.0,63.4,0.638
11215850,구의1동,광진구,지출_총금액,전체_총소비,4538727750.0,5478942452.0,-940214702.0,-17.16,-0.244
11215860,구의2동,광진구,지출_총금액,전체_총소비,4702124000.0,5043297070.0,-341173070.0,-6.76,-0.091
11215870,구의3동,광진구,지출_총금액,전체_총소비,10048895000.0,9820313203.0,228581797.0,2.33,0.03
11230536,용신동,동대문구,지출_총금액,전체_총소비,13412273250.0,25687257055.0,-12274983805.0,-47.79,-0.844
11230545,제기동,동대문구,지출_총금액,전체_총소비,11847453500.0,20104445990.0,-8256992490.0,-41.07,-0.687
11230560,전농1동,동대문구,지출_총금액,전체_총소비,6775495750.0,5870793218.0,904702532.0,15.41,0.186
11230570,전농2동,동대문구,지출_총금액,전체_총소비,1684850000.0,3533778592.0,-1848928592.0,-52.32,-0.962
11230600,답십리1동,동대문구,지출_총금액,전체_총소비,4438254500.0,7408472854.0,-2970218354.0,-40.09,-0.665
11230610,답십리2동,동대문구,지출_총금액,전체_총소비,5236943750.0,5891990401.0,-655046651.0,-11.12,-0.153
11230650,장안1동,동대문구,지출_총금액,전체_총소비,12061304500.0,19921320615.0,-7860016115.0,-39.46,-0.652
11230660,장안2동,동대문구,지출_총금액,전체_총소비,10731766500.0,8507857783.0,2223908717.0,26.14,0.302
11230705,청량리동,동대문구,지출_총금액,전체_총소비,4835031250.0,8920258852.0,-4085227602.0,-45.8,-0.795
11230710,회기동,동대문구,지출_총금액,전체_총소비,10638964750.0,3792127688.0,6846837062.0,180.55,1.339
11230720,휘경1동,동대문구,지출_총금액,전체_총소비,3917140000.0,3443421735.0,473718265.0,13.76,0.167
11230730,휘경2동,동대문구,지출_총금액,전체_총소비,2026408000.0,2630350680.0,-603942680.0,-22.96,-0.339
11230740,이문1동,동대문구,지출_총금액,전체_총소비,3514724500.0,7337312419.0,-3822587919.0,-52.1,-0.956
11230750,이문2동,동대문구,지출_총금액,전체_총소비,1425951750.0,1472476397.0,-46524647.0,-3.16,-0.042
11260520,면목2동,중랑구,지출_총금액,전체_총소비,3371885250.0,2579071560.0,792813690.0,30.74,0.348
11260540,면목4동,중랑구,지출_총금액,전체_총소비,1084213500.0,1633681998.0,-549468498.0,-33.63,-0.532
11260550,면목5동,중랑구,지출_총금액,전체_총소비,2557723500.0,1354589560.0,1203133940.0,88.82,0.825
11260565,면목본동,중랑구,지출_총금액,전체_총소비,4900168750.0,6714399589.0,-1814230839.0,-27.02,-0.409
11260570,면목7동,중랑구,지출_총금액,전체_총소비,4413379500.0,4370037235.0,43342265.0,0.99,0.013
11260575,면목3?8동,중랑구,지출_총금액,전체_총소비,4458498250.0,5430611398.0,-972113148.0,-17.9,-0.256
11260580,상봉1동,중랑구,지출_총금액,전체_총소비,5005702500.0,3176210237.0,1829492263.0,57.6,0.591
11260590,상봉2동,중랑구,지출_총금액,전체_총소비,9557685750.0,7619652202.0,1938033548.0,25.43,0.294
11260600,중화1동,중랑구,지출_총금액,전체_총소비,1718457750.0,2888049225.0,-1169591475.0,-40.5,-0.674
11260610,중화2동,중랑구,지출_총금액,전체_총소비,4052176500.0,5294996577.0,-1242820077.0,-23.47,-0.347
11260620,묵1동,중랑구,지출_총금액,전체_총소비,5025719750.0,5463361213.0,-437641463.0,-8.01,-0.108
11260630,묵2동,중랑구,지출_총금액,전체_총소비,3795885750.0,4866448384.0,-1070562634.0,-22.0,-0.323
11260655,망우본동,중랑구,지출_총금액,전체_총소비,7087806750.0,13154973407.0,-6067166657.0,-46.12,-0.803
11260660,망우3동,중랑구,지출_총금액,전체_총소비,1843035500.0,1615329966.0,227705534.0,14.1,0.171
11260680,신내1동,중랑구,지출_총금액,전체_총소비,5480448000.0,6042499814.0,-562051814.0,-9.3,-0.127
11260690,신내2동,중랑구,지출_총금액,전체_총소비,3832026000.0,3782728131.0,49297869.0,1.3,0.017
11290525,성북동,성북구,지출_총금액,전체_총소비,3720581500.0,10234361369.0,-6513779869.0,-63.65,-1.314
11290555,삼선동,성북구,지출_총금액,전체_총소비,7285723250.0,12096325375.0,-4810602125.0,-39.77,-0.658
11290575,동선동,성북구,지출_총금액,전체_총소비,11231758750.0,9405177860.0,1826580890.0,19.42,0.23
11290580,돈암1동,성북구,지출_총금액,전체_총소비,982803250.0,795145367.0,187657883.0,23.6,0.275
11290590,돈암2동,성북구,지출_총금액,전체_총소비,902229750.0,2368329559.0,-1466099809.0,-61.9,-1.253
11290600,안암동,성북구,지출_총금액,전체_총소비,6788469250.0,11282918203.0,-4494448953.0,-39.83,-0.66
11290610,보문동,성북구,지출_총금액,전체_총소비,3153472500.0,5714453562.0,-2560981062.0,-44.82,-0.772
11290620,정릉1동,성북구,지출_총금액,전체_총소비,1614035750.0,1517473611.0,96562139.0,6.36,0.08
11290630,정릉2동,성북구,지출_총금액,전체_총소비,3786725000.0,4381389358.0,-594664358.0,-13.57,-0.189
11290640,정릉3동,성북구,지출_총금액,전체_총소비,2218703250.0,2297925865.0,-79222615.0,-3.45,-0.046
11290650,정릉4동,성북구,지출_총금액,전체_총소비,3593458000.0,5014062495.0,-1420604495.0,-28.33,-0.433
11290660,길음1동,성북구,지출_총금액,전체_총소비,4598410000.0,7573431446.0,-2975021446.0,-39.28,-0.648
11290685,길음2동,성북구,지출_총금액,전체_총소비,5900544500.0,2564459426.0,3336085074.0,130.09,1.082
11290705,종암동,성북구,지출_총금액,전체_총소비,6951724750.0,11241743525.0,-4290018775.0,-38.16,-0.624
11290715,월곡1동,성북구,지출_총금액,전체_총소비,2820820250.0,5650663993.0,-2829843743.0,-50.08,-0.902
11290725,월곡2동,성북구,지출_총금액,전체_총소비,5816435500.0,8819525127.0,-3003089627.0,-34.05,-0.54
11290760,장위1동,성북구,지출_총금액,전체_총소비,1664034500.0,2866970932.0,-1202936432.0,-41.96,-0.706
11290770,장위2동,성북구,지출_총금액,전체_총소비,2295591750.0,3854325580.0,-1558733830.0,-40.44,-0.673
11290780,장위3동,성북구,지출_총금액,전체_총소비,1525154000.0,1531372675.0,-6218675.0,-0.41,-0.005
11290810,석관동,성북구,지출_총금액,전체_총소비,6260089250.0,8211723721.0,-1951634471.0,-23.77,-0.352
11305534,삼양동,강북구,지출_총금액,전체_총소비,3511321250.0,4574360057.0,-1063038807.0,-23.24,-0.343
11305535,미아동,강북구,지출_총금액,전체_총소비,5718548000.0,6393916594.0,-675368594.0,-10.56,-0.145
11305545,송중동,강북구,지출_총금액,전체_총소비,8787232250.0,6925376917.0,1861855333.0,26.88,0.309
11305555,송천동,강북구,지출_총금액,전체_총소비,4602172750.0,9070192896.0,-4468020146.0,-49.26,-0.881
11305575,삼각산동,강북구,지출_총금액,전체_총소비,2677963500.0,2525358819.0,152604681.0,6.04,0.076
11305595,번1동,강북구,지출_총금액,전체_총소비,7402336000.0,6817709338.0,584626662.0,8.58,0.107
11305603,번2동,강북구,지출_총금액,전체_총소비,1093011500.0,1688845564.0,-595834064.0,-35.28,-0.565
11305608,번3동,강북구,지출_총금액,전체_총소비,1848028500.0,2281121101.0,-433092601.0,-18.99,-0.273
11305615,수유1동,강북구,지출_총금액,전체_총소비,4851875000.0,5536468046.0,-684593046.0,-12.37,-0.171
11305625,수유2동,강북구,지출_총금액,전체_총소비,2306310500.0,2428675919.0,-122365419.0,-5.04,-0.067
11305635,수유3동,강북구,지출_총금액,전체_총소비,11215877250.0,11235747795.0,-19870545.0,-0.18,-0.002
11305645,우이동,강북구,지출_총금액,전체_총소비,3684482750.0,3036913939.0,647568811.0,21.32,0.251
11305660,인수동,강북구,지출_총금액,전체_총소비,2611875500.0,7641741346.0,-5029865846.0,-65.82,-1.394
11320511,창1동,도봉구,지출_총금액,전체_총소비,3697629250.0,3158893778.0,538735472.0,17.05,0.204
11320512,창2동,도봉구,지출_총금액,전체_총소비,3426495250.0,2596109425.0,830385825.0,31.99,0.36
11320513,창3동,도봉구,지출_총금액,전체_총소비,1410860000.0,1473941592.0,-63081592.0,-4.28,-0.057
11320514,창4동,도봉구,지출_총금액,전체_총소비,3871428750.0,5427040135.0,-1555611385.0,-28.66,-0.439
11320515,창5동,도봉구,지출_총금액,전체_총소비,6483958500.0,6216581143.0,267377357.0,4.3,0.055
11320521,도봉1동,도봉구,지출_총금액,전체_총소비,4931265750.0,3715511136.0,1215754614.0,32.72,0.368
11320522,도봉2동,도봉구,지출_총금액,전체_총소비,2744876500.0,4167577748.0,-1422701248.0,-34.14,-0.542
11320660,쌍문1동,도봉구,지출_총금액,전체_총소비,1887701000.0,3114197855.0,-1226496855.0,-39.38,-0.65
11320670,쌍문2동,도봉구,지출_총금액,전체_총소비,4434894000.0,2867719663.0,1567174337.0,54.65,0.566
11320680,쌍문3동,도봉구,지출_총금액,전체_총소비,3134999000.0,4243312269.0,-1108313269.0,-26.12,-0.393
11320681,쌍문4동,도봉구,지출_총금액,전체_총소비,1746173500.0,1069539264.0,676634236.0,63.26,0.636
11320690,방학1동,도봉구,지출_총금액,전체_총소비,9318537000.0,9902565152.0,-584028152.0,-5.9,-0.079
11320700,방학2동,도봉구,지출_총금액,전체_총소비,2596263000.0,1240611565.0,1355651435.0,109.27,0.959
11320710,방학3동,도봉구,지출_총금액,전체_총소비,1812351750.0,3812822464.0,-2000470714.0,-52.47,-0.966
11350560,월계1동,노원구,지출_총금액,전체_총소비,5396729000.0,5063436631.0,333292369.0,6.58,0.083
11350570,월계2동,노원구,지출_총금액,전체_총소비,1863700750.0,1470327319.0,393373431.0,26.75,0.308
11350580,월계3동,노원구,지출_총금액,전체_총소비,6836802000.0,2980833376.0,3855968624.0,129.36,1.078
11350595,공릉1동,노원구,지출_총금액,전체_총소비,13771168500.0,15548538608.0,-1777370108.0,-11.43,-0.158
11350600,공릉2동,노원구,지출_총금액,전체_총소비,8535533500.0,13379690151.0,-4844156651.0,-36.21,-0.584
11350611,하계1동,노원구,지출_총금액,전체_총소비,7383567500.0,4802030108.0,2581537392.0,53.76,0.559
11350612,하계2동,노원구,지출_총금액,전체_총소비,685059500.0,689107448.0,-4047948.0,-0.59,-0.008
11350619,중계본동,노원구,지출_총금액,전체_총소비,6470693500.0,3507149447.0,2963544053.0,84.5,0.795
11350621,중계1동,노원구,지출_총금액,전체_총소비,4671801750.0,3777587469.0,894214281.0,23.67,0.276
11350624,중계4동,노원구,지출_총금액,전체_총소비,6471158750.0,4300837202.0,2170321548.0,50.46,0.53
11350625,중계2?3동,노원구,지출_총금액,전체_총소비,8900703500.0,4611692026.0,4289011474.0,93.0,0.854
11350630,상계1동,노원구,지출_총금액,전체_총소비,9216686000.0,8348688683.0,867997317.0,10.4,0.128
11350640,상계2동,노원구,지출_총금액,전체_총소비,19775217000.0,7658521482.0,12116695518.0,158.21,1.232
11350665,상계3?4동,노원구,지출_총금액,전체_총소비,1433156500.0,4181226163.0,-2748069663.0,-65.72,-1.39
11350670,상계5동,노원구,지출_총금액,전체_총소비,2560583500.0,3532920333.0,-972336833.0,-27.52,-0.418
11350695,상계6?7동,노원구,지출_총금액,전체_총소비,15481279000.0,21062416806.0,-5581137806.0,-26.5,-0.4
11350700,상계8동,노원구,지출_총금액,전체_총소비,1783933000.0,2408044938.0,-624111938.0,-25.92,-0.39
11350710,상계9동,노원구,지출_총금액,전체_총소비,1889283750.0,3047411638.0,-1158127888.0,-38.0,-0.621
11350720,상계10동,노원구,지출_총금액,전체_총소비,1052574750.0,959233512.0,93341238.0,9.73,0.121
11380510,녹번동,은평구,지출_총금액,전체_총소비,5272473000.0,7614311019.0,-2341838019.0,-30.76,-0.477
11380520,불광1동,은평구,지출_총금액,전체_총소비,7061843000.0,8890288230.0,-1828445230.0,-20.57,-0.299
11380530,불광2동,은평구,지출_총금액,전체_총소비,5027513750.0,3548459502.0,1479054248.0,41.68,0.452
11380551,갈현1동,은평구,지출_총금액,전체_총소비,5625848000.0,6040456997.0,-414608997.0,-6.86,-0.092
11380552,갈현2동,은평구,지출_총금액,전체_총소비,6373850750.0,4623685528.0,1750165222.0,37.85,0.417
11380560,구산동,은평구,지출_총금액,전체_총소비,2718652250.0,2878118962.0,-159466712.0,-5.54,-0.074
11380570,대조동,은평구,지출_총금액,전체_총소비,8234430000.0,13522306718.0,-5287876718.0,-39.1,-0.644
11380580,응암1동,은평구,지출_총금액,전체_총소비,6513861750.0,7517274916.0,-1003413166.0,-13.35,-0.186
11380590,응암2동,은평구,지출_총금액,전체_총소비,1731551500.0,2432687450.0,-701135950.0,-28.82,-0.441
11380600,응암3동,은평구,지출_총금액,전체_총소비,8461424250.0,6740462919.0,1720961331.0,25.53,0.295
11380625,역촌동,은평구,지출_총금액,전체_총소비,7106540000.0,10894501526.0,-3787961526.0,-34.77,-0.555
11380631,신사1동,은평구,지출_총금액,전체_총소비,4515160500.0,2444325400.0,2070835100.0,84.72,0.797
11380632,신사2동,은평구,지출_총금액,전체_총소비,1426609500.0,1545521034.0,-118911534.0,-7.69,-0.104
11380640,증산동,은평구,지출_총금액,전체_총소비,2256348500.0,2157456801.0,98891699.0,4.58,0.058
11380650,수색동,은평구,지출_총금액,전체_총소비,884228000.0,1733109254.0,-848881254.0,-48.98,-0.874
11380690,진관동,은평구,지출_총금액,전체_총소비,18381749000.0,12454156788.0,5927592212.0,47.6,0.505
11410520,천연동,서대문구,지출_총금액,전체_총소비,2603649750.0,3253723929.0,-650074179.0,-19.98,-0.289
11410555,북아현동,서대문구,지출_총금액,전체_총소비,2325119500.0,5908845949.0,-3583726449.0,-60.65,-1.211
11410565,충현동,서대문구,지출_총금액,전체_총소비,4092127500.0,17161989018.0,-13069861518.0,-76.16,-1.861
11410585,신촌동,서대문구,지출_총금액,전체_총소비,41497593000.0,26409570372.0,15088022628.0,57.13,0.587
11410615,연희동,서대문구,지출_총금액,전체_총소비,53131519000.0,15307966635.0,37823552365.0,247.08,1.616
11410620,홍제1동,서대문구,지출_총금액,전체_총소비,3482923000.0,5293494729.0,-1810571729.0,-34.2,-0.544
11410640,홍제3동,서대문구,지출_총금액,전체_총소비,4374198500.0,5007172463.0,-632973963.0,-12.64,-0.175
11410655,홍제2동,서대문구,지출_총금액,전체_총소비,1555637500.0,1188669409.0,366968091.0,30.87,0.349
11410660,홍은1동,서대문구,지출_총금액,전체_총소비,1375357750.0,2288631199.0,-913273449.0,-39.9,-0.661
11410685,홍은2동,서대문구,지출_총금액,전체_총소비,3676488750.0,4881578734.0,-1205089984.0,-24.69,-0.368
11410690,남가좌1동,서대문구,지출_총금액,전체_총소비,3092818750.0,3361896371.0,-269077621.0,-8.0,-0.108
11410700,남가좌2동,서대문구,지출_총금액,전체_총소비,5550889000.0,5756630807.0,-205741807.0,-3.57,-0.047
11410710,북가좌1동,서대문구,지출_총금액,전체_총소비,1992303500.0,2139959455.0,-147655955.0,-6.9,-0.093
11410720,북가좌2동,서대문구,지출_총금액,전체_총소비,3829499750.0,5505935996.0,-1676436246.0,-30.45,-0.471
11440555,아현동,마포구,지출_총금액,전체_총소비,6396546750.0,14325049712.0,-7928502962.0,-55.35,-1.047
11440565,공덕동,마포구,지출_총금액,전체_총소비,5783877250.0,18905982845.0,-13122105595.0,-69.41,-1.538
11440585,도화동,마포구,지출_총금액,전체_총소비,8352968250.0,11518684466.0,-3165716216.0,-27.48,-0.417
11440590,용강동,마포구,지출_총금액,전체_총소비,7612605000.0,8949982349.0,-1337377349.0,-14.94,-0.21
11440600,대흥동,마포구,지출_총금액,전체_총소비,5931293500.0,14140081489.0,-8208787989.0,-58.05,-1.128
11440610,염리동,마포구,지출_총금액,전체_총소비,69945671750.0,2409059797.0,67536611953.0,2803.44,4.374
11440630,신수동,마포구,지출_총금액,전체_총소비,2992317750.0,3160633317.0,-168315567.0,-5.33,-0.071
11440655,서강동,마포구,지출_총금액,전체_총소비,5967361500.0,7891407599.0,-1924046099.0,-24.38,-0.363
11440660,서교동,마포구,지출_총금액,전체_총소비,60523846750.0,60774842602.0,-250995852.0,-0.41,-0.005
11440680,합정동,마포구,지출_총금액,전체_총소비,10028440250.0,6086964203.0,3941476047.0,64.75,0.648
11440690,망원1동,마포구,지출_총금액,전체_총소비,7918460250.0,5288255656.0,2630204594.0,49.74,0.524
11440700,망원2동,마포구,지출_총금액,전체_총소비,3731910000.0,3396722906.0,335187094.0,9.87,0.122
11440710,연남동,마포구,지출_총금액,전체_총소비,8217474250.0,2423452440.0,5794021810.0,239.08,1.585
11440720,성산1동,마포구,지출_총금액,전체_총소비,5268894250.0,4380727012.0,888167238.0,20.27,0.24
11440730,성산2동,마포구,지출_총금액,전체_총소비,8290737000.0,6723064550.0,1567672450.0,23.32,0.272
11440740,상암동,마포구,지출_총금액,전체_총소비,13969417500.0,21745205626.0,-7775788126.0,-35.76,-0.575
11470510,목1동,양천구,지출_총금액,전체_총소비,26294809250.0,20526774511.0,5768034739.0,28.1,0.322
11470520,목2동,양천구,지출_총금액,전체_총소비,4535886000.0,5180815462.0,-644929462.0,-12.45,-0.173
11470530,목3동,양천구,지출_총금액,전체_총소비,6563182000.0,5701601390.0,861580610.0,15.11,0.183
11470540,목4동,양천구,지출_총금액,전체_총소비,5385742000.0,4516171719.0,869570281.0,19.25,0.229
11470550,목5동,양천구,지출_총금액,전체_총소비,13943764500.0,12667313122.0,1276451378.0,10.08,0.125
11470560,신월1동,양천구,지출_총금액,전체_총소비,3954693250.0,3979942513.0,-25249263.0,-0.63,-0.008
11470570,신월2동,양천구,지출_총금액,전체_총소비,3001776500.0,2360083402.0,641693098.0,27.19,0.312
11470580,신월3동,양천구,지출_총금액,전체_총소비,2524096750.0,2374429221.0,149667529.0,6.3,0.079
11470590,신월4동,양천구,지출_총금액,전체_총소비,3385364250.0,2152561318.0,1232802932.0,57.27,0.588
11470600,신월5동,양천구,지출_총금액,전체_총소비,3439038000.0,1356879652.0,2082158348.0,153.45,1.208
11470610,신월6동,양천구,지출_총금액,전체_총소비,2466963000.0,1317412643.0,1149550357.0,87.26,0.815
11470611,신월7동,양천구,지출_총금액,전체_총소비,2150100250.0,2325054882.0,-174954632.0,-7.52,-0.102
11470620,신정1동,양천구,지출_총금액,전체_총소비,4279372000.0,5848491166.0,-1569119166.0,-26.83,-0.406
11470630,신정2동,양천구,지출_총금액,전체_총소비,4251773250.0,3766928496.0,484844754.0,12.87,0.157
11470640,신정3동,양천구,지출_총금액,전체_총소비,5502103250.0,6118764004.0,-616660754.0,-10.08,-0.138
11470650,신정4동,양천구,지출_총금액,전체_총소비,10334753500.0,15322447863.0,-4987694363.0,-32.55,-0.511
11470670,신정6동,양천구,지출_총금액,전체_총소비,2863491750.0,1130328627.0,1733163123.0,153.33,1.207
11470680,신정7동,양천구,지출_총금액,전체_총소비,4602008500.0,3054364878.0,1547643622.0,50.67,0.532
11500510,염창동,강서구,지출_총금액,전체_총소비,6734162250.0,8064324514.0,-1330162264.0,-16.49,-0.234
11500520,등촌1동,강서구,지출_총금액,전체_총소비,5512758750.0,6539745699.0,-1026986949.0,-15.7,-0.222
11500530,등촌2동,강서구,지출_총금액,전체_총소비,2490131000.0,1937239305.0,552891695.0,28.54,0.326
11500535,등촌3동,강서구,지출_총금액,전체_총소비,8658098500.0,11129442046.0,-2471343546.0,-22.21,-0.326
11500540,화곡1동,강서구,지출_총금액,전체_총소비,11699839500.0,12279070090.0,-579230590.0,-4.72,-0.063
11500550,화곡2동,강서구,지출_총금액,전체_총소비,2412094250.0,1455907256.0,956186994.0,65.68,0.656
11500560,화곡3동,강서구,지출_총금액,전체_총소비,4512418750.0,4413004549.0,99414201.0,2.25,0.029
11500570,화곡4동,강서구,지출_총금액,전체_총소비,4554008500.0,4200113504.0,353894996.0,8.43,0.105
11500590,화곡본동,강서구,지출_총금액,전체_총소비,6017235750.0,3670557935.0,2346677815.0,63.93,0.642
11500591,화곡6동,강서구,지출_총금액,전체_총소비,7676778750.0,7480863308.0,195915442.0,2.62,0.034
11500593,화곡8동,강서구,지출_총금액,전체_총소비,4610469250.0,5214338917.0,-603869667.0,-11.58,-0.16
11500603,가양1동,강서구,지출_총금액,전체_총소비,80636917250.0,18839657961.0,61797259289.0,328.02,1.888
11500604,가양2동,강서구,지출_총금액,전체_총소비,3097589000.0,1184152937.0,1913436063.0,161.59,1.249
11500605,가양3동,강서구,지출_총금액,전체_총소비,522134000.0,947827767.0,-425693767.0,-44.91,-0.774
11500611,발산1동,강서구,지출_총금액,전체_총소비,26042329500.0,18143248372.0,7899081128.0,43.54,0.469
11500615,우장산동,강서구,지출_총금액,전체_총소비,7063471500.0,8518670198.0,-1455198698.0,-17.08,-0.243
11500620,공항동,강서구,지출_총금액,전체_총소비,7896721250.0,12582343192.0,-4685621942.0,-37.24,-0.605
11500630,방화1동,강서구,지출_총금액,전체_총소비,7078545500.0,10118194835.0,-3039649335.0,-30.04,-0.464
11500640,방화2동,강서구,지출_총금액,전체_총소비,9305667500.0,2915809241.0,6389858259.0,219.15,1.507
11500641,방화3동,강서구,지출_총금액,전체_총소비,1738982500.0,2545976193.0,-806993693.0,-31.7,-0.495
11530510,신도림동,구로구,지출_총금액,전체_총소비,9823096000.0,10674521497.0,-851425497.0,-7.98,-0.108
11530520,구로1동,구로구,지출_총금액,전체_총소비,1883143500.0,815969742.0,1067173758.0,130.79,1.086
11530530,구로2동,구로구,지출_총금액,전체_총소비,15106037500.0,22022718968.0,-6916681468.0,-31.41,-0.489
11530540,구로3동,구로구,지출_총금액,전체_총소비,1929141662750.0,27132532389.0,1902009130361.0,7010.07,5.536
11530550,구로4동,구로구,지출_총금액,전체_총소비,5557349000.0,7137562080.0,-1580213080.0,-22.14,-0.325
11530560,구로5동,구로구,지출_총금액,전체_총소비,18675775500.0,11543236422.0,7132539078.0,61.79,0.625
11530595,가리봉동,구로구,지출_총금액,전체_총소비,1426207500.0,1862709358.0,-436501858.0,-23.43,-0.347
11530720,고척1동,구로구,지출_총금액,전체_총소비,7191826000.0,6467481236.0,724344764.0,11.2,0.138
11530730,고척2동,구로구,지출_총금액,전체_총소비,3323490000.0,4808749265.0,-1485259265.0,-30.89,-0.48
11530740,개봉1동,구로구,지출_총금액,전체_총소비,4815231750.0,7999477071.0,-3184245321.0,-39.81,-0.659
11530750,개봉2동,구로구,지출_총금액,전체_총소비,3550366750.0,5560297807.0,-2009931057.0,-36.15,-0.582
11530760,개봉3동,구로구,지출_총금액,전체_총소비,2914922250.0,3736799913.0,-821877663.0,-21.99,-0.323
11530770,오류1동,구로구,지출_총금액,전체_총소비,3740669000.0,6314571414.0,-2573902414.0,-40.76,-0.68
11530780,오류2동,구로구,지출_총금액,전체_총소비,4002496500.0,4840075670.0,-837579170.0,-17.31,-0.247
11530790,수궁동,구로구,지출_총금액,전체_총소비,2618586500.0,3035851813.0,-417265313.0,-13.74,-0.192
11530800,항동,구로구,지출_총금액,전체_총소비,1189314500.0,347586552.0,841727948.0,242.16,1.597
11545510,가산동,금천구,지출_총금액,전체_총소비,37414180500.0,42704308740.0,-5290128240.0,-12.39,-0.172
11545610,독산1동,금천구,지출_총금액,전체_총소비,9692464250.0,12573130995.0,-2880666745.0,-22.91,-0.338
11545620,독산2동,금천구,지출_총금액,전체_총소비,2723764500.0,2468926068.0,254838432.0,10.32,0.128
11545630,독산3동,금천구,지출_총금액,전체_총소비,4845415000.0,6180100764.0,-1334685764.0,-21.6,-0.316
11545640,독산4동,금천구,지출_총금액,전체_총소비,1957512000.0,2637829202.0,-680317202.0,-25.79,-0.387
11545670,시흥1동,금천구,지출_총금액,전체_총소비,10279740000.0,13932005756.0,-3652265756.0,-26.21,-0.395
11545680,시흥2동,금천구,지출_총금액,전체_총소비,773709250.0,1228204715.0,-454495465.0,-37.0,-0.6
11545690,시흥3동,금천구,지출_총금액,전체_총소비,1516157000.0,2518911005.0,-1002754005.0,-39.81,-0.659
11545700,시흥4동,금천구,지출_총금액,전체_총소비,1319925250.0,1855259963.0,-535334713.0,-28.85,-0.442
11545710,시흥5동,금천구,지출_총금액,전체_총소비,1893851500.0,2386770466.0,-492918966.0,-20.65,-0.3
11560515,영등포본동,영등포구,지출_총금액,전체_총소비,3983509000.0,3203599649.0,779909351.0,24.34,0.283
11560535,영등포동,영등포구,지출_총금액,전체_총소비,31036591750.0,43228351691.0,-12191759941.0,-28.2,-0.43
11560540,여의동,영등포구,지출_총금액,전체_총소비,177357767500.0,139352207577.0,38005559923.0,27.27,0.313
11560550,당산1동,영등포구,지출_총금액,전체_총소비,6440189000.0,10409837878.0,-3969648878.0,-38.13,-0.623
11560560,당산2동,영등포구,지출_총금액,전체_총소비,8513383500.0,14735973733.0,-6222590233.0,-42.23,-0.712
11560585,도림동,영등포구,지출_총금액,전체_총소비,2494800250.0,1610807803.0,883992447.0,54.88,0.568
11560605,문래동,영등포구,지출_총금액,전체_총소비,1543124401750.0,23981428688.0,1519142973062.0,6334.66,5.407
11560610,양평1동,영등포구,지출_총금액,전체_총소비,4198981750.0,5903846853.0,-1704865103.0,-28.88,-0.442
11560620,양평2동,영등포구,지출_총금액,전체_총소비,13598673500.0,9955051719.0,3643621781.0,36.6,0.405
11560630,신길1동,영등포구,지출_총금액,전체_총소비,4257152000.0,4422844294.0,-165692294.0,-3.75,-0.05
11560650,신길3동,영등포구,지출_총금액,전체_총소비,3587059000.0,5554083745.0,-1967024745.0,-35.42,-0.568
11560660,신길4동,영등포구,지출_총금액,전체_총소비,970291500.0,1361384799.0,-391093299.0,-28.73,-0.44
11560670,신길5동,영등포구,지출_총금액,전체_총소비,1862373250.0,1127940771.0,734432479.0,65.11,0.651
11560680,신길6동,영등포구,지출_총금액,전체_총소비,4876746000.0,4929354898.0,-52608898.0,-1.07,-0.014
11560690,신길7동,영등포구,지출_총금액,전체_총소비,2469924500.0,2923814194.0,-453889694.0,-15.52,-0.219
11560700,대림1동,영등포구,지출_총금액,전체_총소비,5031827250.0,5264556690.0,-232729440.0,-4.42,-0.059
11560710,대림2동,영등포구,지출_총금액,전체_총소비,4500190500.0,5210071477.0,-709880977.0,-13.63,-0.19
11560720,대림3동,영등포구,지출_총금액,전체_총소비,7304024500.0,9350111360.0,-2046086860.0,-21.88,-0.321
11590510,노량진1동,동작구,지출_총금액,전체_총소비,7064586000.0,9312535456.0,-2247949456.0,-24.14,-0.359
11590520,노량진2동,동작구,지출_총금액,전체_총소비,6556052000.0,5415421777.0,1140630223.0,21.06,0.248
11590530,상도1동,동작구,지출_총금액,전체_총소비,7939648500.0,10695278440.0,-2755629940.0,-25.76,-0.387
11590540,상도2동,동작구,지출_총금액,전체_총소비,4525365750.0,6171478615.0,-1646112865.0,-26.67,-0.403
11590550,상도3동,동작구,지출_총금액,전체_총소비,4892594250.0,3939178797.0,953415453.0,24.2,0.281
11590560,상도4동,동작구,지출_총금액,전체_총소비,2287731250.0,3420155684.0,-1132424434.0,-33.11,-0.522
11590605,흑석동,동작구,지출_총금액,전체_총소비,10536748250.0,7831082549.0,2705665701.0,34.55,0.385
11590620,사당1동,동작구,지출_총금액,전체_총소비,9210064500.0,9979892877.0,-769828377.0,-7.71,-0.104
11590630,사당2동,동작구,지출_총금액,전체_총소비,9134807250.0,8103757664.0,1031049586.0,12.72,0.156
11590640,사당3동,동작구,지출_총금액,전체_총소비,2996795000.0,2891439251.0,105355749.0,3.64,0.046
11590650,사당4동,동작구,지출_총금액,전체_총소비,2366439750.0,2527588939.0,-161149189.0,-6.38,-0.086
11590651,사당5동,동작구,지출_총금액,전체_총소비,933393250.0,1481803882.0,-548410632.0,-37.01,-0.6
11590660,대방동,동작구,지출_총금액,전체_총소비,6717771000.0,12629356757.0,-5911585757.0,-46.81,-0.82
11590670,신대방1동,동작구,지출_총금액,전체_총소비,3465138250.0,3407833313.0,57304937.0,1.68,0.022
11590680,신대방2동,동작구,지출_총금액,전체_총소비,90739833250.0,9837274827.0,80902558423.0,822.41,2.885
11620525,보라매동,관악구,지출_총금액,전체_총소비,13689772750.0,2455017179.0,11234755571.0,457.62,2.231
11620545,청림동,관악구,지출_총금액,전체_총소비,1157666000.0,1265333087.0,-107667087.0,-8.51,-0.115
11620565,성현동,관악구,지출_총금액,전체_총소비,1482555000.0,2189288270.0,-706733270.0,-32.28,-0.506
11620575,행운동,관악구,지출_총금액,전체_총소비,6225734250.0,6299309938.0,-73575688.0,-1.17,-0.015
11620585,낙성대동,관악구,지출_총금액,전체_총소비,8973104500.0,8411993630.0,561110870.0,6.67,0.084
11620595,청룡동,관악구,지출_총금액,전체_총소비,8785066500.0,13650823725.0,-4865757225.0,-35.64,-0.572
11620605,은천동,관악구,지출_총금액,전체_총소비,6476273500.0,2993042458.0,3483231042.0,116.38,1.002
11620615,중앙동,관악구,지출_총금액,전체_총소비,5748066250.0,4863854988.0,884211262.0,18.18,0.217
11620625,인헌동,관악구,지출_총금액,전체_총소비,4167052750.0,6459105204.0,-2292052454.0,-35.49,-0.569
11620630,남현동,관악구,지출_총금액,전체_총소비,6116749250.0,3573128005.0,2543621245.0,71.19,0.698
11620645,서원동,관악구,지출_총금액,전체_총소비,12877976250.0,3442902042.0,9435074208.0,274.04,1.713
11620655,신원동,관악구,지출_총금액,전체_총소비,2094468500.0,2033740122.0,60728378.0,2.99,0.038
11620665,서림동,관악구,지출_총금액,전체_총소비,2440969750.0,1776953916.0,664015834.0,37.37,0.412
11620685,신사동,관악구,지출_총금액,전체_총소비,3717317750.0,4452090862.0,-734773112.0,-16.5,-0.234
11620695,신림동,관악구,지출_총금액,전체_총소비,8990413750.0,8970547962.0,19865788.0,0.22,0.003
11620715,난향동,관악구,지출_총금액,전체_총소비,709280500.0,1038227321.0,-328946821.0,-31.68,-0.495
11620725,조원동,관악구,지출_총금액,전체_총소비,6929023000.0,4322463535.0,2606559465.0,60.3,0.613
11620735,대학동,관악구,지출_총금액,전체_총소비,7079716000.0,11720206622.0,-4640490622.0,-39.59,-0.654
11620745,삼성동,관악구,지출_총금액,전체_총소비,1857752500.0,2471647055.0,-613894555.0,-24.84,-0.371
11620765,미성동,관악구,지출_총금액,전체_총소비,3704530750.0,5745266519.0,-2040735769.0,-35.52,-0.57
11620775,난곡동,관악구,지출_총금액,전체_총소비,2780029750.0,3132836103.0,-352806353.0,-11.26,-0.155
11650510,서초1동,서초구,지출_총금액,전체_총소비,10837663000.0,25314431548.0,-14476768548.0,-57.19,-1.101
11650520,서초2동,서초구,지출_총금액,전체_총소비,173985827500.0,42359296431.0,131626531069.0,310.74,1.834
11650530,서초3동,서초구,지출_총금액,전체_총소비,214675097750.0,68513011943.0,146162085807.0,213.33,1.483
11650531,서초4동,서초구,지출_총금액,전체_총소비,33974203250.0,34324964658.0,-350761408.0,-1.02,-0.013
11650540,잠원동,서초구,지출_총금액,전체_총소비,9543454250.0,15217003479.0,-5673549229.0,-37.28,-0.606
11650550,반포본동,서초구,지출_총금액,전체_총소비,428839250.0,4115709015.0,-3686869765.0,-89.58,-2.936
11650560,반포1동,서초구,지출_총금액,전체_총소비,8847169500.0,12437482273.0,-3590312773.0,-28.87,-0.442
11650570,반포2동,서초구,지출_총금액,전체_총소비,2000837500.0,4363113590.0,-2362276090.0,-54.14,-1.012
11650580,반포3동,서초구,지출_총금액,전체_총소비,5271135500.0,8178514512.0,-2907379012.0,-35.55,-0.57
11650581,반포4동,서초구,지출_총금액,전체_총소비,29951960000.0,19458704892.0,10493255108.0,53.93,0.56
11650590,방배본동,서초구,지출_총금액,전체_총소비,19375456000.0,10326200326.0,9049255674.0,87.63,0.817
11650600,방배1동,서초구,지출_총금액,전체_총소비,6531537500.0,8368207206.0,-1836669706.0,-21.95,-0.322
11650610,방배2동,서초구,지출_총금액,전체_총소비,80463568000.0,5966515809.0,74497052191.0,1248.59,3.378
11650620,방배3동,서초구,지출_총금액,전체_총소비,4509257500.0,6891634019.0,-2382376519.0,-34.57,-0.551
11650621,방배4동,서초구,지출_총금액,전체_총소비,6605344750.0,16478928803.0,-9873584053.0,-59.92,-1.187
11650651,양재1동,서초구,지출_총금액,전체_총소비,10705756500.0,27930996656.0,-17225240156.0,-61.67,-1.245
11650652,양재2동,서초구,지출_총금액,전체_총소비,10159962750.0,20517600291.0,-10357637541.0,-50.48,-0.913
11650660,내곡동,서초구,지출_총금액,전체_총소비,2887232500.0,3680892858.0,-793660358.0,-21.56,-0.315
11680510,신사동,강남구,지출_총금액,전체_총소비,38285137000.0,45030264232.0,-6745127232.0,-14.98,-0.211
11680521,논현1동,강남구,지출_총금액,전체_총소비,39603820750.0,52390982516.0,-12787161766.0,-24.41,-0.363
11680531,논현2동,강남구,지출_총금액,전체_총소비,25363885500.0,47894206097.0,-22530320597.0,-47.04,-0.825
11680545,압구정동,강남구,지출_총금액,전체_총소비,39323780000.0,67957756157.0,-28633976157.0,-42.13,-0.71
11680565,청담동,강남구,지출_총금액,전체_총소비,29891652750.0,58794920462.0,-28903267712.0,-49.16,-0.878
11680580,삼성1동,강남구,지출_총금액,전체_총소비,35944874250.0,48460190586.0,-12515316336.0,-25.83,-0.388
11680590,삼성2동,강남구,지출_총금액,전체_총소비,15714014500.0,25428373851.0,-9714359351.0,-38.2,-0.625
11680600,대치1동,강남구,지출_총금액,전체_총소비,11424314500.0,15355888943.0,-3931574443.0,-25.6,-0.384
11680610,대치2동,강남구,지출_총금액,전체_총소비,25162143000.0,42143627664.0,-16981484664.0,-40.29,-0.67
11680630,대치4동,강남구,지출_총금액,전체_총소비,187605671250.0,27591859775.0,160013811475.0,579.93,2.489
11680640,역삼1동,강남구,지출_총금액,전체_총소비,1334302837000.0,184877997733.0,1149424839267.0,621.72,2.566
11680650,역삼2동,강남구,지출_총금액,전체_총소비,695465866750.0,33932268699.0,661533598051.0,1949.57,3.921
11680655,도곡1동,강남구,지출_총금액,전체_총소비,34733474250.0,21926228276.0,12807245974.0,58.41,0.597
11680656,도곡2동,강남구,지출_총금액,전체_총소비,73175180500.0,21303492702.0,51871687798.0,243.49,1.602
11680660,개포1동,강남구,지출_총금액,전체_총소비,381973500.0,1714599580.0,-1332626080.0,-77.72,-1.95
11680670,개포2동,강남구,지출_총금액,전체_총소비,2356962250.0,5805810512.0,-3448848262.0,-59.4,-1.17
11680690,개포4동,강남구,지출_총금액,전체_총소비,3470632750.0,6027686101.0,-2557053351.0,-42.42,-0.717
11680700,세곡동,강남구,지출_총금액,전체_총소비,5648855750.0,3716697262.0,1932158488.0,51.99,0.544
11680720,일원본동,강남구,지출_총금액,전체_총소비,4878761250.0,2195445484.0,2683315766.0,122.22,1.037
11680730,일원1동,강남구,지출_총금액,전체_총소비,2589582500.0,2768311293.0,-178728793.0,-6.46,-0.087
11680740,일원2동,강남구,지출_총금액,전체_총소비,1274709500.0,1023612414.0,251097086.0,24.53,0.285
11680750,수서동,강남구,지출_총금액,전체_총소비,143281103500.0,6376873459.0,136904230041.0,2146.89,4.041
11710510,풍납1동,송파구,지출_총금액,전체_총소비,1624801500.0,1665772980.0,-40971480.0,-2.46,-0.032
11710520,풍납2동,송파구,지출_총금액,전체_총소비,5307911250.0,7112570465.0,-1804659215.0,-25.37,-0.38
11710531,거여1동,송파구,지출_총금액,전체_총소비,1844726750.0,1583508180.0,261218570.0,16.5,0.198
11710532,거여2동,송파구,지출_총금액,전체_총소비,3289898500.0,4141741981.0,-851843481.0,-20.57,-0.299
11710540,마천1동,송파구,지출_총금액,전체_총소비,1366982250.0,2261058916.0,-894076666.0,-39.54,-0.653
11710550,마천2동,송파구,지출_총금액,전체_총소비,3854190250.0,4557198361.0,-703008111.0,-15.43,-0.218
11710561,방이1동,송파구,지출_총금액,전체_총소비,5647215500.0,3646572516.0,2000642984.0,54.86,0.568
11710562,방이2동,송파구,지출_총금액,전체_총소비,146276318000.0,15706188659.0,130570129341.0,831.33,2.897
11710566,오륜동,송파구,지출_총금액,전체_총소비,2493445500.0,4911888346.0,-2418442846.0,-49.24,-0.88
11710570,오금동,송파구,지출_총금액,전체_총소비,6694243250.0,12683443011.0,-5989199761.0,-47.22,-0.83
11710580,송파1동,송파구,지출_총금액,전체_총소비,9500487750.0,8487788073.0,1012699677.0,11.93,0.146
11710590,송파2동,송파구,지출_총금액,전체_총소비,3103971750.0,3608860459.0,-504888709.0,-13.99,-0.196
11710600,석촌동,송파구,지출_총금액,전체_총소비,11098012250.0,14260475331.0,-3162463081.0,-22.18,-0.326
11710610,삼전동,송파구,지출_총금액,전체_총소비,7514172750.0,6364497382.0,1149675368.0,18.06,0.216
11710620,가락본동,송파구,지출_총금액,전체_총소비,9498381250.0,19399128946.0,-9900747696.0,-51.04,-0.927
11710631,가락1동,송파구,지출_총금액,전체_총소비,6401264000.0,4863262572.0,1538001428.0,31.62,0.357
11710632,가락2동,송파구,지출_총금액,전체_총소비,6173321250.0,10897709604.0,-4724388354.0,-43.35,-0.738
11710641,문정1동,송파구,지출_총금액,전체_총소비,3538175000.0,3729370480.0,-191195480.0,-5.13,-0.068
11710642,문정2동,송파구,지출_총금액,전체_총소비,21878650250.0,21601933889.0,276716361.0,1.28,0.017
11710646,장지동,송파구,지출_총금액,전체_총소비,3684000250.0,7483097951.0,-3799097701.0,-50.77,-0.92
11710647,위례동,송파구,지출_총금액,전체_총소비,4272879250.0,871085699.0,3401793551.0,390.52,2.065
11710650,잠실본동,송파구,지출_총금액,전체_총소비,18287796000.0,21107374947.0,-2819578947.0,-13.36,-0.186
11710670,잠실2동,송파구,지출_총금액,전체_총소비,3569480000.0,7089172944.0,-3519692944.0,-49.65,-0.891
11710680,잠실3동,송파구,지출_총금액,전체_총소비,9187960500.0,12082180018.0,-2894219518.0,-23.95,-0.356
11710690,잠실4동,송파구,지출_총금액,전체_총소비,1758754000.0,4601506831.0,-2842752831.0,-61.78,-1.249
11710710,잠실6동,송파구,지출_총금액,전체_총소비,38860033000.0,25403580506.0,13456452494.0,52.97,0.552
11710720,잠실7동,송파구,지출_총금액,전체_총소비,467015750.0,650747732.0,-183731982.0,-28.23,-0.431
11740515,강일동,강동구,지출_총금액,전체_총소비,3405513000.0,4515585340.0,-1110072340.0,-24.58,-0.366
11740520,상일동,강동구,지출_총금액,전체_총소비,3521577250.0,3598097433.0,-76520183.0,-2.13,-0.028
11740530,명일1동,강동구,지출_총금액,전체_총소비,7202034500.0,10182926074.0,-2980891574.0,-29.27,-0.45
11740540,명일2동,강동구,지출_총금액,전체_총소비,7069911500.0,6812609350.0,257302150.0,3.78,0.048
11740550,고덕1동,강동구,지출_총금액,전체_총소비,1764856000.0,2005899114.0,-241043114.0,-12.02,-0.166
11740560,고덕2동,강동구,지출_총금액,전체_총소비,2931695750.0,2441989588.0,489706162.0,20.05,0.237
11740570,암사1동,강동구,지출_총금액,전체_총소비,6634106500.0,4020757323.0,2613349177.0,65.0,0.65
11740580,암사2동,강동구,지출_총금액,전체_총소비,2754903250.0,3307045279.0,-552142029.0,-16.7,-0.237
11740590,암사3동,강동구,지출_총금액,전체_총소비,1704954750.0,605929858.0,1099024892.0,181.38,1.343
11740600,천호1동,강동구,지출_총금액,전체_총소비,3269693500.0,4502708089.0,-1233014589.0,-27.38,-0.415
11740610,천호2동,강동구,지출_총금액,전체_총소비,64433565500.0,12372418701.0,52061146799.0,420.78,2.143
11740620,천호3동,강동구,지출_총금액,전체_총소비,6277767250.0,6342516829.0,-64749579.0,-1.02,-0.013
11740640,성내1동,강동구,지출_총금액,전체_총소비,6103718250.0,7675074372.0,-1571356122.0,-20.47,-0.297
11740650,성내2동,강동구,지출_총금액,전체_총소비,7241474750.0,7076842483.0,164632267.0,2.33,0.03
11740660,성내3동,강동구,지출_총금액,전체_총소비,7995337000.0,9626543001.0,-1631206001.0,-16.94,-0.241
11740685,길동,강동구,지출_총금액,전체_총소비,12829243500.0,29134307738.0,-16305064238.0,-55.97,-1.065
11740690,둔촌1동,강동구,지출_총금액,전체_총소비,20877750.0,31651646.0,-10773896.0,-34.04,-0.54
11740700,둔촌2동,강동구,지출_총금액,전체_총소비,4332535500.0,8136841375.0,-3804305875.0,-46.75,-0.818
11110515,청운효자동,종로구,음식_지출_총금액,외식_식음료,1137621500.0,989168152.0,148453348.0,15.01,0.242
11110530,사직동,종로구,음식_지출_총금액,외식_식음료,6989183750.0,4379804319.0,2609379431.0,59.58,0.808
11110540,삼청동,종로구,음식_지출_총금액,외식_식음료,1823254000.0,415228204.0,1408025796.0,339.1,2.559
11110550,부암동,종로구,음식_지출_총금액,외식_식음료,700429250.0,338442419.0,361986831.0,106.96,1.258
11110560,평창동,종로구,음식_지출_총금액,외식_식음료,934177750.0,699329228.0,234848522.0,33.58,0.501
11110570,무악동,종로구,음식_지출_총금액,외식_식음료,164791750.0,292390764.0,-127599014.0,-43.64,-0.992
11110580,교남동,종로구,음식_지출_총금액,외식_식음료,392070000.0,657815961.0,-265745961.0,-40.4,-0.895
11110600,가회동,종로구,음식_지출_총금액,외식_식음료,1608036250.0,472105614.0,1135930636.0,240.61,2.12
11110615,종로1?2?3?4가동,종로구,음식_지출_총금액,외식_식음료,20616087500.0,19178318261.0,1437769239.0,7.5,0.125
11110630,종로5?6가동,종로구,음식_지출_총금액,외식_식음료,2907139750.0,3724586361.0,-817446611.0,-21.95,-0.429
11110640,이화동,종로구,음식_지출_총금액,외식_식음료,2945570000.0,1255594362.0,1689975638.0,134.6,1.475
11110650,혜화동,종로구,음식_지출_총금액,외식_식음료,4558672500.0,2110031996.0,2448640504.0,116.05,1.332
11110670,창신1동,종로구,음식_지출_총금액,외식_식음료,830353500.0,1147716701.0,-317363201.0,-27.65,-0.56
11110680,창신2동,종로구,음식_지출_총금액,외식_식음료,483398000.0,500296723.0,-16898723.0,-3.38,-0.059
11110690,창신3동,종로구,음식_지출_총금액,외식_식음료,49641750.0,86786041.0,-37144291.0,-42.8,-0.966
11110700,숭인1동,종로구,음식_지출_총금액,외식_식음료,212266250.0,234846728.0,-22580478.0,-9.61,-0.175
11110710,숭인2동,종로구,음식_지출_총금액,외식_식음료,808494500.0,1256374313.0,-447879813.0,-35.65,-0.762
11140520,소공동,중구,음식_지출_총금액,외식_식음료,4633297250.0,4839536610.0,-206239360.0,-4.26,-0.075
11140540,회현동,중구,음식_지출_총금액,외식_식음료,3292788250.0,4696815566.0,-1404027316.0,-29.89,-0.614
11140550,명동,중구,음식_지출_총금액,외식_식음료,9354881000.0,18157260934.0,-8802379934.0,-48.48,-1.147
11140570,필동,중구,음식_지출_총금액,외식_식음료,2931033500.0,2104419635.0,826613865.0,39.28,0.573
11140580,장충동,중구,음식_지출_총금액,외식_식음료,1301274500.0,601986168.0,699288332.0,116.16,1.333
11140590,광희동,중구,음식_지출_총금액,외식_식음료,2469541250.0,5376268433.0,-2906727183.0,-54.07,-1.345
11140605,을지로동,중구,음식_지출_총금액,외식_식음료,5111128250.0,2948695667.0,2162432583.0,73.34,0.951
11140615,신당동,중구,음식_지출_총금액,외식_식음료,2191784000.0,1830400912.0,361383088.0,19.74,0.312
11140625,다산동,중구,음식_지출_총금액,외식_식음료,1525956500.0,1383415413.0,142541087.0,10.3,0.17
11140635,약수동,중구,음식_지출_총금액,외식_식음료,695288750.0,809471342.0,-114182592.0,-14.11,-0.263
11140645,청구동,중구,음식_지출_총금액,외식_식음료,353590250.0,289726026.0,63864224.0,22.04,0.345
11140650,신당5동,중구,음식_지출_총금액,외식_식음료,1198358750.0,515258953.0,683099797.0,132.57,1.46
11140665,동화동,중구,음식_지출_총금액,외식_식음료,439495750.0,540930506.0,-101434756.0,-18.75,-0.359
11140670,황학동,중구,음식_지출_총금액,외식_식음료,1451950750.0,1214401945.0,237548805.0,19.56,0.309
11140680,중림동,중구,음식_지출_총금액,외식_식음료,1054730000.0,592744371.0,461985629.0,77.94,0.997
11170510,후암동,용산구,음식_지출_총금액,외식_식음료,771581000.0,655134766.0,116446234.0,17.77,0.283
11170520,용산2가동,용산구,음식_지출_총금액,외식_식음료,1559525250.0,406751337.0,1152773913.0,283.41,2.324
11170530,남영동,용산구,음식_지출_총금액,외식_식음료,3617457250.0,1565716215.0,2051741035.0,131.04,1.448
11170555,청파동,용산구,음식_지출_총금액,외식_식음료,1452500250.0,1308595545.0,143904705.0,11.0,0.18
11170560,원효로1동,용산구,음식_지출_총금액,외식_식음료,1139036000.0,885513348.0,253522652.0,28.63,0.435
11170570,원효로2동,용산구,음식_지출_총금액,외식_식음료,271169500.0,585374004.0,-314204504.0,-53.68,-1.331
11170580,효창동,용산구,음식_지출_총금액,외식_식음료,197413000.0,495764963.0,-298351963.0,-60.18,-1.593
11170590,용문동,용산구,음식_지출_총금액,외식_식음료,475675250.0,274043131.0,201632119.0,73.58,0.954
11170625,한강로동,용산구,음식_지출_총금액,외식_식음료,14195352250.0,5728800908.0,8466551342.0,147.79,1.569
11170630,이촌1동,용산구,음식_지출_총금액,외식_식음료,848147750.0,1863758687.0,-1015610937.0,-54.49,-1.362
11170640,이촌2동,용산구,음식_지출_총금액,외식_식음료,100160750.0,162578661.0,-62417911.0,-38.39,-0.838
11170650,이태원1동,용산구,음식_지출_총금액,외식_식음료,5549606000.0,973441738.0,4576164262.0,470.1,3.01
11170660,이태원2동,용산구,음식_지출_총금액,외식_식음료,757123500.0,552935189.0,204188311.0,36.93,0.544
11170685,한남동,용산구,음식_지출_총금액,외식_식음료,4249404500.0,3180252376.0,1069152124.0,33.62,0.501
11170690,서빙고동,용산구,음식_지출_총금액,외식_식음료,536718250.0,466079723.0,70638527.0,15.16,0.244
11170700,보광동,용산구,음식_지출_총금액,외식_식음료,281811000.0,395974513.0,-114163513.0,-28.83,-0.588
11200520,왕십리2동,성동구,음식_지출_총금액,외식_식음료,428386250.0,410093141.0,18293109.0,4.46,0.075
11200535,왕십리도선동,성동구,음식_지출_총금액,외식_식음료,2254687000.0,1909011831.0,345675169.0,18.11,0.288
11200540,마장동,성동구,음식_지출_총금액,외식_식음료,803267000.0,1395496550.0,-592229550.0,-42.44,-0.955
11200550,사근동,성동구,음식_지출_총금액,외식_식음료,2527512000.0,978496812.0,1549015188.0,158.31,1.641
11200560,행당1동,성동구,음식_지출_총금액,외식_식음료,2954828250.0,1420736506.0,1534091744.0,107.98,1.266
11200570,행당2동,성동구,음식_지출_총금액,외식_식음료,299531250.0,310361157.0,-10829907.0,-3.49,-0.061
11200580,응봉동,성동구,음식_지출_총금액,외식_식음료,109084000.0,237909551.0,-128825551.0,-54.15,-1.349
11200590,금호1가동,성동구,음식_지출_총금액,외식_식음료,231592000.0,386139277.0,-154547277.0,-40.02,-0.884
11200615,금호2?3가동,성동구,음식_지출_총금액,외식_식음료,728823500.0,780139582.0,-51316082.0,-6.58,-0.118
11200620,금호4가동,성동구,음식_지출_총금액,외식_식음료,460711750.0,542325217.0,-81613467.0,-15.05,-0.282
11200645,옥수동,성동구,음식_지출_총금액,외식_식음료,959243750.0,856627779.0,102615971.0,11.98,0.196
11200650,성수1가1동,성동구,음식_지출_총금액,외식_식음료,1164818500.0,675451980.0,489366520.0,72.45,0.942
11200660,성수1가2동,성동구,음식_지출_총금액,외식_식음료,3470988500.0,1555012733.0,1915975767.0,123.21,1.389
11200670,성수2가1동,성동구,음식_지출_총금액,외식_식음료,2712282000.0,1184323113.0,1527958887.0,129.02,1.433
11200690,성수2가3동,성동구,음식_지출_총금액,외식_식음료,5867835500.0,2786629354.0,3081206146.0,110.57,1.288
11200720,송정동,성동구,음식_지출_총금액,외식_식음료,120136000.0,274693086.0,-154557086.0,-56.27,-1.43
11200790,용답동,성동구,음식_지출_총금액,외식_식음료,1163747250.0,942158902.0,221588348.0,23.52,0.365
11215710,화양동,광진구,음식_지출_총금액,외식_식음료,8495914500.0,2450595604.0,6045318896.0,246.69,2.15
11215730,군자동,광진구,음식_지출_총금액,외식_식음료,2199636250.0,1542178411.0,657457839.0,42.63,0.614
11215740,중곡1동,광진구,음식_지출_총금액,외식_식음료,1131422000.0,510434582.0,620987418.0,121.66,1.377
11215750,중곡2동,광진구,음식_지출_총금액,외식_식음료,1301836750.0,1122462362.0,179374388.0,15.98,0.256
11215760,중곡3동,광진구,음식_지출_총금액,외식_식음료,470559500.0,622486246.0,-151926746.0,-24.41,-0.484
11215770,중곡4동,광진구,음식_지출_총금액,외식_식음료,1114653750.0,1059956225.0,54697525.0,5.16,0.087
11215780,능동,광진구,음식_지출_총금액,외식_식음료,1873468000.0,372237903.0,1501230097.0,403.3,2.795
11215810,광장동,광진구,음식_지출_총금액,외식_식음료,1287184750.0,2283948473.0,-996763723.0,-43.64,-0.992
11215820,자양1동,광진구,음식_지출_총금액,외식_식음료,1437490250.0,1819296113.0,-381805863.0,-20.99,-0.407
11215830,자양2동,광진구,음식_지출_총금액,외식_식음료,794488250.0,882739540.0,-88251290.0,-10.0,-0.182
11215840,자양3동,광진구,음식_지출_총금액,외식_식음료,1486774750.0,1295454170.0,191320580.0,14.77,0.238
11215847,자양4동,광진구,음식_지출_총금액,외식_식음료,3291766500.0,1264581114.0,2027185386.0,160.3,1.655
11215850,구의1동,광진구,음식_지출_총금액,외식_식음료,2040080250.0,1162720151.0,877360099.0,75.46,0.972
11215860,구의2동,광진구,음식_지출_총금액,외식_식음료,1563963500.0,1111541980.0,452421520.0,40.7,0.591
11215870,구의3동,광진구,음식_지출_총금액,외식_식음료,2192355000.0,1895806726.0,296548274.0,15.64,0.251
11230536,용신동,동대문구,음식_지출_총금액,외식_식음료,2687999750.0,5143895028.0,-2455895278.0,-47.74,-1.122
11230545,제기동,동대문구,음식_지출_총금액,외식_식음료,1922045750.0,4421794026.0,-2499748276.0,-56.53,-1.441
11230560,전농1동,동대문구,음식_지출_총금액,외식_식음료,1575635500.0,1411300693.0,164334807.0,11.64,0.19
11230570,전농2동,동대문구,음식_지출_총금액,외식_식음료,507311000.0,678393542.0,-171082542.0,-25.22,-0.503
11230600,답십리1동,동대문구,음식_지출_총금액,외식_식음료,1138605750.0,1458880967.0,-320275217.0,-21.95,-0.429
11230610,답십리2동,동대문구,음식_지출_총금액,외식_식음료,939062500.0,1217927069.0,-278864569.0,-22.9,-0.45
11230650,장안1동,동대문구,음식_지출_총금액,외식_식음료,3230397250.0,3427019697.0,-196622447.0,-5.74,-0.102
11230660,장안2동,동대문구,음식_지출_총금액,외식_식음료,2859380750.0,1719203401.0,1140177349.0,66.32,0.88
11230705,청량리동,동대문구,음식_지출_총금액,외식_식음료,1465184500.0,1652518510.0,-187334010.0,-11.34,-0.208
11230710,회기동,동대문구,음식_지출_총금액,외식_식음료,2084450500.0,799940386.0,1284510114.0,160.58,1.656
11230720,휘경1동,동대문구,음식_지출_총금액,외식_식음료,1050889750.0,732379302.0,318510448.0,43.49,0.625
11230730,휘경2동,동대문구,음식_지출_총금액,외식_식음료,348867000.0,592153940.0,-243286940.0,-41.09,-0.915
11230740,이문1동,동대문구,음식_지출_총금액,외식_식음료,1409068750.0,1691546545.0,-282477795.0,-16.7,-0.316
11230750,이문2동,동대문구,음식_지출_총금액,외식_식음료,283985750.0,351974207.0,-67988457.0,-19.32,-0.371
11260520,면목2동,중랑구,음식_지출_총금액,외식_식음료,546665000.0,650499410.0,-103834410.0,-15.96,-0.301
11260540,면목4동,중랑구,음식_지출_총금액,외식_식음료,202801750.0,434068812.0,-231267062.0,-53.28,-1.316
11260550,면목5동,중랑구,음식_지출_총금액,외식_식음료,181365500.0,300375656.0,-119010156.0,-39.62,-0.873
11260565,면목본동,중랑구,음식_지출_총금액,외식_식음료,1637598000.0,1629212887.0,8385113.0,0.51,0.009
11260570,면목7동,중랑구,음식_지출_총금액,외식_식음료,908940250.0,1025373643.0,-116433393.0,-11.36,-0.208
11260575,면목3?8동,중랑구,음식_지출_총금액,외식_식음료,1446240750.0,1240006296.0,206234454.0,16.63,0.266
11260580,상봉1동,중랑구,음식_지출_총금액,외식_식음료,1236079250.0,780123165.0,455956085.0,58.45,0.796
11260590,상봉2동,중랑구,음식_지출_총금액,외식_식음료,3494356250.0,1709573298.0,1784782952.0,104.4,1.236
11260600,중화1동,중랑구,음식_지출_총금액,외식_식음료,215107000.0,691515263.0,-476408263.0,-68.89,-2.02
11260610,중화2동,중랑구,음식_지출_총금액,외식_식음료,1415398500.0,1161945610.0,253452890.0,21.81,0.341
11260620,묵1동,중랑구,음식_지출_총금액,외식_식음료,1187564000.0,1241164555.0,-53600555.0,-4.32,-0.076
11260630,묵2동,중랑구,음식_지출_총금액,외식_식음료,1041936250.0,1023980186.0,17956064.0,1.75,0.03
11260655,망우본동,중랑구,음식_지출_총금액,외식_식음료,1653258250.0,2868358522.0,-1215100272.0,-42.36,-0.953
11260660,망우3동,중랑구,음식_지출_총금액,외식_식음료,329055000.0,420144290.0,-91089290.0,-21.68,-0.423
11260680,신내1동,중랑구,음식_지출_총금액,외식_식음료,1469486500.0,1238636912.0,230849588.0,18.64,0.296
11260690,신내2동,중랑구,음식_지출_총금액,외식_식음료,601295250.0,635571534.0,-34276284.0,-5.39,-0.096
11290525,성북동,성북구,음식_지출_총금액,외식_식음료,1358704750.0,1798693926.0,-439989176.0,-24.46,-0.485
11290555,삼선동,성북구,음식_지출_총금액,외식_식음료,2010786750.0,2293449315.0,-282662565.0,-12.32,-0.227
11290575,동선동,성북구,음식_지출_총금액,외식_식음료,3865538500.0,1996263340.0,1869275160.0,93.64,1.143
11290580,돈암1동,성북구,음식_지출_총금액,외식_식음료,236845250.0,182646449.0,54198801.0,29.67,0.449
11290590,돈암2동,성북구,음식_지출_총금액,외식_식음료,102691000.0,434445211.0,-331754211.0,-76.36,-2.495
11290600,안암동,성북구,음식_지출_총금액,외식_식음료,3029020500.0,2190129453.0,838891047.0,38.3,0.561
11290610,보문동,성북구,음식_지출_총금액,외식_식음료,672447750.0,1235513970.0,-563066220.0,-45.57,-1.052
11290620,정릉1동,성북구,음식_지출_총금액,외식_식음료,377447250.0,354414530.0,23032720.0,6.5,0.109
11290630,정릉2동,성북구,음식_지출_총금액,외식_식음료,694774000.0,891128700.0,-196354700.0,-22.03,-0.43
11290640,정릉3동,성북구,음식_지출_총금액,외식_식음료,804047500.0,569431019.0,234616481.0,41.2,0.597
11290650,정릉4동,성북구,음식_지출_총금액,외식_식음료,774642750.0,997987473.0,-223344723.0,-22.38,-0.438
11290660,길음1동,성북구,음식_지출_총금액,외식_식음료,807768250.0,1491394832.0,-683626582.0,-45.84,-1.061
11290685,길음2동,성북구,음식_지출_총금액,외식_식음료,855741500.0,563986736.0,291754764.0,51.73,0.721
11290705,종암동,성북구,음식_지출_총금액,외식_식음료,1628892750.0,2348818723.0,-719925973.0,-30.65,-0.633
11290715,월곡1동,성북구,음식_지출_총금액,외식_식음료,537909250.0,1169020091.0,-631110841.0,-53.99,-1.342
11290725,월곡2동,성북구,음식_지출_총금액,외식_식음료,1666809750.0,1683610871.0,-16801121.0,-1.0,-0.017
11290760,장위1동,성북구,음식_지출_총금액,외식_식음료,430805000.0,665313132.0,-234508132.0,-35.25,-0.752
11290770,장위2동,성북구,음식_지출_총금액,외식_식음료,467583500.0,768204509.0,-300621009.0,-39.13,-0.859
11290780,장위3동,성북구,음식_지출_총금액,외식_식음료,329903750.0,326049843.0,3853907.0,1.18,0.02
11290810,석관동,성북구,음식_지출_총금액,외식_식음료,1958055250.0,1933875411.0,24179839.0,1.25,0.021
11305534,삼양동,강북구,음식_지출_총금액,외식_식음료,307755000.0,1207049724.0,-899294724.0,-74.5,-2.364
11305535,미아동,강북구,음식_지출_총금액,외식_식음료,1412344750.0,1425941560.0,-13596810.0,-0.95,-0.017
11305545,송중동,강북구,음식_지출_총금액,외식_식음료,2581159000.0,1562267892.0,1018891108.0,65.22,0.868
11305555,송천동,강북구,음식_지출_총금액,외식_식음료,1296288000.0,2055228554.0,-758940554.0,-36.93,-0.797
11305575,삼각산동,강북구,음식_지출_총금액,외식_식음료,603369000.0,486445172.0,116923828.0,24.04,0.373
11305595,번1동,강북구,음식_지출_총금액,외식_식음료,1766646250.0,1373455778.0,393190472.0,28.63,0.435
11305603,번2동,강북구,음식_지출_총금액,외식_식음료,127323000.0,366044410.0,-238721410.0,-65.22,-1.826
11305608,번3동,강북구,음식_지출_총금액,외식_식음료,422360000.0,453437751.0,-31077751.0,-6.85,-0.123
11305615,수유1동,강북구,음식_지출_총금액,외식_식음료,852260750.0,1224807633.0,-372546883.0,-30.42,-0.627
11305625,수유2동,강북구,음식_지출_총금액,외식_식음료,697260250.0,631698121.0,65562129.0,10.38,0.171
11305635,수유3동,강북구,음식_지출_총금액,외식_식음료,4349001750.0,2315923006.0,2033078744.0,87.79,1.09
11305645,우이동,강북구,음식_지출_총금액,외식_식음료,1601739750.0,777286989.0,824452761.0,106.07,1.25
11305660,인수동,강북구,음식_지출_총금액,외식_식음료,630324500.0,1695139121.0,-1064814621.0,-62.82,-1.711
11320511,창1동,도봉구,음식_지출_총금액,외식_식음료,1098525250.0,653610024.0,444915226.0,68.07,0.898
11320512,창2동,도봉구,음식_지출_총금액,외식_식음료,634786500.0,667402080.0,-32615580.0,-4.89,-0.087
11320513,창3동,도봉구,음식_지출_총금액,외식_식음료,468331250.0,333125422.0,135205828.0,40.59,0.589
11320514,창4동,도봉구,음식_지출_총금액,외식_식음료,1208000500.0,917620593.0,290379907.0,31.64,0.475
11320515,창5동,도봉구,음식_지출_총금액,외식_식음료,1509711000.0,1160246070.0,349464930.0,30.12,0.455
11320521,도봉1동,도봉구,음식_지출_총금액,외식_식음료,1439069500.0,897531018.0,541538482.0,60.34,0.816
11320522,도봉2동,도봉구,음식_지출_총금액,외식_식음료,561766750.0,776731437.0,-214964687.0,-27.68,-0.56
11320660,쌍문1동,도봉구,음식_지출_총금액,외식_식음료,381283000.0,693020129.0,-311737129.0,-44.98,-1.033
11320670,쌍문2동,도봉구,음식_지출_총금액,외식_식음료,1117947250.0,638458854.0,479488396.0,75.1,0.969
11320680,쌍문3동,도봉구,음식_지출_총금액,외식_식음료,1011362500.0,862964394.0,148398106.0,17.2,0.274
11320681,쌍문4동,도봉구,음식_지출_총금액,외식_식음료,193079000.0,243089236.0,-50010236.0,-20.57,-0.398
11320690,방학1동,도봉구,음식_지출_총금액,외식_식음료,1986793000.0,1823625429.0,163167571.0,8.95,0.148
11320700,방학2동,도봉구,음식_지출_총금액,외식_식음료,439248250.0,295744361.0,143503889.0,48.52,0.684
11320710,방학3동,도봉구,음식_지출_총금액,외식_식음료,742512000.0,733363070.0,9148930.0,1.25,0.021
11350560,월계1동,노원구,음식_지출_총금액,외식_식음료,1775177250.0,980027129.0,795150121.0,81.14,1.027
11350570,월계2동,노원구,음식_지출_총금액,외식_식음료,306154250.0,358699099.0,-52544849.0,-14.65,-0.274
11350580,월계3동,노원구,음식_지출_총금액,외식_식음료,586441750.0,546285060.0,40156690.0,7.35,0.123
11350595,공릉1동,노원구,음식_지출_총금액,외식_식음료,3680098250.0,3003344354.0,676753896.0,22.53,0.351
11350600,공릉2동,노원구,음식_지출_총금액,외식_식음료,2166374250.0,2898916198.0,-732541948.0,-25.27,-0.504
11350611,하계1동,노원구,음식_지출_총금액,외식_식음료,1466780750.0,900302305.0,566478445.0,62.92,0.844
11350612,하계2동,노원구,음식_지출_총금액,외식_식음료,92804750.0,150766350.0,-57961600.0,-38.44,-0.839
11350619,중계본동,노원구,음식_지출_총금액,외식_식음료,875609500.0,778767992.0,96841508.0,12.44,0.203
11350621,중계1동,노원구,음식_지출_총금액,외식_식음료,834818000.0,729052245.0,105765755.0,14.51,0.234
11350624,중계4동,노원구,음식_지출_총금액,외식_식음료,1878634000.0,945573143.0,933060857.0,98.68,1.187
11350625,중계2?3동,노원구,음식_지출_총금액,외식_식음료,1134725750.0,935748544.0,198977206.0,21.26,0.333
11350630,상계1동,노원구,음식_지출_총금액,외식_식음료,3417968000.0,2017732113.0,1400235887.0,69.4,0.912
11350640,상계2동,노원구,음식_지출_총금액,외식_식음료,5862430750.0,1715598171.0,4146832579.0,241.71,2.125
11350665,상계3?4동,노원구,음식_지출_총금액,외식_식음료,314418250.0,1346384335.0,-1031966085.0,-76.65,-2.515
11350670,상계5동,노원구,음식_지출_총금액,외식_식음료,705352750.0,776976065.0,-71623315.0,-9.22,-0.167
11350695,상계6?7동,노원구,음식_지출_총금액,외식_식음료,2103701500.0,3425311673.0,-1321610173.0,-38.58,-0.843
11350700,상계8동,노원구,음식_지출_총금액,외식_식음료,344279500.0,424596822.0,-80317322.0,-18.92,-0.363
11350710,상계9동,노원구,음식_지출_총금액,외식_식음료,302444000.0,529986448.0,-227542448.0,-42.93,-0.97
11350720,상계10동,노원구,음식_지출_총금액,외식_식음료,137883000.0,214328248.0,-76445248.0,-35.67,-0.763
11380510,녹번동,은평구,음식_지출_총금액,외식_식음료,1635404500.0,1658460352.0,-23055852.0,-1.39,-0.024
11380520,불광1동,은평구,음식_지출_총금액,외식_식음료,1392399250.0,1822901852.0,-430502602.0,-23.62,-0.466
11380530,불광2동,은평구,음식_지출_총금액,외식_식음료,1139007500.0,885017314.0,253990186.0,28.7,0.436
11380551,갈현1동,은평구,음식_지출_총금액,외식_식음료,2157806750.0,1099101887.0,1058704863.0,96.32,1.167
11380552,갈현2동,은평구,음식_지출_총금액,외식_식음료,1734661750.0,1013026356.0,721635394.0,71.24,0.93
11380560,구산동,은평구,음식_지출_총금액,외식_식음료,426595000.0,743815870.0,-317220870.0,-42.65,-0.962
11380570,대조동,은평구,음식_지출_총금액,외식_식음료,2278199500.0,2934983537.0,-656784037.0,-22.38,-0.438
11380580,응암1동,은평구,음식_지출_총금액,외식_식음료,1559310250.0,1465422751.0,93887499.0,6.41,0.107
11380590,응암2동,은평구,음식_지출_총금액,외식_식음료,279411500.0,483427062.0,-204015562.0,-42.2,-0.948
11380600,응암3동,은평구,음식_지출_총금액,외식_식음료,2042401750.0,1428140112.0,614261638.0,43.01,0.619
11380625,역촌동,은평구,음식_지출_총금액,외식_식음료,1787833500.0,2271976326.0,-484142826.0,-21.31,-0.414
11380631,신사1동,은평구,음식_지출_총금액,외식_식음료,1204453250.0,660136360.0,544316890.0,82.46,1.04
11380632,신사2동,은평구,음식_지출_총금액,외식_식음료,265417500.0,351836027.0,-86418527.0,-24.56,-0.487
11380640,증산동,은평구,음식_지출_총금액,외식_식음료,380255750.0,502013171.0,-121757421.0,-24.25,-0.48
11380650,수색동,은평구,음식_지출_총금액,외식_식음료,225336500.0,355821201.0,-130484701.0,-36.67,-0.79
11380690,진관동,은평구,음식_지출_총금액,외식_식음료,3046307000.0,2381216270.0,665090730.0,27.93,0.426
11410520,천연동,서대문구,음식_지출_총금액,외식_식음료,741410500.0,643899370.0,97511130.0,15.14,0.244
11410555,북아현동,서대문구,음식_지출_총금액,외식_식음료,383066000.0,1384734791.0,-1001668791.0,-72.34,-2.222
11410565,충현동,서대문구,음식_지출_총금액,외식_식음료,1324243000.0,3091539604.0,-1767296604.0,-57.17,-1.466
11410585,신촌동,서대문구,음식_지출_총금액,외식_식음료,7958972000.0,5101118732.0,2857853268.0,56.02,0.769
11410615,연희동,서대문구,음식_지출_총금액,외식_식음료,2350218750.0,2827926672.0,-477707922.0,-16.89,-0.32
11410620,홍제1동,서대문구,음식_지출_총금액,외식_식음료,847156000.0,1111442574.0,-264286574.0,-23.78,-0.47
11410640,홍제3동,서대문구,음식_지출_총금액,외식_식음료,1016391250.0,885453436.0,130937814.0,14.79,0.239
11410655,홍제2동,서대문구,음식_지출_총금액,외식_식음료,341040750.0,256740733.0,84300017.0,32.83,0.491
11410660,홍은1동,서대문구,음식_지출_총금액,외식_식음료,307521250.0,526312904.0,-218791654.0,-41.57,-0.929
11410685,홍은2동,서대문구,음식_지출_총금액,외식_식음료,811255500.0,966744083.0,-155488583.0,-16.08,-0.303
11410690,남가좌1동,서대문구,음식_지출_총금액,외식_식음료,508865250.0,499174170.0,9691080.0,1.94,0.033
11410700,남가좌2동,서대문구,음식_지출_총금액,외식_식음료,1417623250.0,1202866860.0,214756390.0,17.85,0.284
11410710,북가좌1동,서대문구,음식_지출_총금액,외식_식음료,201687750.0,426146788.0,-224459038.0,-52.67,-1.294
11410720,북가좌2동,서대문구,음식_지출_총금액,외식_식음료,1161640000.0,1197837700.0,-36197700.0,-3.02,-0.053
11440555,아현동,마포구,음식_지출_총금액,외식_식음료,1369923750.0,2461418105.0,-1091494355.0,-44.34,-1.013
11440565,공덕동,마포구,음식_지출_총금액,외식_식음료,1761017250.0,3461717633.0,-1700700383.0,-49.13,-1.169
11440585,도화동,마포구,음식_지출_총금액,외식_식음료,3046424250.0,1668521370.0,1377902880.0,82.58,1.041
11440590,용강동,마포구,음식_지출_총금액,외식_식음료,2508979750.0,1489814304.0,1019165446.0,68.41,0.901
11440600,대흥동,마포구,음식_지출_총금액,외식_식음료,1371156500.0,2508219433.0,-1137062933.0,-45.33,-1.044
11440610,염리동,마포구,음식_지출_총금액,외식_식음료,1414363250.0,593374278.0,820988972.0,138.36,1.502
11440630,신수동,마포구,음식_지출_총금액,외식_식음료,693591750.0,665137829.0,28453921.0,4.28,0.072
11440655,서강동,마포구,음식_지출_총금액,외식_식음료,1920629000.0,1461961807.0,458667193.0,31.37,0.472
11440660,서교동,마포구,음식_지출_총금액,외식_식음료,20807796000.0,9634238350.0,11173557650.0,115.98,1.332
11440680,합정동,마포구,음식_지출_총금액,외식_식음료,4535663500.0,1144500787.0,3391162713.0,296.3,2.381
11440690,망원1동,마포구,음식_지출_총금액,외식_식음료,3301892000.0,1132579050.0,2169312950.0,191.54,1.851
11440700,망원2동,마포구,음식_지출_총금액,외식_식음료,1136398000.0,713349189.0,423048811.0,59.3,0.805
11440710,연남동,마포구,음식_지출_총금액,외식_식음료,4956612000.0,559794112.0,4396817888.0,785.43,3.772
11440720,성산1동,마포구,음식_지출_총금액,외식_식음료,1055083500.0,934200994.0,120882506.0,12.94,0.21
11440730,성산2동,마포구,음식_지출_총금액,외식_식음료,978736750.0,1430053135.0,-451316385.0,-31.56,-0.656
11440740,상암동,마포구,음식_지출_총금액,외식_식음료,3428303000.0,3358902698.0,69400302.0,2.07,0.035
11470510,목1동,양천구,음식_지출_총금액,외식_식음료,5063106000.0,3092949365.0,1970156635.0,63.7,0.852
11470520,목2동,양천구,음식_지출_총금액,외식_식음료,1264399250.0,1192104343.0,72294907.0,6.06,0.102
11470530,목3동,양천구,음식_지출_총금액,외식_식음료,1210534000.0,1334081815.0,-123547815.0,-9.26,-0.168
11470540,목4동,양천구,음식_지출_총금액,외식_식음료,1040341500.0,1006744249.0,33597251.0,3.34,0.057
11470550,목5동,양천구,음식_지출_총금액,외식_식음료,1268946750.0,1818932768.0,-549986018.0,-30.24,-0.623
11470560,신월1동,양천구,음식_지출_총금액,외식_식음료,799804500.0,877207794.0,-77403294.0,-8.82,-0.16
11470570,신월2동,양천구,음식_지출_총금액,외식_식음료,462778250.0,558979176.0,-96200926.0,-17.21,-0.327
11470580,신월3동,양천구,음식_지출_총금액,외식_식음료,303903500.0,586917586.0,-283014086.0,-48.22,-1.138
11470590,신월4동,양천구,음식_지출_총금액,외식_식음료,863378500.0,499965034.0,363413466.0,72.69,0.945
11470600,신월5동,양천구,음식_지출_총금액,외식_식음료,738673750.0,339753079.0,398920671.0,117.41,1.343
11470610,신월6동,양천구,음식_지출_총금액,외식_식음료,602619250.0,210393254.0,392225996.0,186.43,1.82
11470611,신월7동,양천구,음식_지출_총금액,외식_식음료,392527500.0,478418816.0,-85891316.0,-17.95,-0.342
11470620,신정1동,양천구,음식_지출_총금액,외식_식음료,1093170000.0,916726118.0,176443882.0,19.25,0.304
11470630,신정2동,양천구,음식_지출_총금액,외식_식음료,1021792750.0,726282935.0,295509815.0,40.69,0.59
11470640,신정3동,양천구,음식_지출_총금액,외식_식음료,701793500.0,1335969066.0,-634175566.0,-47.47,-1.113
11470650,신정4동,양천구,음식_지출_총금액,외식_식음료,2908672250.0,3425694868.0,-517022618.0,-15.09,-0.283
11470670,신정6동,양천구,음식_지출_총금액,외식_식음료,279194500.0,204540649.0,74653851.0,36.5,0.538
11470680,신정7동,양천구,음식_지출_총금액,외식_식음료,747170250.0,591430715.0,155739535.0,26.33,0.404
11500510,염창동,강서구,음식_지출_총금액,외식_식음료,1322750500.0,1712806886.0,-390056386.0,-22.77,-0.447
11500520,등촌1동,강서구,음식_지출_총금액,외식_식음료,1531295750.0,1228896490.0,302399260.0,24.61,0.38
11500530,등촌2동,강서구,음식_지출_총금액,외식_식음료,538582250.0,516190327.0,22391923.0,4.34,0.073
11500535,등촌3동,강서구,음식_지출_총금액,외식_식음료,2041851250.0,1959260509.0,82590741.0,4.22,0.071
11500540,화곡1동,강서구,음식_지출_총금액,외식_식음료,3239554000.0,3372806776.0,-133252776.0,-3.95,-0.07
11500550,화곡2동,강서구,음식_지출_총금액,외식_식음료,181037000.0,342634814.0,-161597814.0,-47.16,-1.103
11500560,화곡3동,강서구,음식_지출_총금액,외식_식음료,1484657500.0,924211710.0,560445790.0,60.64,0.82
11500570,화곡4동,강서구,음식_지출_총금액,외식_식음료,929068750.0,822290358.0,106778392.0,12.99,0.211
11500590,화곡본동,강서구,음식_지출_총금액,외식_식음료,1326091000.0,1026694891.0,299396109.0,29.16,0.443
11500591,화곡6동,강서구,음식_지출_총금액,외식_식음료,1836478500.0,1492367639.0,344110861.0,23.06,0.359
11500593,화곡8동,강서구,음식_지출_총금액,외식_식음료,1264323250.0,1162269559.0,102053691.0,8.78,0.146
11500603,가양1동,강서구,음식_지출_총금액,외식_식음료,10471536250.0,2861420104.0,7610116146.0,265.96,2.244
11500604,가양2동,강서구,음식_지출_총금액,외식_식음료,213962750.0,248547575.0,-34584825.0,-13.91,-0.259
11500605,가양3동,강서구,음식_지출_총금액,외식_식음료,70645750.0,206315432.0,-135669682.0,-65.76,-1.854
11500611,발산1동,강서구,음식_지출_총금액,외식_식음료,3022404000.0,2896448724.0,125955276.0,4.35,0.074
11500615,우장산동,강서구,음식_지출_총금액,외식_식음료,926904000.0,1776367736.0,-849463736.0,-47.82,-1.125
11500620,공항동,강서구,음식_지출_총금액,외식_식음료,1860231750.0,2641944308.0,-781712558.0,-29.59,-0.607
11500630,방화1동,강서구,음식_지출_총금액,외식_식음료,1612137750.0,2009878920.0,-397741170.0,-19.79,-0.381
11500640,방화2동,강서구,음식_지출_총금액,외식_식음료,1233339750.0,778757525.0,454582225.0,58.37,0.795
11500641,방화3동,강서구,음식_지출_총금액,외식_식음료,391205000.0,565814523.0,-174609523.0,-30.86,-0.638
11530510,신도림동,구로구,음식_지출_총금액,외식_식음료,2109344500.0,1970462132.0,138882368.0,7.05,0.118
11530520,구로1동,구로구,음식_지출_총금액,외식_식음료,335282500.0,183249896.0,152032604.0,82.96,1.045
11530530,구로2동,구로구,음식_지출_총금액,외식_식음료,1620568000.0,3740963617.0,-2120395617.0,-56.68,-1.447
11530540,구로3동,구로구,음식_지출_총금액,외식_식음료,5570053250.0,4319654910.0,1250398340.0,28.95,0.44
11530550,구로4동,구로구,음식_지출_총금액,외식_식음료,1415679750.0,1714556937.0,-298877187.0,-17.43,-0.331
11530560,구로5동,구로구,음식_지출_총금액,외식_식음료,3468415250.0,2026596360.0,1441818890.0,71.14,0.929
11530595,가리봉동,구로구,음식_지출_총금액,외식_식음료,329722000.0,463631734.0,-133909734.0,-28.88,-0.589
11530720,고척1동,구로구,음식_지출_총금액,외식_식음료,2205405500.0,1267246348.0,938159152.0,74.03,0.958
11530730,고척2동,구로구,음식_지출_총금액,외식_식음료,633651500.0,978987392.0,-345335892.0,-35.27,-0.752
11530740,개봉1동,구로구,음식_지출_총금액,외식_식음료,918730500.0,1649303399.0,-730572899.0,-44.3,-1.012
11530750,개봉2동,구로구,음식_지출_총금액,외식_식음료,938662750.0,1097850534.0,-159187784.0,-14.5,-0.271
11530760,개봉3동,구로구,음식_지출_총금액,외식_식음료,586768250.0,775117689.0,-188349439.0,-24.3,-0.481
11530770,오류1동,구로구,음식_지출_총금액,외식_식음료,930383250.0,1261991562.0,-331608312.0,-26.28,-0.527
11530780,오류2동,구로구,음식_지출_총금액,외식_식음료,755901750.0,1063590148.0,-307688398.0,-28.93,-0.591
11530790,수궁동,구로구,음식_지출_총금액,외식_식음료,371402500.0,599096612.0,-227694112.0,-38.01,-0.827
11530800,항동,구로구,음식_지출_총금액,외식_식음료,226160750.0,77081061.0,149079689.0,193.41,1.862
11545510,가산동,금천구,음식_지출_총금액,외식_식음료,5909923750.0,5529903135.0,380020615.0,6.87,0.115
11545610,독산1동,금천구,음식_지출_총금액,외식_식음료,1811164750.0,2172595562.0,-361430812.0,-16.64,-0.315
11545620,독산2동,금천구,음식_지출_총금액,외식_식음료,569370250.0,582220321.0,-12850071.0,-2.21,-0.039
11545630,독산3동,금천구,음식_지출_총금액,외식_식음료,837786000.0,1177720664.0,-339934664.0,-28.86,-0.589
11545640,독산4동,금천구,음식_지출_총금액,외식_식음료,593972000.0,571122184.0,22849816.0,4.0,0.068
11545670,시흥1동,금천구,음식_지출_총금액,외식_식음료,2701721250.0,2413235655.0,288485595.0,11.95,0.195
11545680,시흥2동,금천구,음식_지출_총금액,외식_식음료,58126750.0,265272784.0,-207146034.0,-78.09,-2.626
11545690,시흥3동,금천구,음식_지출_총금액,외식_식음료,303819000.0,422031664.0,-118212664.0,-28.01,-0.568
11545700,시흥4동,금천구,음식_지출_총금액,외식_식음료,151079250.0,375763569.0,-224684319.0,-59.79,-1.576
11545710,시흥5동,금천구,음식_지출_총금액,외식_식음료,492809750.0,508810819.0,-16001069.0,-3.14,-0.055
11560515,영등포본동,영등포구,음식_지출_총금액,외식_식음료,880549750.0,780891675.0,99658075.0,12.76,0.208
11560535,영등포동,영등포구,음식_지출_총금액,외식_식음료,9449094250.0,7077900145.0,2371194105.0,33.5,0.5
11560540,여의동,영등포구,음식_지출_총금액,외식_식음료,14308899250.0,15682692032.0,-1373792782.0,-8.76,-0.159
11560550,당산1동,영등포구,음식_지출_총금액,외식_식음료,2567924000.0,2044890401.0,523033599.0,25.58,0.394
11560560,당산2동,영등포구,음식_지출_총금액,외식_식음료,3143127500.0,2740279583.0,402847917.0,14.7,0.237
11560585,도림동,영등포구,음식_지출_총금액,외식_식음료,608192750.0,379445846.0,228746904.0,60.28,0.816
11560605,문래동,영등포구,음식_지출_총금액,외식_식음료,4600730000.0,3766992787.0,833737213.0,22.13,0.346
11560610,양평1동,영등포구,음식_지출_총금액,외식_식음료,1287645750.0,1148850088.0,138795662.0,12.08,0.197
11560620,양평2동,영등포구,음식_지출_총금액,외식_식음료,1935753250.0,1884391932.0,51361318.0,2.73,0.047
11560630,신길1동,영등포구,음식_지출_총금액,외식_식음료,816219250.0,868696935.0,-52477685.0,-6.04,-0.108
11560650,신길3동,영등포구,음식_지출_총금액,외식_식음료,653675500.0,946080885.0,-292405385.0,-30.91,-0.639
11560660,신길4동,영등포구,음식_지출_총금액,외식_식음료,187035250.0,281588783.0,-94553533.0,-33.58,-0.708
11560670,신길5동,영등포구,음식_지출_총금액,외식_식음료,420135500.0,275283524.0,144851976.0,52.62,0.731
11560680,신길6동,영등포구,음식_지출_총금액,외식_식음료,1213297750.0,999701713.0,213596037.0,21.37,0.335
11560690,신길7동,영등포구,음식_지출_총금액,외식_식음료,420587250.0,533742217.0,-113154967.0,-21.2,-0.412
11560700,대림1동,영등포구,음식_지출_총금액,외식_식음료,693519250.0,898203619.0,-204684369.0,-22.79,-0.447
11560710,대림2동,영등포구,음식_지출_총금액,외식_식음료,1598854750.0,1029654238.0,569200512.0,55.28,0.761
11560720,대림3동,영등포구,음식_지출_총금액,외식_식음료,1802541000.0,1645473099.0,157067901.0,9.55,0.158
11590510,노량진1동,동작구,음식_지출_총금액,외식_식음료,2324608250.0,1700721291.0,623886959.0,36.68,0.54
11590520,노량진2동,동작구,음식_지출_총금액,외식_식음료,1656895000.0,826790125.0,830104875.0,100.4,1.202
11590530,상도1동,동작구,음식_지출_총금액,외식_식음료,2455192500.0,2199629436.0,255563064.0,11.62,0.19
11590540,상도2동,동작구,음식_지출_총금액,외식_식음료,1008625500.0,1120133331.0,-111507831.0,-9.95,-0.181
11590550,상도3동,동작구,음식_지출_총금액,외식_식음료,951727250.0,782960011.0,168767239.0,21.56,0.338
11590560,상도4동,동작구,음식_지출_총금액,외식_식음료,644968500.0,757364534.0,-112396034.0,-14.84,-0.278
11590605,흑석동,동작구,음식_지출_총금액,외식_식음료,1985294250.0,1340705321.0,644588929.0,48.08,0.679
11590620,사당1동,동작구,음식_지출_총금액,외식_식음료,4283983250.0,2103549934.0,2180433316.0,103.65,1.23
11590630,사당2동,동작구,음식_지출_총금액,외식_식음료,2976564000.0,1801896731.0,1174667269.0,65.19,0.868
11590640,사당3동,동작구,음식_지출_총금액,외식_식음료,809369750.0,653078634.0,156291116.0,23.93,0.371
11590650,사당4동,동작구,음식_지출_총금액,외식_식음료,360453500.0,664771272.0,-304317772.0,-45.78,-1.059
11590651,사당5동,동작구,음식_지출_총금액,외식_식음료,332539750.0,327900423.0,4639327.0,1.41,0.024
11590660,대방동,동작구,음식_지출_총금액,외식_식음료,1518712000.0,2330761607.0,-812049607.0,-34.84,-0.741
11590670,신대방1동,동작구,음식_지출_총금액,외식_식음료,934398000.0,722558268.0,211839732.0,29.32,0.445
11590680,신대방2동,동작구,음식_지출_총금액,외식_식음료,2191868000.0,1626526495.0,565341505.0,34.76,0.516
11620525,보라매동,관악구,음식_지출_총금액,외식_식음료,959908500.0,551607558.0,408300942.0,74.02,0.958
11620545,청림동,관악구,음식_지출_총금액,외식_식음료,112516000.0,313460791.0,-200944791.0,-64.11,-1.772
11620565,성현동,관악구,음식_지출_총금액,외식_식음료,155775750.0,506897291.0,-351121541.0,-69.27,-2.041
11620575,행운동,관악구,음식_지출_총금액,외식_식음료,1483223250.0,1439988376.0,43234874.0,3.0,0.051
11620585,낙성대동,관악구,음식_지출_총금액,외식_식음료,4462716500.0,1692886903.0,2769829597.0,163.62,1.676
11620595,청룡동,관악구,음식_지출_총금액,외식_식음료,2089676500.0,3090157604.0,-1000481104.0,-32.38,-0.677
11620605,은천동,관악구,음식_지출_총금액,외식_식음료,1664882000.0,769049331.0,895832669.0,116.49,1.336
11620615,중앙동,관악구,음식_지출_총금액,외식_식음료,1403509500.0,985827107.0,417682393.0,42.37,0.611
11620625,인헌동,관악구,음식_지출_총금액,외식_식음료,1180610500.0,1319430750.0,-138820250.0,-10.52,-0.192
11620630,남현동,관악구,음식_지출_총금액,외식_식음료,2065735250.0,984391770.0,1081343480.0,109.85,1.282
11620645,서원동,관악구,음식_지출_총금액,외식_식음료,4027969500.0,756912488.0,3271057012.0,432.16,2.891
11620655,신원동,관악구,음식_지출_총금액,외식_식음료,614686750.0,530663832.0,84022918.0,15.83,0.254
11620665,서림동,관악구,음식_지출_총금액,외식_식음료,563178500.0,440685387.0,122493113.0,27.8,0.424
11620685,신사동,관악구,음식_지출_총금액,외식_식음료,817149750.0,963763364.0,-146613614.0,-15.21,-0.285
11620695,신림동,관악구,음식_지출_총금액,외식_식음료,2841816000.0,2196201259.0,645614741.0,29.4,0.446
11620715,난향동,관악구,음식_지출_총금액,외식_식음료,116384500.0,197966432.0,-81581932.0,-41.21,-0.919
11620725,조원동,관악구,음식_지출_총금액,외식_식음료,1776139000.0,932478064.0,843660936.0,90.48,1.114
11620735,대학동,관악구,음식_지출_총금액,외식_식음료,2153974750.0,2465499097.0,-311524347.0,-12.64,-0.234
11620745,삼성동,관악구,음식_지출_총금액,외식_식음료,205173000.0,615606914.0,-410433914.0,-66.67,-1.9
11620765,미성동,관악구,음식_지출_총금액,외식_식음료,813342250.0,1133778902.0,-320436652.0,-28.26,-0.574
11620775,난곡동,관악구,음식_지출_총금액,외식_식음료,443072250.0,729654469.0,-286582219.0,-39.28,-0.863
11650510,서초1동,서초구,음식_지출_총금액,외식_식음료,2402491000.0,4040821234.0,-1638330234.0,-40.54,-0.899
11650520,서초2동,서초구,음식_지출_총금액,외식_식음료,4050370500.0,5408271668.0,-1357901168.0,-25.11,-0.5
11650530,서초3동,서초구,음식_지출_총금액,외식_식음료,7038919250.0,9515993250.0,-2477074000.0,-26.03,-0.521
11650531,서초4동,서초구,음식_지출_총금액,외식_식음료,5651276000.0,4607996459.0,1043279541.0,22.64,0.353
11650540,잠원동,서초구,음식_지출_총금액,외식_식음료,1847446000.0,2619428774.0,-771982774.0,-29.47,-0.604
11650550,반포본동,서초구,음식_지출_총금액,외식_식음료,67764750.0,354080270.0,-286315520.0,-80.86,-2.86
11650560,반포1동,서초구,음식_지출_총금액,외식_식음료,1378168500.0,2126416233.0,-748247733.0,-35.19,-0.75
11650570,반포2동,서초구,음식_지출_총금액,외식_식음료,652038000.0,620930060.0,31107940.0,5.01,0.085
11650580,반포3동,서초구,음식_지출_총금액,외식_식음료,1172638250.0,1263646375.0,-91008125.0,-7.2,-0.129
11650581,반포4동,서초구,음식_지출_총금액,외식_식음료,6279032750.0,2754349798.0,3524682952.0,127.97,1.425
11650590,방배본동,서초구,음식_지출_총금액,외식_식음료,1143562250.0,1529534003.0,-385971753.0,-25.23,-0.503
11650600,방배1동,서초구,음식_지출_총금액,외식_식음료,1509534250.0,1446584158.0,62950092.0,4.35,0.074
11650610,방배2동,서초구,음식_지출_총금액,외식_식음료,4854131000.0,1183539313.0,3670591687.0,310.14,2.441
11650620,방배3동,서초구,음식_지출_총금액,외식_식음료,420640750.0,1065133384.0,-644492634.0,-60.51,-1.607
11650621,방배4동,서초구,음식_지출_총금액,외식_식음료,1730540750.0,2690778138.0,-960237388.0,-35.69,-0.763
11650651,양재1동,서초구,음식_지출_총금액,외식_식음료,3259027000.0,4552616011.0,-1293589011.0,-28.41,-0.578
11650652,양재2동,서초구,음식_지출_총금액,외식_식음료,3469457500.0,3204065317.0,265392183.0,8.28,0.138
11650660,내곡동,서초구,음식_지출_총금액,외식_식음료,752910000.0,676676809.0,76233191.0,11.27,0.185
11680510,신사동,강남구,음식_지출_총금액,외식_식음료,5908848250.0,7270507702.0,-1361659452.0,-18.73,-0.359
11680521,논현1동,강남구,음식_지출_총금액,외식_식음료,5829468500.0,8531260942.0,-2701792442.0,-31.67,-0.659
11680531,논현2동,강남구,음식_지출_총금액,외식_식음료,5493954000.0,7298514288.0,-1804560288.0,-24.73,-0.491
11680545,압구정동,강남구,음식_지출_총금액,외식_식음료,7347434250.0,10071590515.0,-2724156265.0,-27.05,-0.545
11680565,청담동,강남구,음식_지출_총금액,외식_식음료,5170650750.0,9098212613.0,-3927561863.0,-43.17,-0.977
11680580,삼성1동,강남구,음식_지출_총금액,외식_식음료,4956765750.0,5672814741.0,-716048991.0,-12.62,-0.233
11680590,삼성2동,강남구,음식_지출_총금액,외식_식음료,2489709250.0,4516321691.0,-2026612441.0,-44.87,-1.03
11680600,대치1동,강남구,음식_지출_총금액,외식_식음료,1213872500.0,2094902731.0,-881030231.0,-42.06,-0.944
11680610,대치2동,강남구,음식_지출_총금액,외식_식음료,3303537250.0,5682712570.0,-2379175320.0,-41.87,-0.938
11680630,대치4동,강남구,음식_지출_총금액,외식_식음료,5120733750.0,4970449143.0,150284607.0,3.02,0.052
11680640,역삼1동,강남구,음식_지출_총금액,외식_식음료,18998398250.0,28534703157.0,-9536304907.0,-33.42,-0.703
11680650,역삼2동,강남구,음식_지출_총금액,외식_식음료,3511601250.0,5493797052.0,-1982195802.0,-36.08,-0.774
11680655,도곡1동,강남구,음식_지출_총금액,외식_식음료,1669310500.0,3288762857.0,-1619452357.0,-49.24,-1.173
11680656,도곡2동,강남구,음식_지출_총금액,외식_식음료,2621992500.0,2798828481.0,-176835981.0,-6.32,-0.113
11680660,개포1동,강남구,음식_지출_총금액,외식_식음료,13569750.0,271718352.0,-258148602.0,-95.01,-5.183
11680670,개포2동,강남구,음식_지출_총금액,외식_식음료,535823000.0,918989979.0,-383166979.0,-41.69,-0.933
11680690,개포4동,강남구,음식_지출_총금액,외식_식음료,798629750.0,1010063969.0,-211434219.0,-20.93,-0.406
11680700,세곡동,강남구,음식_지출_총금액,외식_식음료,1137017500.0,739341360.0,397676140.0,53.79,0.744
11680720,일원본동,강남구,음식_지출_총금액,외식_식음료,586825750.0,360517207.0,226308543.0,62.77,0.843
11680730,일원1동,강남구,음식_지출_총금액,외식_식음료,830684250.0,514433136.0,316251114.0,61.48,0.829
11680740,일원2동,강남구,음식_지출_총금액,외식_식음료,236450750.0,192307585.0,44143165.0,22.95,0.357
11680750,수서동,강남구,음식_지출_총금액,외식_식음료,1561488750.0,955900853.0,605587897.0,63.35,0.849
11710510,풍납1동,송파구,음식_지출_총금액,외식_식음료,318936750.0,449933315.0,-130996565.0,-29.11,-0.595
11710520,풍납2동,송파구,음식_지출_총금액,외식_식음료,364300000.0,1345809003.0,-981509003.0,-72.93,-2.26
11710531,거여1동,송파구,음식_지출_총금액,외식_식음료,494433250.0,438867125.0,55566125.0,12.66,0.206
11710532,거여2동,송파구,음식_지출_총금액,외식_식음료,811044250.0,813050823.0,-2006573.0,-0.25,-0.004
11710540,마천1동,송파구,음식_지출_총금액,외식_식음료,157694250.0,466015615.0,-308321365.0,-66.16,-1.874
11710550,마천2동,송파구,음식_지출_총금액,외식_식음료,787615000.0,999041486.0,-211426486.0,-21.16,-0.411
11710561,방이1동,송파구,음식_지출_총금액,외식_식음료,1624388500.0,753066413.0,871322087.0,115.7,1.33
11710562,방이2동,송파구,음식_지출_총금액,외식_식음료,7771301750.0,3259141565.0,4512160185.0,138.45,1.503
11710566,오륜동,송파구,음식_지출_총금액,외식_식음료,563091250.0,665996579.0,-102905329.0,-15.45,-0.29
11710570,오금동,송파구,음식_지출_총금액,외식_식음료,1579814500.0,2705300551.0,-1125486051.0,-41.6,-0.93
11710580,송파1동,송파구,음식_지출_총금액,외식_식음료,4183095750.0,1723585944.0,2459509806.0,142.7,1.533
11710590,송파2동,송파구,음식_지출_총금액,외식_식음료,492839250.0,784315898.0,-291476648.0,-37.16,-0.804
11710600,석촌동,송파구,음식_지출_총금액,외식_식음료,3088878000.0,2670232796.0,418645204.0,15.68,0.252
11710610,삼전동,송파구,음식_지출_총금액,외식_식음료,1743788000.0,1567405169.0,176382831.0,11.25,0.184
11710620,가락본동,송파구,음식_지출_총금액,외식_식음료,3186290750.0,3389439747.0,-203148997.0,-5.99,-0.107
11710631,가락1동,송파구,음식_지출_총금액,외식_식음료,981447500.0,633498081.0,347949419.0,54.93,0.757
11710632,가락2동,송파구,음식_지출_총금액,외식_식음료,1419670000.0,2070728879.0,-651058879.0,-31.44,-0.653
11710641,문정1동,송파구,음식_지출_총금액,외식_식음료,1072067000.0,768289172.0,303777828.0,39.54,0.576
11710642,문정2동,송파구,음식_지출_총금액,외식_식음료,4869100250.0,3148387097.0,1720713153.0,54.65,0.754
11710646,장지동,송파구,음식_지출_총금액,외식_식음료,699753250.0,1504936160.0,-805182910.0,-53.5,-1.324
11710647,위례동,송파구,음식_지출_총금액,외식_식음료,1030296500.0,216576234.0,813720266.0,375.72,2.697
11710650,잠실본동,송파구,음식_지출_총금액,외식_식음료,5786251750.0,4427165114.0,1359086636.0,30.7,0.463
11710670,잠실2동,송파구,음식_지출_총금액,외식_식음료,437709250.0,1359364801.0,-921655551.0,-67.8,-1.96
11710680,잠실3동,송파구,음식_지출_총금액,외식_식음료,722736250.0,1883490565.0,-1160754315.0,-61.63,-1.657
11710690,잠실4동,송파구,음식_지출_총금액,외식_식음료,226032500.0,816380073.0,-590347573.0,-72.31,-2.221
11710710,잠실6동,송파구,음식_지출_총금액,외식_식음료,4253152000.0,3176010790.0,1077141210.0,33.91,0.505
11710720,잠실7동,송파구,음식_지출_총금액,외식_식음료,63188500.0,112577982.0,-49389482.0,-43.87,-0.999
11740515,강일동,강동구,음식_지출_총금액,외식_식음료,589129500.0,852269140.0,-263139640.0,-30.88,-0.639
11740520,상일동,강동구,음식_지출_총금액,외식_식음료,812374500.0,687096269.0,125278231.0,18.23,0.29
11740530,명일1동,강동구,음식_지출_총금액,외식_식음료,1945003000.0,1791515450.0,153487550.0,8.57,0.142
11740540,명일2동,강동구,음식_지출_총금액,외식_식음료,1318261250.0,1004167249.0,314094001.0,31.28,0.471
11740550,고덕1동,강동구,음식_지출_총금액,외식_식음료,289572500.0,478322195.0,-188749695.0,-39.46,-0.868
11740560,고덕2동,강동구,음식_지출_총금액,외식_식음료,496605000.0,460530634.0,36074366.0,7.83,0.13
11740570,암사1동,강동구,음식_지출_총금액,외식_식음료,1325244250.0,1112301883.0,212942367.0,19.14,0.303
11740580,암사2동,강동구,음식_지출_총금액,외식_식음료,862935000.0,735768634.0,127166366.0,17.28,0.276
11740590,암사3동,강동구,음식_지출_총금액,외식_식음료,289225000.0,138958303.0,150266697.0,108.14,1.268
11740600,천호1동,강동구,음식_지출_총금액,외식_식음료,1012642750.0,1251849483.0,-239206733.0,-19.11,-0.367
11740610,천호2동,강동구,음식_지출_총금액,외식_식음료,3365551000.0,2970047014.0,395503986.0,13.32,0.216
11740620,천호3동,강동구,음식_지출_총금액,외식_식음료,1501916500.0,1493407498.0,8509002.0,0.57,0.01
11740640,성내1동,강동구,음식_지출_총금액,외식_식음료,1520710000.0,1441342011.0,79367989.0,5.51,0.093
11740650,성내2동,강동구,음식_지출_총금액,외식_식음료,1953275250.0,1580075147.0,373200103.0,23.62,0.367
11740660,성내3동,강동구,음식_지출_총금액,외식_식음료,2886827750.0,2112175982.0,774651768.0,36.68,0.54
11740685,길동,강동구,음식_지출_총금액,외식_식음료,3358266500.0,5962851674.0,-2604585174.0,-43.68,-0.993
11740690,둔촌1동,강동구,음식_지출_총금액,외식_식음료,5269000.0,14553596.0,-9284596.0,-63.8,-1.757
11740700,둔촌2동,강동구,음식_지출_총금액,외식_식음료,1203791000.0,1572072414.0,-368281414.0,-23.43,-0.462
11110515,청운효자동,종로구,여가_문화_지출_총금액,여가_문화,92594750.0,363285807.0,-270691057.0,-74.51,-1.147
11110530,사직동,종로구,여가_문화_지출_총금액,여가_문화,1604240750.0,4930262949.0,-3326022199.0,-67.46,-0.942
11110540,삼청동,종로구,여가_문화_지출_총금액,여가_문화,386043500.0,261101803.0,124941697.0,47.85,0.328
11110550,부암동,종로구,여가_문화_지출_총금액,여가_문화,280386000.0,181118389.0,99267611.0,54.81,0.367
11110560,평창동,종로구,여가_문화_지출_총금액,여가_문화,166087500.0,468850249.0,-302762749.0,-64.58,-0.871
11110570,무악동,종로구,여가_문화_지출_총금액,여가_문화,57332000.0,88444307.0,-31112307.0,-35.18,-0.364
11110580,교남동,종로구,여가_문화_지출_총금액,여가_문화,45275500.0,180966389.0,-135690889.0,-74.98,-1.163
11110600,가회동,종로구,여가_문화_지출_총금액,여가_문화,245522250.0,324887678.0,-79365428.0,-24.43,-0.235
11110615,종로1?2?3?4가동,종로구,여가_문화_지출_총금액,여가_문화,10150193750.0,23779510350.0,-13629316600.0,-57.32,-0.715
11110630,종로5?6가동,종로구,여가_문화_지출_총금액,여가_문화,1724705250.0,2519162284.0,-794457034.0,-31.54,-0.318
11110640,이화동,종로구,여가_문화_지출_총금액,여가_문화,308897500.0,488800848.0,-179903348.0,-36.81,-0.385
11110650,혜화동,종로구,여가_문화_지출_총금액,여가_문화,660434750.0,638737450.0,21697300.0,3.4,0.028
11110670,창신1동,종로구,여가_문화_지출_총금액,여가_문화,364518250.0,665923809.0,-301405559.0,-45.26,-0.506
11110680,창신2동,종로구,여가_문화_지출_총금액,여가_문화,67362250.0,66554249.0,808001.0,1.21,0.01
11110690,창신3동,종로구,여가_문화_지출_총금액,여가_문화,33846750.0,21483110.0,12363640.0,57.55,0.382
11110700,숭인1동,종로구,여가_문화_지출_총금액,여가_문화,14826250.0,58918006.0,-44091756.0,-74.84,-1.158
11110710,숭인2동,종로구,여가_문화_지출_총금액,여가_문화,152599000.0,446540513.0,-293941513.0,-65.83,-0.901
11140520,소공동,중구,여가_문화_지출_총금액,여가_문화,2368831814000.0,10288334588.0,2358543479412.0,22924.44,4.565
11140540,회현동,중구,여가_문화_지출_총금액,여가_문화,40170233250.0,6313756226.0,33856477024.0,536.23,1.553
11140550,명동,중구,여가_문화_지출_총금액,여가_문화,9764395250.0,38158253059.0,-28393857809.0,-74.41,-1.144
11140570,필동,중구,여가_문화_지출_총금액,여가_문화,320121000.0,1782183069.0,-1462062069.0,-82.04,-1.441
11140580,장충동,중구,여가_문화_지출_총금액,여가_문화,58183000.0,288135849.0,-229952849.0,-79.81,-1.343
11140590,광희동,중구,여가_문화_지출_총금액,여가_문화,1803123000.0,4845188406.0,-3042065406.0,-62.79,-0.83
11140605,을지로동,중구,여가_문화_지출_총금액,여가_문화,142099123500.0,2658800563.0,139440322937.0,5244.48,3.34
11140615,신당동,중구,여가_문화_지출_총금액,여가_문화,226277250.0,787862298.0,-561585048.0,-71.28,-1.047
11140625,다산동,중구,여가_문화_지출_총금액,여가_문화,174356500.0,534096763.0,-359740263.0,-67.35,-0.94
11140635,약수동,중구,여가_문화_지출_총금액,여가_문화,184428500.0,418100518.0,-233672018.0,-55.89,-0.687
11140645,청구동,중구,여가_문화_지출_총금액,여가_문화,73746500.0,56192514.0,17553986.0,31.24,0.228
11140650,신당5동,중구,여가_문화_지출_총금액,여가_문화,277138250.0,149564510.0,127573740.0,85.3,0.518
11140665,동화동,중구,여가_문화_지출_총금액,여가_문화,126204500.0,153469058.0,-27264558.0,-17.77,-0.164
11140670,황학동,중구,여가_문화_지출_총금액,여가_문화,350066750.0,350933039.0,-866289.0,-0.25,-0.002
11140680,중림동,중구,여가_문화_지출_총금액,여가_문화,596287250.0,238106928.0,358180322.0,150.43,0.771
11170510,후암동,용산구,여가_문화_지출_총금액,여가_문화,83176500.0,161365196.0,-78188696.0,-48.45,-0.556
11170520,용산2가동,용산구,여가_문화_지출_총금액,여가_문화,159940750.0,72153448.0,87787302.0,121.67,0.668
11170530,남영동,용산구,여가_문화_지출_총금액,여가_문화,19400581000.0,1365351396.0,18035229604.0,1320.92,2.228
11170555,청파동,용산구,여가_문화_지출_총금액,여가_문화,258213500.0,339918668.0,-81705168.0,-24.04,-0.231
11170560,원효로1동,용산구,여가_문화_지출_총금액,여가_문화,220648750.0,285861864.0,-65213114.0,-22.81,-0.217
11170570,원효로2동,용산구,여가_문화_지출_총금액,여가_문화,40429000.0,180030422.0,-139601422.0,-77.54,-1.254
11170580,효창동,용산구,여가_문화_지출_총금액,여가_문화,57914250.0,151060825.0,-93146575.0,-61.66,-0.805
11170590,용문동,용산구,여가_문화_지출_총금액,여가_문화,46202500.0,73127900.0,-26925400.0,-36.82,-0.385
11170625,한강로동,용산구,여가_문화_지출_총금액,여가_문화,6864012750.0,5829946692.0,1034066058.0,17.74,0.137
11170630,이촌1동,용산구,여가_문화_지출_총금액,여가_문화,195901750.0,751256543.0,-555354793.0,-73.92,-1.128
11170640,이촌2동,용산구,여가_문화_지출_총금액,여가_문화,12227250.0,37473296.0,-25246046.0,-67.37,-0.94
11170650,이태원1동,용산구,여가_문화_지출_총금액,여가_문화,310713250.0,643135736.0,-332422486.0,-51.69,-0.611
11170660,이태원2동,용산구,여가_문화_지출_총금액,여가_문화,110566750.0,197807057.0,-87240307.0,-44.1,-0.488
11170685,한남동,용산구,여가_문화_지출_총금액,여가_문화,1815216750.0,2495082521.0,-679865771.0,-27.25,-0.267
11170690,서빙고동,용산구,여가_문화_지출_총금액,여가_문화,412067000.0,209419341.0,202647659.0,96.77,0.568
11170700,보광동,용산구,여가_문화_지출_총금액,여가_문화,163588000.0,104245333.0,59342667.0,56.93,0.378
11200520,왕십리2동,성동구,여가_문화_지출_총금액,여가_문화,138444500.0,88319419.0,50125081.0,56.75,0.377
11200535,왕십리도선동,성동구,여가_문화_지출_총금액,여가_문화,488175000.0,739301009.0,-251126009.0,-33.97,-0.348
11200540,마장동,성동구,여가_문화_지출_총금액,여가_문화,132948500.0,566554354.0,-433605854.0,-76.53,-1.217
11200550,사근동,성동구,여가_문화_지출_총금액,여가_문화,292550000.0,332957100.0,-40407100.0,-12.14,-0.109
11200560,행당1동,성동구,여가_문화_지출_총금액,여가_문화,462165250.0,605445847.0,-143280597.0,-23.67,-0.227
11200570,행당2동,성동구,여가_문화_지출_총금액,여가_문화,146995250.0,56924819.0,90070431.0,158.23,0.796
11200580,응봉동,성동구,여가_문화_지출_총금액,여가_문화,13834250.0,53960416.0,-40126166.0,-74.36,-1.142
11200590,금호1가동,성동구,여가_문화_지출_총금액,여가_문화,91705750.0,106810570.0,-15104820.0,-14.14,-0.128
11200615,금호2?3가동,성동구,여가_문화_지출_총금액,여가_문화,170655000.0,187359790.0,-16704790.0,-8.92,-0.078
11200620,금호4가동,성동구,여가_문화_지출_총금액,여가_문화,181814250.0,207585486.0,-25771236.0,-12.41,-0.111
11200645,옥수동,성동구,여가_문화_지출_총금액,여가_문화,268897750.0,375226139.0,-106328389.0,-28.34,-0.28
11200650,성수1가1동,성동구,여가_문화_지출_총금액,여가_문화,220481750.0,253762868.0,-33281118.0,-13.12,-0.118
11200660,성수1가2동,성동구,여가_문화_지출_총금액,여가_문화,12551373250.0,636377012.0,11914996238.0,1872.32,2.503
11200670,성수2가1동,성동구,여가_문화_지출_총금액,여가_문화,591137000.0,414353197.0,176783803.0,42.67,0.298
11200690,성수2가3동,성동구,여가_문화_지출_총금액,여가_문화,1026458500.0,1698784825.0,-672326325.0,-39.58,-0.423
11200720,송정동,성동구,여가_문화_지출_총금액,여가_문화,50841250.0,46485844.0,4355406.0,9.37,0.075
11200790,용답동,성동구,여가_문화_지출_총금액,여가_문화,286383750.0,324940871.0,-38557121.0,-11.87,-0.106
11215710,화양동,광진구,여가_문화_지출_총금액,여가_문화,1385139250.0,728334450.0,656804800.0,90.18,0.54
11215730,군자동,광진구,여가_문화_지출_총금액,여가_문화,292841000.0,452137607.0,-159296607.0,-35.23,-0.365
11215740,중곡1동,광진구,여가_문화_지출_총금액,여가_문화,276349000.0,108024202.0,168324798.0,155.82,0.788
11215750,중곡2동,광진구,여가_문화_지출_총금액,여가_문화,266725000.0,402174130.0,-135449130.0,-33.68,-0.345
11215760,중곡3동,광진구,여가_문화_지출_총금액,여가_문화,110065750.0,149668555.0,-39602805.0,-26.46,-0.258
11215770,중곡4동,광진구,여가_문화_지출_총금액,여가_문화,267143750.0,234273988.0,32869762.0,14.03,0.11
11215780,능동,광진구,여가_문화_지출_총금액,여가_문화,375491750.0,83109855.0,292381895.0,351.8,1.266
11215810,광장동,광진구,여가_문화_지출_총금액,여가_문화,305771750.0,1023673736.0,-717901986.0,-70.13,-1.014
11215820,자양1동,광진구,여가_문화_지출_총금액,여가_문화,292600500.0,532381263.0,-239780763.0,-45.04,-0.502
11215830,자양2동,광진구,여가_문화_지출_총금액,여가_문화,191251750.0,193772298.0,-2520548.0,-1.3,-0.011
11215840,자양3동,광진구,여가_문화_지출_총금액,여가_문화,318708250.0,382252175.0,-63543925.0,-16.62,-0.153
11215847,자양4동,광진구,여가_문화_지출_총금액,여가_문화,620334500.0,253785728.0,366548772.0,144.43,0.75
11215850,구의1동,광진구,여가_문화_지출_총금액,여가_문화,212199250.0,317212385.0,-105013135.0,-33.1,-0.337
11215860,구의2동,광진구,여가_문화_지출_총금액,여가_문화,317305750.0,321383491.0,-4077741.0,-1.27,-0.011
11215870,구의3동,광진구,여가_문화_지출_총금액,여가_문화,965469250.0,693998376.0,271470874.0,39.12,0.277
11230536,용신동,동대문구,여가_문화_지출_총금액,여가_문화,545646500.0,2269325404.0,-1723678904.0,-75.96,-1.196
11230545,제기동,동대문구,여가_문화_지출_총금액,여가_문화,324681000.0,1648381911.0,-1323700911.0,-80.3,-1.364
11230560,전농1동,동대문구,여가_문화_지출_총금액,여가_문화,188844250.0,310015489.0,-121171239.0,-39.09,-0.416
11230570,전농2동,동대문구,여가_문화_지출_총금액,여가_문화,163617250.0,217030540.0,-53413290.0,-24.61,-0.237
11230600,답십리1동,동대문구,여가_문화_지출_총금액,여가_문화,305906000.0,445843807.0,-139937807.0,-31.39,-0.316
11230610,답십리2동,동대문구,여가_문화_지출_총금액,여가_문화,275230000.0,318445342.0,-43215342.0,-13.57,-0.122
11230650,장안1동,동대문구,여가_문화_지출_총금액,여가_문화,772463250.0,1408685984.0,-636222734.0,-45.16,-0.504
11230660,장안2동,동대문구,여가_문화_지출_총금액,여가_문화,449692000.0,454240955.0,-4548955.0,-1.0,-0.008
11230705,청량리동,동대문구,여가_문화_지출_총금액,여가_문화,260339000.0,526231965.0,-265892965.0,-50.53,-0.591
11230710,회기동,동대문구,여가_문화_지출_총금액,여가_문화,479153250.0,182760238.0,296393012.0,162.18,0.809
11230720,휘경1동,동대문구,여가_문화_지출_총금액,여가_문화,313377250.0,179841229.0,133536021.0,74.25,0.466
11230730,휘경2동,동대문구,여가_문화_지출_총금액,여가_문화,305672500.0,126713261.0,178959239.0,141.23,0.739
11230740,이문1동,동대문구,여가_문화_지출_총금액,여가_문화,190042500.0,415341887.0,-225299387.0,-54.24,-0.656
11230750,이문2동,동대문구,여가_문화_지출_총금액,여가_문화,48457000.0,68937373.0,-20480373.0,-29.71,-0.296
11260520,면목2동,중랑구,여가_문화_지출_총금액,여가_문화,79237250.0,112038389.0,-32801139.0,-29.28,-0.291
11260540,면목4동,중랑구,여가_문화_지출_총금액,여가_문화,53817750.0,74699761.0,-20882011.0,-27.95,-0.275
11260550,면목5동,중랑구,여가_문화_지출_총금액,여가_문화,76533250.0,65063191.0,11470059.0,17.63,0.136
11260565,면목본동,중랑구,여가_문화_지출_총금액,여가_문화,218237000.0,366512483.0,-148275483.0,-40.46,-0.435
11260570,면목7동,중랑구,여가_문화_지출_총금액,여가_문화,185965000.0,211460974.0,-25495974.0,-12.06,-0.108
11260575,면목3?8동,중랑구,여가_문화_지출_총금액,여가_문화,267846500.0,299891541.0,-32045041.0,-10.69,-0.095
11260580,상봉1동,중랑구,여가_문화_지출_총금액,여가_문화,95633250.0,203637085.0,-108003835.0,-53.04,-0.634
11260590,상봉2동,중랑구,여가_문화_지출_총금액,여가_문화,767745250.0,545833402.0,221911848.0,40.66,0.286
11260600,중화1동,중랑구,여가_문화_지출_총금액,여가_문화,44474250.0,141784673.0,-97310423.0,-68.63,-0.973
11260610,중화2동,중랑구,여가_문화_지출_총금액,여가_문화,373772000.0,290646912.0,83125088.0,28.6,0.211
11260620,묵1동,중랑구,여가_문화_지출_총금액,여가_문화,241805500.0,279346499.0,-37540999.0,-13.44,-0.121
11260630,묵2동,중랑구,여가_문화_지출_총금액,여가_문화,280461750.0,314905769.0,-34444019.0,-10.94,-0.097
11260655,망우본동,중랑구,여가_문화_지출_총금액,여가_문화,309935250.0,789575349.0,-479640099.0,-60.75,-0.785
11260660,망우3동,중랑구,여가_문화_지출_총금액,여가_문화,72876750.0,70296709.0,2580041.0,3.67,0.03
11260680,신내1동,중랑구,여가_문화_지출_총금액,여가_문화,293445250.0,373065949.0,-79620699.0,-21.34,-0.202
11260690,신내2동,중랑구,여가_문화_지출_총금액,여가_문화,215391250.0,257609355.0,-42218105.0,-16.39,-0.15
11290525,성북동,성북구,여가_문화_지출_총금액,여가_문화,186025750.0,878976096.0,-692950346.0,-78.84,-1.303
11290555,삼선동,성북구,여가_문화_지출_총금액,여가_문화,246415500.0,833304454.0,-586888954.0,-70.43,-1.023
11290575,동선동,성북구,여가_문화_지출_총금액,여가_문화,1133197500.0,660007633.0,473189867.0,71.69,0.454
11290580,돈암1동,성북구,여가_문화_지출_총금액,여가_문화,34386750.0,33434600.0,952150.0,2.85,0.024
11290590,돈암2동,성북구,여가_문화_지출_총금액,여가_문화,151676250.0,132896317.0,18779933.0,14.13,0.111
11290600,안암동,성북구,여가_문화_지출_총금액,여가_문화,454462250.0,815377295.0,-360915045.0,-44.26,-0.491
11290610,보문동,성북구,여가_문화_지출_총금액,여가_문화,124955250.0,445522614.0,-320567364.0,-71.95,-1.067
11290620,정릉1동,성북구,여가_문화_지출_총금액,여가_문화,127518500.0,58670213.0,68848287.0,117.35,0.652
11290630,정릉2동,성북구,여가_문화_지출_총금액,여가_문화,203169000.0,254906646.0,-51737646.0,-20.3,-0.19
11290640,정릉3동,성북구,여가_문화_지출_총금액,여가_문화,89861500.0,157186457.0,-67324957.0,-42.83,-0.469
11290650,정릉4동,성북구,여가_문화_지출_총금액,여가_문화,128977500.0,321066175.0,-192088675.0,-59.83,-0.766
11290660,길음1동,성북구,여가_문화_지출_총금액,여가_문화,174101750.0,528443253.0,-354341503.0,-67.05,-0.932
11290685,길음2동,성북구,여가_문화_지출_총금액,여가_문화,2901258000.0,101172236.0,2800085764.0,2767.64,2.817
11290705,종암동,성북구,여가_문화_지출_총금액,여가_문화,420403500.0,627468008.0,-207064508.0,-33.0,-0.336
11290715,월곡1동,성북구,여가_문화_지출_총금액,여가_문화,92276750.0,270055989.0,-177779239.0,-65.83,-0.901
11290725,월곡2동,성북구,여가_문화_지출_총금액,여가_문화,360912000.0,635149562.0,-274237562.0,-43.18,-0.474
11290760,장위1동,성북구,여가_문화_지출_총금액,여가_문화,79970750.0,120472342.0,-40501592.0,-33.62,-0.344
11290770,장위2동,성북구,여가_문화_지출_총금액,여가_문화,69157750.0,188137576.0,-118979826.0,-63.24,-0.84
11290780,장위3동,성북구,여가_문화_지출_총금액,여가_문화,58546750.0,62530438.0,-3983688.0,-6.37,-0.055
11290810,석관동,성북구,여가_문화_지출_총금액,여가_문화,275748750.0,484593008.0,-208844258.0,-43.1,-0.473
11305534,삼양동,강북구,여가_문화_지출_총금액,여가_문화,133006250.0,231715277.0,-98709027.0,-42.6,-0.466
11305535,미아동,강북구,여가_문화_지출_총금액,여가_문화,192200750.0,363756334.0,-171555584.0,-47.16,-0.535
11305545,송중동,강북구,여가_문화_지출_총금액,여가_문화,424089750.0,305735982.0,118353768.0,38.71,0.275
11305555,송천동,강북구,여가_문화_지출_총금액,여가_문화,232150000.0,516933010.0,-284783010.0,-55.09,-0.672
11305575,삼각산동,강북구,여가_문화_지출_총금액,여가_문화,101684000.0,128720133.0,-27036133.0,-21.0,-0.198
11305595,번1동,강북구,여가_문화_지출_총금액,여가_문화,716109750.0,379811646.0,336298104.0,88.54,0.532
11305603,번2동,강북구,여가_문화_지출_총금액,여가_문화,122251000.0,79171338.0,43079662.0,54.41,0.365
11305608,번3동,강북구,여가_문화_지출_총금액,여가_문화,101356750.0,104510648.0,-3153898.0,-3.02,-0.026
11305615,수유1동,강북구,여가_문화_지출_총금액,여가_문화,349812750.0,336648731.0,13164019.0,3.91,0.032
11305625,수유2동,강북구,여가_문화_지출_총금액,여가_문화,162659000.0,116111401.0,46547599.0,40.09,0.283
11305635,수유3동,강북구,여가_문화_지출_총금액,여가_문화,811752500.0,740145500.0,71607000.0,9.67,0.078
11305645,우이동,강북구,여가_문화_지출_총금액,여가_문화,197114750.0,190582973.0,6531777.0,3.43,0.028
11305660,인수동,강북구,여가_문화_지출_총금액,여가_문화,79685750.0,386458598.0,-306772848.0,-79.38,-1.325
11320511,창1동,도봉구,여가_문화_지출_총금액,여가_문화,192924250.0,187653011.0,5271239.0,2.81,0.023
11320512,창2동,도봉구,여가_문화_지출_총금액,여가_문화,225148000.0,86978625.0,138169375.0,158.85,0.798
11320513,창3동,도봉구,여가_문화_지출_총금액,여가_문화,55370500.0,57604170.0,-2233670.0,-3.88,-0.033
11320514,창4동,도봉구,여가_문화_지출_총금액,여가_문화,186242500.0,341895518.0,-155653018.0,-45.53,-0.51
11320515,창5동,도봉구,여가_문화_지출_총금액,여가_문화,332902750.0,467174246.0,-134271496.0,-28.74,-0.284
11320521,도봉1동,도봉구,여가_문화_지출_총금액,여가_문화,495653750.0,197697836.0,297955914.0,150.71,0.771
11320522,도봉2동,도봉구,여가_문화_지출_총금액,여가_문화,145508750.0,323608305.0,-178099555.0,-55.04,-0.671
11320660,쌍문1동,도봉구,여가_문화_지출_총금액,여가_문화,136487750.0,170214962.0,-33727212.0,-19.81,-0.185
11320670,쌍문2동,도봉구,여가_문화_지출_총금액,여가_문화,270305250.0,134873150.0,135432100.0,100.41,0.584
11320680,쌍문3동,도봉구,여가_문화_지출_총금액,여가_문화,168067000.0,217889564.0,-49822564.0,-22.87,-0.218
11320681,쌍문4동,도봉구,여가_문화_지출_총금액,여가_문화,78766500.0,47394682.0,31371818.0,66.19,0.426
11320690,방학1동,도봉구,여가_문화_지출_총금액,여가_문화,383071250.0,657655753.0,-274584503.0,-41.75,-0.454
11320700,방학2동,도봉구,여가_문화_지출_총금액,여가_문화,52458000.0,49722800.0,2735200.0,5.5,0.045
11320710,방학3동,도봉구,여가_문화_지출_총금액,여가_문화,137555000.0,224650423.0,-87095423.0,-38.77,-0.412
11350560,월계1동,노원구,여가_문화_지출_총금액,여가_문화,442571000.0,295987370.0,146583630.0,49.52,0.338
11350570,월계2동,노원구,여가_문화_지출_총금액,여가_문화,50655750.0,67848986.0,-17193236.0,-25.34,-0.245
11350580,월계3동,노원구,여가_문화_지출_총금액,여가_문화,147346750.0,200598220.0,-53251470.0,-26.55,-0.259
11350595,공릉1동,노원구,여가_문화_지출_총금액,여가_문화,695975250.0,1137393511.0,-441418261.0,-38.81,-0.412
11350600,공릉2동,노원구,여가_문화_지출_총금액,여가_문화,1057997000.0,968792263.0,89204737.0,9.21,0.074
11350611,하계1동,노원구,여가_문화_지출_총금액,여가_문화,310067000.0,283231856.0,26835144.0,9.47,0.076
11350612,하계2동,노원구,여가_문화_지출_총금액,여가_문화,48441000.0,24638808.0,23802192.0,96.6,0.567
11350619,중계본동,노원구,여가_문화_지출_총금액,여가_문화,355021250.0,191597953.0,163423297.0,85.29,0.518
11350621,중계1동,노원구,여가_문화_지출_총금액,여가_문화,372008500.0,215538641.0,156469859.0,72.59,0.458
11350624,중계4동,노원구,여가_문화_지출_총금액,여가_문화,272399500.0,264138222.0,8261278.0,3.13,0.026
11350625,중계2?3동,노원구,여가_문화_지출_총금액,여가_문화,351658750.0,299363278.0,52295472.0,17.47,0.135
11350630,상계1동,노원구,여가_문화_지출_총금액,여가_문화,367495250.0,565507585.0,-198012335.0,-35.01,-0.362
11350640,상계2동,노원구,여가_문화_지출_총금액,여가_문화,6095531500.0,452475566.0,5643055934.0,1247.15,2.183
11350665,상계3?4동,노원구,여가_문화_지출_총금액,여가_문화,57755250.0,219020013.0,-161264763.0,-73.63,-1.119
11350670,상계5동,노원구,여가_문화_지출_총금액,여가_문화,136550250.0,178373862.0,-41823612.0,-23.45,-0.224
11350695,상계6?7동,노원구,여가_문화_지출_총금액,여가_문화,867607000.0,1619987179.0,-752380179.0,-46.44,-0.524
11350700,상계8동,노원구,여가_문화_지출_총금액,여가_문화,160405500.0,212569067.0,-52163567.0,-24.54,-0.236
11350710,상계9동,노원구,여가_문화_지출_총금액,여가_문화,113399000.0,207144688.0,-93745688.0,-45.26,-0.506
11350720,상계10동,노원구,여가_문화_지출_총금액,여가_문화,111514000.0,52667014.0,58846986.0,111.73,0.63
11380510,녹번동,은평구,여가_문화_지출_총금액,여가_문화,219177250.0,527221566.0,-308044316.0,-58.43,-0.737
11380520,불광1동,은평구,여가_문화_지출_총금액,여가_문화,393737000.0,676823476.0,-283086476.0,-41.83,-0.455
11380530,불광2동,은평구,여가_문화_지출_총금액,여가_문화,113047000.0,204978032.0,-91931032.0,-44.85,-0.5
11380551,갈현1동,은평구,여가_문화_지출_총금액,여가_문화,337951250.0,372815299.0,-34864049.0,-9.35,-0.082
11380552,갈현2동,은평구,여가_문화_지출_총금액,여가_문화,393664750.0,246819713.0,146845037.0,59.49,0.392
11380560,구산동,은평구,여가_문화_지출_총금액,여가_문화,100813250.0,138673730.0,-37860480.0,-27.3,-0.268
11380570,대조동,은평구,여가_문화_지출_총금액,여가_문화,537326750.0,751043375.0,-213716625.0,-28.46,-0.281
11380580,응암1동,은평구,여가_문화_지출_총금액,여가_문화,328671750.0,425133101.0,-96461351.0,-22.69,-0.216
11380590,응암2동,은평구,여가_문화_지출_총금액,여가_문화,59612250.0,101029049.0,-41416799.0,-40.99,-0.443
11380600,응암3동,은평구,여가_문화_지출_총금액,여가_문화,180427500.0,342624712.0,-162197212.0,-47.34,-0.538
11380625,역촌동,은평구,여가_문화_지출_총금액,여가_문화,399720750.0,562937091.0,-163216341.0,-28.99,-0.287
11380631,신사1동,은평구,여가_문화_지출_총금액,여가_문화,263776500.0,120447364.0,143329136.0,119.0,0.658
11380632,신사2동,은평구,여가_문화_지출_총금액,여가_문화,25918000.0,82494392.0,-56576392.0,-68.58,-0.972
11380640,증산동,은평구,여가_문화_지출_총금액,여가_문화,135000750.0,125720721.0,9280029.0,7.38,0.06
11380650,수색동,은평구,여가_문화_지출_총금액,여가_문화,27340250.0,85231079.0,-57890829.0,-67.92,-0.954
11380690,진관동,은평구,여가_문화_지출_총금액,여가_문화,848857500.0,773364063.0,75493437.0,9.76,0.078
11410520,천연동,서대문구,여가_문화_지출_총금액,여가_문화,129082750.0,210955031.0,-81872281.0,-38.81,-0.412
11410555,북아현동,서대문구,여가_문화_지출_총금액,여가_문화,100450750.0,203648046.0,-103197296.0,-50.67,-0.593
11410565,충현동,서대문구,여가_문화_지출_총금액,여가_문화,474755250.0,1582237201.0,-1107481951.0,-69.99,-1.01
11410585,신촌동,서대문구,여가_문화_지출_총금액,여가_문화,1446421750.0,2440823400.0,-994401650.0,-40.74,-0.439
11410615,연희동,서대문구,여가_문화_지출_총금액,여가_문화,494751000.0,963675206.0,-468924206.0,-48.66,-0.56
11410620,홍제1동,서대문구,여가_문화_지출_총금액,여가_문화,157043500.0,325384378.0,-168340878.0,-51.74,-0.611
11410640,홍제3동,서대문구,여가_문화_지출_총금액,여가_문화,167748500.0,290562641.0,-122814141.0,-42.27,-0.461
11410655,홍제2동,서대문구,여가_문화_지출_총금액,여가_문화,69349000.0,50630727.0,18718273.0,36.97,0.264
11410660,홍은1동,서대문구,여가_문화_지출_총금액,여가_문화,140750250.0,106553702.0,34196548.0,32.09,0.234
11410685,홍은2동,서대문구,여가_문화_지출_총금액,여가_문화,274116500.0,277363985.0,-3247485.0,-1.17,-0.01
11410690,남가좌1동,서대문구,여가_문화_지출_총금액,여가_문화,136503750.0,270334775.0,-133831025.0,-49.51,-0.574
11410700,남가좌2동,서대문구,여가_문화_지출_총금액,여가_문화,335643500.0,310771487.0,24872013.0,8.0,0.065
11410710,북가좌1동,서대문구,여가_문화_지출_총금액,여가_문화,139124750.0,113506437.0,25618313.0,22.57,0.171
11410720,북가좌2동,서대문구,여가_문화_지출_총금액,여가_문화,246217000.0,239287978.0,6929022.0,2.9,0.024
11440555,아현동,마포구,여가_문화_지출_총금액,여가_문화,510862250.0,1120299112.0,-609436862.0,-54.4,-0.659
11440565,공덕동,마포구,여가_문화_지출_총금액,여가_문화,778862750.0,1432929887.0,-654067137.0,-45.65,-0.512
11440585,도화동,마포구,여가_문화_지출_총금액,여가_문화,842684250.0,966446707.0,-123762457.0,-12.81,-0.115
11440590,용강동,마포구,여가_문화_지출_총금액,여가_문화,627085000.0,601869559.0,25215441.0,4.19,0.034
11440600,대흥동,마포구,여가_문화_지출_총금액,여가_문화,467765250.0,1233711079.0,-765945829.0,-62.08,-0.814
11440610,염리동,마포구,여가_문화_지출_총금액,여가_문화,67104156250.0,119291678.0,66984864572.0,56152.17,5.315
11440630,신수동,마포구,여가_문화_지출_총금액,여가_문화,129479750.0,155783446.0,-26303696.0,-16.88,-0.155
11440655,서강동,마포구,여가_문화_지출_총금액,여가_문화,855633750.0,594861328.0,260772422.0,43.84,0.305
11440660,서교동,마포구,여가_문화_지출_총금액,여가_문화,8134285250.0,6751894946.0,1382390304.0,20.47,0.156
11440680,합정동,마포구,여가_문화_지출_총금액,여가_문화,787729000.0,358624819.0,429104181.0,119.65,0.66
11440690,망원1동,마포구,여가_문화_지출_총금액,여가_문화,374097750.0,260375292.0,113722458.0,43.68,0.304
11440700,망원2동,마포구,여가_문화_지출_총금액,여가_문화,374071500.0,165552858.0,208518642.0,125.95,0.684
11440710,연남동,마포구,여가_문화_지출_총금액,여가_문화,267671250.0,112087945.0,155583305.0,138.8,0.731
11440720,성산1동,마포구,여가_문화_지출_총금액,여가_문화,294063000.0,243133167.0,50929833.0,20.95,0.16
11440730,성산2동,마포구,여가_문화_지출_총금액,여가_문화,356159750.0,429209850.0,-73050100.0,-17.02,-0.157
11440740,상암동,마포구,여가_문화_지출_총금액,여가_문화,4233748500.0,2285446691.0,1948301809.0,85.25,0.517
11470510,목1동,양천구,여가_문화_지출_총금액,여가_문화,7171076250.0,2107325897.0,5063750353.0,240.29,1.028
11470520,목2동,양천구,여가_문화_지출_총금액,여가_문화,239169000.0,284881073.0,-45712073.0,-16.05,-0.147
11470530,목3동,양천구,여가_문화_지출_총금액,여가_문화,308211000.0,377048778.0,-68837778.0,-18.26,-0.169
11470540,목4동,양천구,여가_문화_지출_총금액,여가_문화,272458500.0,246829608.0,25628892.0,10.38,0.083
11470550,목5동,양천구,여가_문화_지출_총금액,여가_문화,509351500.0,876674479.0,-367322979.0,-41.9,-0.456
11470560,신월1동,양천구,여가_문화_지출_총금액,여가_문화,212206000.0,219291231.0,-7085231.0,-3.23,-0.028
11470570,신월2동,양천구,여가_문화_지출_총금액,여가_문화,127003750.0,124981047.0,2022703.0,1.62,0.013
11470580,신월3동,양천구,여가_문화_지출_총금액,여가_문화,49411750.0,140580945.0,-91169195.0,-64.85,-0.878
11470590,신월4동,양천구,여가_문화_지출_총금액,여가_문화,63857000.0,112243883.0,-48386883.0,-43.11,-0.473
11470600,신월5동,양천구,여가_문화_지출_총금액,여가_문화,300016500.0,66258586.0,233757914.0,352.8,1.268
11470610,신월6동,양천구,여가_문화_지출_총금액,여가_문화,145344000.0,74544555.0,70799445.0,94.98,0.56
11470611,신월7동,양천구,여가_문화_지출_총금액,여가_문화,168937250.0,125304268.0,43632982.0,34.82,0.251
11470620,신정1동,양천구,여가_문화_지출_총금액,여가_문화,196112000.0,391276363.0,-195164363.0,-49.88,-0.58
11470630,신정2동,양천구,여가_문화_지출_총금액,여가_문화,240804750.0,204617025.0,36187725.0,17.69,0.137
11470640,신정3동,양천구,여가_문화_지출_총금액,여가_문화,375702500.0,337763209.0,37939291.0,11.23,0.089
11470650,신정4동,양천구,여가_문화_지출_총금액,여가_문화,620031250.0,1143748279.0,-523717029.0,-45.79,-0.514
11470670,신정6동,양천구,여가_문화_지출_총금액,여가_문화,252334750.0,49527003.0,202807747.0,409.49,1.367
11470680,신정7동,양천구,여가_문화_지출_총금액,여가_문화,204862500.0,182718695.0,22143805.0,12.12,0.096
11500510,염창동,강서구,여가_문화_지출_총금액,여가_문화,624811250.0,490210873.0,134600377.0,27.46,0.204
11500520,등촌1동,강서구,여가_문화_지출_총금액,여가_문화,451075750.0,404008547.0,47067203.0,11.65,0.092
11500530,등촌2동,강서구,여가_문화_지출_총금액,여가_문화,75436750.0,91575252.0,-16138502.0,-17.62,-0.163
11500535,등촌3동,강서구,여가_문화_지출_총금액,여가_문화,515143750.0,668938428.0,-153794678.0,-22.99,-0.219
11500540,화곡1동,강서구,여가_문화_지출_총금액,여가_문화,810673000.0,769236918.0,41436082.0,5.39,0.044
11500550,화곡2동,강서구,여가_문화_지출_총금액,여가_문화,851193500.0,68620403.0,782573097.0,1140.44,2.114
11500560,화곡3동,강서구,여가_문화_지출_총금액,여가_문화,333432000.0,290745835.0,42686165.0,14.68,0.115
11500570,화곡4동,강서구,여가_문화_지출_총금액,여가_문화,364129750.0,212377925.0,151751825.0,71.45,0.453
11500590,화곡본동,강서구,여가_문화_지출_총금액,여가_문화,185818000.0,172988863.0,12829137.0,7.42,0.06
11500591,화곡6동,강서구,여가_문화_지출_총금액,여가_문화,505294750.0,508178475.0,-2883725.0,-0.57,-0.005
11500593,화곡8동,강서구,여가_문화_지출_총금액,여가_문화,241763000.0,263927425.0,-22164425.0,-8.4,-0.074
11500603,가양1동,강서구,여가_문화_지출_총금액,여가_문화,28725207250.0,2340459561.0,26384747689.0,1127.33,2.105
11500604,가양2동,강서구,여가_문화_지출_총금액,여가_문화,138968750.0,52622218.0,86346532.0,164.09,0.815
11500605,가양3동,강서구,여가_문화_지출_총금액,여가_문화,62151750.0,49971258.0,12180492.0,24.37,0.183
11500611,발산1동,강서구,여가_문화_지출_총금액,여가_문화,1210808750.0,1245981689.0,-35172939.0,-2.82,-0.024
11500615,우장산동,강서구,여가_문화_지출_총금액,여가_문화,363581750.0,562359107.0,-198777357.0,-35.35,-0.366
11500620,공항동,강서구,여가_문화_지출_총금액,여가_문화,955754500.0,1078179071.0,-122424571.0,-11.35,-0.101
11500630,방화1동,강서구,여가_문화_지출_총금액,여가_문화,430957750.0,654962838.0,-224005088.0,-34.2,-0.351
11500640,방화2동,강서구,여가_문화_지출_총금액,여가_문화,520593750.0,192962001.0,327631749.0,169.79,0.833
11500641,방화3동,강서구,여가_문화_지출_총금액,여가_문화,180700500.0,169683277.0,11017223.0,6.49,0.053
11530510,신도림동,구로구,여가_문화_지출_총금액,여가_문화,2365732000.0,892907541.0,1472824459.0,164.95,0.818
11530520,구로1동,구로구,여가_문화_지출_총금액,여가_문화,82804000.0,31321994.0,51482006.0,164.36,0.816
11530530,구로2동,구로구,여가_문화_지출_총금액,여가_문화,358339250.0,1674771268.0,-1316432018.0,-78.6,-1.294
11530540,구로3동,구로구,여가_문화_지출_총금액,여가_문화,1914256032750.0,2926648287.0,1911329384463.0,65307.79,5.442
11530550,구로4동,구로구,여가_문화_지출_총금액,여가_문화,244234000.0,439901866.0,-195667866.0,-44.48,-0.494
11530560,구로5동,구로구,여가_문화_지출_총금액,여가_문화,4576486750.0,783022824.0,3793463926.0,484.46,1.482
11530595,가리봉동,구로구,여가_문화_지출_총금액,여가_문화,56904000.0,102144585.0,-45240585.0,-44.29,-0.491
11530720,고척1동,구로구,여가_문화_지출_총금액,여가_문화,719610250.0,408197265.0,311412985.0,76.29,0.476
11530730,고척2동,구로구,여가_문화_지출_총금액,여가_문화,94561750.0,251220849.0,-156659099.0,-62.36,-0.82
11530740,개봉1동,구로구,여가_문화_지출_총금액,여가_문화,209143250.0,513608584.0,-304465334.0,-59.28,-0.754
11530750,개봉2동,구로구,여가_문화_지출_총금액,여가_문화,165063500.0,378871245.0,-213807745.0,-56.43,-0.697
11530760,개봉3동,구로구,여가_문화_지출_총금액,여가_문화,110522750.0,189138657.0,-78615907.0,-41.57,-0.451
11530770,오류1동,구로구,여가_문화_지출_총금액,여가_문화,217697500.0,481934640.0,-264237140.0,-54.83,-0.667
11530780,오류2동,구로구,여가_문화_지출_총금액,여가_문화,287450750.0,304464017.0,-17013267.0,-5.59,-0.048
11530790,수궁동,구로구,여가_문화_지출_총금액,여가_문화,95647000.0,280763464.0,-185116464.0,-65.93,-0.904
11530800,항동,구로구,여가_문화_지출_총금액,여가_문화,34342500.0,12939122.0,21403378.0,165.42,0.819
11545510,가산동,금천구,여가_문화_지출_총금액,여가_문화,10187650500.0,5841059453.0,4346591047.0,74.41,0.467
11545610,독산1동,금천구,여가_문화_지출_총금액,여가_문화,517949000.0,887294408.0,-369345408.0,-41.63,-0.452
11545620,독산2동,금천구,여가_문화_지출_총금액,여가_문화,171014250.0,134434580.0,36579670.0,27.21,0.202
11545630,독산3동,금천구,여가_문화_지출_총금액,여가_문화,244779500.0,364751566.0,-119972066.0,-32.89,-0.335
11545640,독산4동,금천구,여가_문화_지출_총금액,여가_문화,128090250.0,137738632.0,-9648382.0,-7.0,-0.061
11545670,시흥1동,금천구,여가_문화_지출_총금액,여가_문화,512546500.0,1067348004.0,-554801504.0,-51.98,-0.616
11545680,시흥2동,금천구,여가_문화_지출_총금액,여가_문화,37212000.0,71367071.0,-34155071.0,-47.86,-0.547
11545690,시흥3동,금천구,여가_문화_지출_총금액,여가_문화,29182500.0,174614032.0,-145431532.0,-83.29,-1.502
11545700,시흥4동,금천구,여가_문화_지출_총금액,여가_문화,44998250.0,97480472.0,-52482222.0,-53.84,-0.649
11545710,시흥5동,금천구,여가_문화_지출_총금액,여가_문화,109499250.0,100119282.0,9379968.0,9.37,0.075
11560515,영등포본동,영등포구,여가_문화_지출_총금액,여가_문화,251609750.0,156439152.0,95170598.0,60.84,0.399
11560535,영등포동,영등포구,여가_문화_지출_총금액,여가_문화,6006624500.0,4052118243.0,1954506257.0,48.23,0.33
11560540,여의동,영등포구,여가_문화_지출_총금액,여가_문화,26393894250.0,24348566992.0,2045327258.0,8.4,0.068
11560550,당산1동,영등포구,여가_문화_지출_총금액,여가_문화,371821750.0,875015121.0,-503193371.0,-57.51,-0.718
11560560,당산2동,영등포구,여가_문화_지출_총금액,여가_문화,466980750.0,1092449185.0,-625468435.0,-57.25,-0.713
11560585,도림동,영등포구,여가_문화_지출_총금액,여가_문화,171781750.0,57322913.0,114458837.0,199.67,0.921
11560605,문래동,영등포구,여가_문화_지출_총금액,여가_문화,1531815658250.0,1944550986.0,1529871107264.0,78674.77,5.598
11560610,양평1동,영등포구,여가_문화_지출_총금액,여가_문화,440192500.0,401871180.0,38321320.0,9.54,0.076
11560620,양평2동,영등포구,여가_문화_지출_총금액,여가_문화,7999135000.0,859892460.0,7139242540.0,830.25,1.872
11560630,신길1동,영등포구,여가_문화_지출_총금액,여가_문화,216829750.0,227587095.0,-10757345.0,-4.73,-0.041
11560650,신길3동,영등포구,여가_문화_지출_총금액,여가_문화,141717500.0,252482383.0,-110764883.0,-43.87,-0.485
11560660,신길4동,영등포구,여가_문화_지출_총금액,여가_문화,29935250.0,69749974.0,-39814724.0,-57.08,-0.71
11560670,신길5동,영등포구,여가_문화_지출_총금액,여가_문화,40097500.0,69893784.0,-29796284.0,-42.63,-0.466
11560680,신길6동,영등포구,여가_문화_지출_총금액,여가_문화,219683500.0,270210520.0,-50527020.0,-18.7,-0.174
11560690,신길7동,영등포구,여가_문화_지출_총금액,여가_문화,484754500.0,156021499.0,328733001.0,210.7,0.952
11560700,대림1동,영등포구,여가_문화_지출_총금액,여가_문화,134128250.0,253750512.0,-119622262.0,-47.14,-0.535
11560710,대림2동,영등포구,여가_문화_지출_총금액,여가_문화,164060250.0,274215833.0,-110155583.0,-40.17,-0.431
11560720,대림3동,영등포구,여가_문화_지출_총금액,여가_문화,321025750.0,645434231.0,-324408481.0,-50.26,-0.586
11590510,노량진1동,동작구,여가_문화_지출_총금액,여가_문화,512675500.0,698356287.0,-185680787.0,-26.59,-0.259
11590520,노량진2동,동작구,여가_문화_지출_총금액,여가_문화,129116000.0,312878015.0,-183762015.0,-58.73,-0.743
11590530,상도1동,동작구,여가_문화_지출_총금액,여가_문화,460353500.0,774806690.0,-314453190.0,-40.58,-0.437
11590540,상도2동,동작구,여가_문화_지출_총금액,여가_문화,211085500.0,383348608.0,-172263108.0,-44.94,-0.501
11590550,상도3동,동작구,여가_문화_지출_총금액,여가_문화,239232000.0,199052054.0,40179946.0,20.19,0.154
11590560,상도4동,동작구,여가_문화_지출_총금액,여가_문화,119666500.0,152808849.0,-33142349.0,-21.69,-0.205
11590605,흑석동,동작구,여가_문화_지출_총금액,여가_문화,298242500.0,419013923.0,-120771423.0,-28.82,-0.285
11590620,사당1동,동작구,여가_문화_지출_총금액,여가_문화,533448500.0,813057459.0,-279608959.0,-34.39,-0.354
11590630,사당2동,동작구,여가_문화_지출_총금액,여가_문화,480596750.0,586131546.0,-105534796.0,-18.01,-0.167
11590640,사당3동,동작구,여가_문화_지출_총금액,여가_문화,184721500.0,155279031.0,29442469.0,18.96,0.146
11590650,사당4동,동작구,여가_문화_지출_총금액,여가_문화,90472250.0,145239695.0,-54767445.0,-37.71,-0.397
11590651,사당5동,동작구,여가_문화_지출_총금액,여가_문화,56456000.0,68413467.0,-11957467.0,-17.48,-0.161
11590660,대방동,동작구,여가_문화_지출_총금액,여가_문화,598250250.0,968977370.0,-370727120.0,-38.26,-0.405
11590670,신대방1동,동작구,여가_문화_지출_총금액,여가_문화,260889500.0,206032187.0,54857313.0,26.63,0.198
11590680,신대방2동,동작구,여가_문화_지출_총금액,여가_문화,268966750.0,598067723.0,-329100973.0,-55.03,-0.671
11620525,보라매동,관악구,여가_문화_지출_총금액,여가_문화,225961250.0,133868918.0,92092332.0,68.79,0.439
11620545,청림동,관악구,여가_문화_지출_총금액,여가_문화,110055750.0,59337325.0,50718425.0,85.47,0.519
11620565,성현동,관악구,여가_문화_지출_총금액,여가_문화,180450000.0,104608447.0,75841553.0,72.5,0.458
11620575,행운동,관악구,여가_문화_지출_총금액,여가_문화,299194750.0,342628646.0,-43433896.0,-12.68,-0.114
11620585,낙성대동,관악구,여가_문화_지출_총금액,여가_문화,600358000.0,550460543.0,49897457.0,9.06,0.073
11620595,청룡동,관악구,여가_문화_지출_총금액,여가_문화,1085698500.0,887974759.0,197723741.0,22.27,0.169
11620605,은천동,관악구,여가_문화_지출_총금액,여가_문화,193505750.0,123932821.0,69572929.0,56.14,0.374
11620615,중앙동,관악구,여가_문화_지출_총금액,여가_문화,254565250.0,274204917.0,-19639667.0,-7.16,-0.062
11620625,인헌동,관악구,여가_문화_지출_총금액,여가_문화,187525000.0,378038883.0,-190513883.0,-50.4,-0.588
11620630,남현동,관악구,여가_문화_지출_총금액,여가_문화,526975250.0,212938978.0,314036272.0,147.48,0.761
11620645,서원동,관악구,여가_문화_지출_총금액,여가_문화,1097902750.0,162221984.0,935680766.0,576.79,1.605
11620655,신원동,관악구,여가_문화_지출_총금액,여가_문화,108893750.0,78272023.0,30621727.0,39.12,0.277
11620665,서림동,관악구,여가_문화_지출_총금액,여가_문화,259512750.0,72355472.0,187157278.0,258.66,1.072
11620685,신사동,관악구,여가_문화_지출_총금액,여가_문화,168290500.0,197237218.0,-28946718.0,-14.68,-0.133
11620695,신림동,관악구,여가_문화_지출_총금액,여가_문화,770202000.0,601733105.0,168468895.0,28.0,0.207
11620715,난향동,관악구,여가_문화_지출_총금액,여가_문화,52170250.0,48918755.0,3251495.0,6.65,0.054
11620725,조원동,관악구,여가_문화_지출_총금액,여가_문화,397461000.0,181879243.0,215581757.0,118.53,0.656
11620735,대학동,관악구,여가_문화_지출_총금액,여가_문화,327672000.0,839400323.0,-511728323.0,-60.96,-0.79
11620745,삼성동,관악구,여가_문화_지출_총금액,여가_문화,90219500.0,91754259.0,-1534759.0,-1.67,-0.014
11620765,미성동,관악구,여가_문화_지출_총금액,여가_문화,179181000.0,311168344.0,-131987344.0,-42.42,-0.463
11620775,난곡동,관악구,여가_문화_지출_총금액,여가_문화,87307000.0,135232779.0,-47925779.0,-35.44,-0.367
11650510,서초1동,서초구,여가_문화_지출_총금액,여가_문화,1176832500.0,2601119727.0,-1424287227.0,-54.76,-0.666
11650520,서초2동,서초구,여가_문화_지출_총금액,여가_문화,1684902250.0,4714856790.0,-3029954540.0,-64.26,-0.864
11650530,서초3동,서초구,여가_문화_지출_총금액,여가_문화,191103745000.0,7214459052.0,183889285948.0,2548.9,2.75
11650531,서초4동,서초구,여가_문화_지출_총금액,여가_문화,1469072750.0,3157273471.0,-1688200721.0,-53.47,-0.642
11650540,잠원동,서초구,여가_문화_지출_총금액,여가_문화,492474250.0,1292072371.0,-799598121.0,-61.88,-0.81
11650550,반포본동,서초구,여가_문화_지출_총금액,여가_문화,53088000.0,463822193.0,-410734193.0,-88.55,-1.819
11650560,반포1동,서초구,여가_문화_지출_총금액,여가_문화,895607750.0,844789919.0,50817831.0,6.02,0.049
11650570,반포2동,서초구,여가_문화_지출_총금액,여가_문화,82264250.0,334829623.0,-252565373.0,-75.43,-1.178
11650580,반포3동,서초구,여가_문화_지출_총금액,여가_문화,739804250.0,577466839.0,162337411.0,28.11,0.208
11650581,반포4동,서초구,여가_문화_지출_총금액,여가_문화,1432068250.0,1933783832.0,-501715582.0,-25.94,-0.252
11650590,방배본동,서초구,여가_문화_지출_총금액,여가_문화,338686500.0,663315316.0,-324628816.0,-48.94,-0.564
11650600,방배1동,서초구,여가_문화_지출_총금액,여가_문화,280690000.0,651488982.0,-370798982.0,-56.92,-0.707
11650610,방배2동,서초구,여가_문화_지출_총금액,여가_문화,72059484750.0,504997963.0,71554486787.0,14169.26,4.164
11650620,방배3동,서초구,여가_문화_지출_총금액,여가_문화,143931000.0,449727723.0,-305796723.0,-68.0,-0.956
11650621,방배4동,서초구,여가_문화_지출_총금액,여가_문화,466156000.0,1492396076.0,-1026240076.0,-68.76,-0.977
11650651,양재1동,서초구,여가_문화_지출_총금액,여가_문화,707005250.0,2466871369.0,-1759866119.0,-71.34,-1.049
11650652,양재2동,서초구,여가_문화_지출_총금액,여가_문화,726676500.0,1771434018.0,-1044757518.0,-58.98,-0.748
11650660,내곡동,서초구,여가_문화_지출_총금액,여가_문화,373141250.0,305001329.0,68139921.0,22.34,0.169
11680510,신사동,강남구,여가_문화_지출_총금액,여가_문화,6999064500.0,5360559453.0,1638505047.0,30.57,0.224
11680521,논현1동,강남구,여가_문화_지출_총금액,여가_문화,8794601250.0,6243911034.0,2550690216.0,40.85,0.288
11680531,논현2동,강남구,여가_문화_지출_총금액,여가_문화,2724556500.0,4383076676.0,-1658520176.0,-37.84,-0.399
11680545,압구정동,강남구,여가_문화_지출_총금액,여가_문화,6984642750.0,9528855180.0,-2544212430.0,-26.7,-0.261
11680565,청담동,강남구,여가_문화_지출_총금액,여가_문화,1582261750.0,7635444985.0,-6053183235.0,-79.28,-1.321
11680580,삼성1동,강남구,여가_문화_지출_총금액,여가_문화,10812331750.0,7074129232.0,3738202518.0,52.84,0.356
11680590,삼성2동,강남구,여가_문화_지출_총금액,여가_문화,1120359500.0,2977839792.0,-1857480292.0,-62.38,-0.821
11680600,대치1동,강남구,여가_문화_지출_총금액,여가_문화,1005845500.0,1246141476.0,-240295976.0,-19.28,-0.18
11680610,대치2동,강남구,여가_문화_지출_총금액,여가_문화,1345050250.0,4918880348.0,-3573830098.0,-72.66,-1.088
11680630,대치4동,강남구,여가_문화_지출_총금액,여가_문화,957697750.0,2299295510.0,-1341597760.0,-58.35,-0.735
11680640,역삼1동,강남구,여가_문화_지출_총금액,여가_문화,1093768823250.0,24072916164.0,1069695907086.0,4443.57,3.203
11680650,역삼2동,강남구,여가_문화_지출_총금액,여가_문화,162405259750.0,2522933105.0,159882326645.0,6337.16,3.496
11680655,도곡1동,강남구,여가_문화_지출_총금액,여가_문화,18980829500.0,1586064249.0,17394765251.0,1096.73,2.083
11680656,도곡2동,강남구,여가_문화_지출_총금액,여가_문화,66593602250.0,2593334376.0,64000267874.0,2467.88,2.724
11680660,개포1동,강남구,여가_문화_지출_총금액,여가_문화,3153750.0,87310584.0,-84156834.0,-96.39,-2.787
11680670,개포2동,강남구,여가_문화_지출_총금액,여가_문화,143340000.0,531081016.0,-387741016.0,-73.01,-1.099
11680690,개포4동,강남구,여가_문화_지출_총금액,여가_문화,285178750.0,405885228.0,-120706478.0,-29.74,-0.296
11680700,세곡동,강남구,여가_문화_지출_총금액,여가_문화,362980000.0,195383204.0,167596796.0,85.78,0.52
11680720,일원본동,강남구,여가_문화_지출_총금액,여가_문화,174749500.0,84887663.0,89861837.0,105.86,0.606
11680730,일원1동,강남구,여가_문화_지출_총금액,여가_문화,130312000.0,140864848.0,-10552848.0,-7.49,-0.065
11680740,일원2동,강남구,여가_문화_지출_총금액,여가_문화,82577000.0,46749075.0,35827925.0,76.64,0.478
11680750,수서동,강남구,여가_문화_지출_총금액,여가_문화,119223840750.0,528443556.0,118695397194.0,22461.32,4.548
11710510,풍납1동,송파구,여가_문화_지출_총금액,여가_문화,62511750.0,65480976.0,-2969226.0,-4.53,-0.039
11710520,풍납2동,송파구,여가_문화_지출_총금액,여가_문화,472069000.0,373000003.0,99068997.0,26.56,0.198
11710531,거여1동,송파구,여가_문화_지출_총금액,여가_문화,91407250.0,101457538.0,-10050288.0,-9.91,-0.088
11710532,거여2동,송파구,여가_문화_지출_총금액,여가_문화,259059000.0,224110775.0,34948225.0,15.59,0.122
11710540,마천1동,송파구,여가_문화_지출_총금액,여가_문화,32261750.0,125666575.0,-93404825.0,-74.33,-1.141
11710550,마천2동,송파구,여가_문화_지출_총금액,여가_문화,99151000.0,239430698.0,-140279698.0,-58.59,-0.74
11710561,방이1동,송파구,여가_문화_지출_총금액,여가_문화,156722250.0,231001646.0,-74279396.0,-32.16,-0.326
11710562,방이2동,송파구,여가_문화_지출_총금액,여가_문화,130672878000.0,1535300755.0,129137577245.0,8411.22,3.73
11710566,오륜동,송파구,여가_문화_지출_총금액,여가_문화,505689750.0,600903111.0,-95213361.0,-15.85,-0.145
11710570,오금동,송파구,여가_문화_지출_총금액,여가_문화,355186000.0,980950640.0,-625764640.0,-63.79,-0.853
11710580,송파1동,송파구,여가_문화_지출_총금액,여가_문화,567454500.0,624407982.0,-56953482.0,-9.12,-0.08
11710590,송파2동,송파구,여가_문화_지출_총금액,여가_문화,154593000.0,225714878.0,-71121878.0,-31.51,-0.318
11710600,석촌동,송파구,여가_문화_지출_총금액,여가_문화,649362500.0,954104180.0,-304741680.0,-31.94,-0.323
11710610,삼전동,송파구,여가_문화_지출_총금액,여가_문화,709568500.0,430236100.0,279332400.0,64.93,0.42
11710620,가락본동,송파구,여가_문화_지출_총금액,여가_문화,762139000.0,1291997841.0,-529858841.0,-41.01,-0.443
11710631,가락1동,송파구,여가_문화_지출_총금액,여가_문화,194704500.0,524549856.0,-329845356.0,-62.88,-0.832
11710632,가락2동,송파구,여가_문화_지출_총금액,여가_문화,318158250.0,826795908.0,-508637658.0,-61.52,-0.802
11710641,문정1동,송파구,여가_문화_지출_총금액,여가_문화,518719750.0,224158311.0,294561439.0,131.41,0.704
11710642,문정2동,송파구,여가_문화_지출_총금액,여가_문화,1102310500.0,2756507243.0,-1654196743.0,-60.01,-0.769
11710646,장지동,송파구,여가_문화_지출_총금액,여가_문화,185764250.0,466752178.0,-280987928.0,-60.2,-0.773
11710647,위례동,송파구,여가_문화_지출_총금액,여가_문화,210983500.0,26322985.0,184660515.0,701.52,1.747
11710650,잠실본동,송파구,여가_문화_지출_총금액,여가_문화,1384217250.0,1972659789.0,-588442539.0,-29.83,-0.297
11710670,잠실2동,송파구,여가_문화_지출_총금액,여가_문화,395544000.0,624504189.0,-228960189.0,-36.66,-0.383
11710680,잠실3동,송파구,여가_문화_지출_총금액,여가_문화,4821042000.0,996486667.0,3824555333.0,383.8,1.323
11710690,잠실4동,송파구,여가_문화_지출_총금액,여가_문화,65544000.0,386204757.0,-320660757.0,-83.03,-1.489
11710710,잠실6동,송파구,여가_문화_지출_총금액,여가_문화,23082565000.0,3412447987.0,19670117013.0,576.42,1.605
11710720,잠실7동,송파구,여가_문화_지출_총금액,여가_문화,91597000.0,33124961.0,58472039.0,176.52,0.854
11740515,강일동,강동구,여가_문화_지출_총금액,여가_문화,178977000.0,292438923.0,-113461923.0,-38.8,-0.412
11740520,상일동,강동구,여가_문화_지출_총금액,여가_문화,573054000.0,187090147.0,385963853.0,206.3,0.94
11740530,명일1동,강동구,여가_문화_지출_총금액,여가_문화,268761250.0,800543021.0,-531781771.0,-66.43,-0.916
11740540,명일2동,강동구,여가_문화_지출_총금액,여가_문화,350406000.0,476850697.0,-126444697.0,-26.52,-0.259
11740550,고덕1동,강동구,여가_문화_지출_총금액,여가_문화,73194750.0,113618041.0,-40423291.0,-35.58,-0.369
11740560,고덕2동,강동구,여가_문화_지출_총금액,여가_문화,116763250.0,135810280.0,-19047030.0,-14.02,-0.127
11740570,암사1동,강동구,여가_문화_지출_총금액,여가_문화,229748750.0,199020460.0,30728290.0,15.44,0.121
11740580,암사2동,강동구,여가_문화_지출_총금액,여가_문화,247151500.0,241332860.0,5818640.0,2.41,0.02
11740590,암사3동,강동구,여가_문화_지출_총금액,여가_문화,130165000.0,19624953.0,110540047.0,563.26,1.588
11740600,천호1동,강동구,여가_문화_지출_총금액,여가_문화,235753000.0,226211877.0,9541123.0,4.22,0.035
11740610,천호2동,강동구,여가_문화_지출_총금액,여가_문화,54770722000.0,709749023.0,54060972977.0,7616.91,3.648
11740620,천호3동,강동구,여가_문화_지출_총금액,여가_문화,431380750.0,345241697.0,86139053.0,24.95,0.187
11740640,성내1동,강동구,여가_문화_지출_총금액,여가_문화,365545750.0,484438534.0,-118892784.0,-24.54,-0.236
11740650,성내2동,강동구,여가_문화_지출_총금액,여가_문화,262082500.0,440151711.0,-178069211.0,-40.46,-0.435
11740660,성내3동,강동구,여가_문화_지출_총금액,여가_문화,502976250.0,760600798.0,-257624548.0,-33.87,-0.347
11740685,길동,강동구,여가_문화_지출_총금액,여가_문화,737450750.0,1918235995.0,-1180785245.0,-61.56,-0.802
11740690,둔촌1동,강동구,여가_문화_지출_총금액,여가_문화,6930750.0,3042273.0,3888477.0,127.81,0.691
11740700,둔촌2동,강동구,여가_문화_지출_총금액,여가_문화,311680750.0,468146058.0,-156465308.0,-33.42,-0.341
11110515,청운효자동,종로구,식료품_지출_총금액,식료품_마트,962498250.0,736348450.0,226149800.0,30.71,0.497
11110530,사직동,종로구,식료품_지출_총금액,식료품_마트,1745658250.0,1569698837.0,175959413.0,11.21,0.197
11110540,삼청동,종로구,식료품_지출_총금액,식료품_마트,657870500.0,253736960.0,404133540.0,159.27,1.766
11110550,부암동,종로구,식료품_지출_총금액,식료품_마트,244455750.0,359188779.0,-114733029.0,-31.94,-0.713
11110560,평창동,종로구,식료품_지출_총금액,식료품_마트,721526250.0,778859991.0,-57333741.0,-7.36,-0.142
11110570,무악동,종로구,식료품_지출_총금액,식료품_마트,283346750.0,413040318.0,-129693568.0,-31.4,-0.699
11110580,교남동,종로구,식료품_지출_총금액,식료품_마트,383676250.0,806621802.0,-422945552.0,-52.43,-1.378
11110600,가회동,종로구,식료품_지출_총금액,식료품_마트,620625500.0,301449155.0,319176345.0,105.88,1.339
11110615,종로1?2?3?4가동,종로구,식료품_지출_총금액,식료품_마트,4636820000.0,3826421294.0,810398706.0,21.18,0.356
11110630,종로5?6가동,종로구,식료품_지출_총금액,식료품_마트,758270000.0,1526243281.0,-767973281.0,-50.32,-1.297
11110640,이화동,종로구,식료품_지출_총금액,식료품_마트,1101422000.0,920804717.0,180617283.0,19.62,0.332
11110650,혜화동,종로구,식료품_지출_총금액,식료품_마트,1766835250.0,1514206892.0,252628358.0,16.68,0.286
11110670,창신1동,종로구,식료품_지출_총금액,식료품_마트,484853000.0,707987254.0,-223134254.0,-31.52,-0.702
11110680,창신2동,종로구,식료품_지출_총금액,식료품_마트,434895000.0,479258988.0,-44363988.0,-9.26,-0.18
11110690,창신3동,종로구,식료품_지출_총금액,식료품_마트,231113250.0,187134150.0,43979100.0,23.5,0.391
11110700,숭인1동,종로구,식료품_지출_총금액,식료품_마트,495410750.0,321656677.0,173754073.0,54.02,0.801
11110710,숭인2동,종로구,식료품_지출_총금액,식료품_마트,557197500.0,842123721.0,-284926221.0,-33.83,-0.766
11140520,소공동,중구,식료품_지출_총금액,식료품_마트,1556543250.0,982699078.0,573844172.0,58.39,0.853
11140540,회현동,중구,식료품_지출_총금액,식료품_마트,13470770250.0,1430770124.0,12040000126.0,841.5,4.157
11140550,명동,중구,식료품_지출_총금액,식료품_마트,2549828000.0,2184235989.0,365592011.0,16.74,0.287
11140570,필동,중구,식료품_지출_총금액,식료품_마트,932873500.0,807521192.0,125352308.0,15.52,0.268
11140580,장충동,중구,식료품_지출_총금액,식료품_마트,414225000.0,380393766.0,33831234.0,8.89,0.158
11140590,광희동,중구,식료품_지출_총금액,식료품_마트,1386227000.0,1555458909.0,-169231909.0,-10.88,-0.214
11140605,을지로동,중구,식료품_지출_총금액,식료품_마트,1322237750.0,1027494029.0,294743721.0,28.69,0.468
11140615,신당동,중구,식료품_지출_총금액,식료품_마트,862393000.0,1052292411.0,-189899411.0,-18.05,-0.369
11140625,다산동,중구,식료품_지출_총금액,식료품_마트,721305000.0,1014682090.0,-293377090.0,-28.91,-0.633
11140635,약수동,중구,식료품_지출_총금액,식료품_마트,1323841750.0,926320578.0,397521172.0,42.91,0.662
11140645,청구동,중구,식료품_지출_총금액,식료품_마트,236639500.0,431224176.0,-194584676.0,-45.12,-1.113
11140650,신당5동,중구,식료품_지출_총금액,식료품_마트,502977250.0,561705785.0,-58728535.0,-10.46,-0.205
11140665,동화동,중구,식료품_지출_총금액,식료품_마트,597470750.0,586677410.0,10793340.0,1.84,0.034
11140670,황학동,중구,식료품_지출_총금액,식료품_마트,1138027000.0,917286660.0,220740340.0,24.06,0.4
11140680,중림동,중구,식료품_지출_총금액,식료품_마트,563255000.0,639129435.0,-75874435.0,-11.87,-0.234
11170510,후암동,용산구,식료품_지출_총금액,식료품_마트,944421250.0,788126748.0,156294502.0,19.83,0.335
11170520,용산2가동,용산구,식료품_지출_총금액,식료품_마트,143882542250.0,565156599.0,143317385651.0,25358.88,10.27
11170530,남영동,용산구,식료품_지출_총금액,식료품_마트,2108467000.0,985950551.0,1122516449.0,113.85,1.409
11170555,청파동,용산구,식료품_지출_총금액,식료품_마트,869035750.0,1278871604.0,-409835854.0,-32.05,-0.716
11170560,원효로1동,용산구,식료품_지출_총금액,식료품_마트,476659250.0,879726321.0,-403067071.0,-45.82,-1.136
11170570,원효로2동,용산구,식료품_지출_총금액,식료품_마트,267986750.0,638813890.0,-370827140.0,-58.05,-1.61
11170580,효창동,용산구,식료품_지출_총금액,식료품_마트,449086250.0,634568697.0,-185482447.0,-29.23,-0.641
11170590,용문동,용산구,식료품_지출_총금액,식료품_마트,727115500.0,435982100.0,291133400.0,66.78,0.948
11170625,한강로동,용산구,식료품_지출_총금액,식료품_마트,3431074000.0,2658175120.0,772898880.0,29.08,0.473
11170630,이촌1동,용산구,식료품_지출_총금액,식료품_마트,786481750.0,1366500741.0,-580018991.0,-42.45,-1.024
11170640,이촌2동,용산구,식료품_지출_총금액,식료품_마트,233246250.0,252045616.0,-18799366.0,-7.46,-0.144
11170650,이태원1동,용산구,식료품_지출_총금액,식료품_마트,811995500.0,549946571.0,262048929.0,47.65,0.722
11170660,이태원2동,용산구,식료품_지출_총금액,식료품_마트,495224000.0,493673068.0,1550932.0,0.31,0.006
11170685,한남동,용산구,식료품_지출_총금액,식료품_마트,1349464500.0,1722604495.0,-373139995.0,-21.66,-0.453
11170690,서빙고동,용산구,식료품_지출_총금액,식료품_마트,417700250.0,467134668.0,-49434418.0,-10.58,-0.207
11170700,보광동,용산구,식료품_지출_총금액,식료품_마트,391303250.0,574669433.0,-183366183.0,-31.91,-0.712
11200520,왕십리2동,성동구,식료품_지출_총금액,식료품_마트,479263750.0,671789067.0,-192525317.0,-28.66,-0.626
11200535,왕십리도선동,성동구,식료품_지출_총금액,식료품_마트,1639711250.0,1748242783.0,-108531533.0,-6.21,-0.119
11200540,마장동,성동구,식료품_지출_총금액,식료품_마트,2390662750.0,1211253622.0,1179409128.0,97.37,1.261
11200550,사근동,성동구,식료품_지출_총금액,식료품_마트,1125183000.0,1023468427.0,101714573.0,9.94,0.176
11200560,행당1동,성동구,식료품_지출_총금액,식료품_마트,940658250.0,1329635321.0,-388977071.0,-29.25,-0.642
11200570,행당2동,성동구,식료품_지출_총금액,식료품_마트,536503750.0,658063656.0,-121559906.0,-18.47,-0.379
11200580,응봉동,성동구,식료품_지출_총금액,식료품_마트,219444500.0,460997052.0,-241552552.0,-52.4,-1.376
11200590,금호1가동,성동구,식료품_지출_총금액,식료품_마트,431739500.0,683898510.0,-252159010.0,-36.87,-0.853
11200615,금호2?3가동,성동구,식료품_지출_총금액,식료품_마트,997949750.0,1130801976.0,-132852226.0,-11.75,-0.232
11200620,금호4가동,성동구,식료품_지출_총금액,식료품_마트,1185106250.0,692019404.0,493086846.0,71.25,0.997
11200645,옥수동,성동구,식료품_지출_총금액,식료품_마트,1293146250.0,1158305550.0,134840700.0,11.64,0.204
11200650,성수1가1동,성동구,식료품_지출_총금액,식료품_마트,696927750.0,736099868.0,-39172118.0,-5.32,-0.101
11200660,성수1가2동,성동구,식료품_지출_총금액,식료품_마트,2147787750.0,951694488.0,1196093262.0,125.68,1.509
11200670,성수2가1동,성동구,식료품_지출_총금액,식료품_마트,2293261500.0,1087416159.0,1205845341.0,110.89,1.383
11200690,성수2가3동,성동구,식료품_지출_총금액,식료품_마트,2675484250.0,1235576048.0,1439908202.0,116.54,1.432
11200720,송정동,성동구,식료품_지출_총금액,식료품_마트,247673250.0,472363158.0,-224689908.0,-47.57,-1.197
11200790,용답동,성동구,식료품_지출_총금액,식료품_마트,941928250.0,859768952.0,82159298.0,9.56,0.169
11215710,화양동,광진구,식료품_지출_총금액,식료품_마트,2286142750.0,1993405915.0,292736835.0,14.69,0.254
11215730,군자동,광진구,식료품_지출_총금액,식료품_마트,1542170250.0,1322820041.0,219350209.0,16.58,0.284
11215740,중곡1동,광진구,식료품_지출_총금액,식료품_마트,1820273000.0,770205937.0,1050067063.0,136.34,1.595
11215750,중곡2동,광진구,식료품_지출_총금액,식료품_마트,909808000.0,1246754301.0,-336946301.0,-27.03,-0.584
11215760,중곡3동,광진구,식료품_지출_총금액,식료품_마트,628795750.0,905923121.0,-277127371.0,-30.59,-0.677
11215770,중곡4동,광진구,식료품_지출_총금액,식료품_마트,1206756000.0,1177572395.0,29183605.0,2.48,0.045
11215780,능동,광진구,식료품_지출_총금액,식료품_마트,761078500.0,533632623.0,227445877.0,42.62,0.658
11215810,광장동,광진구,식료품_지출_총금액,식료품_마트,2012848750.0,1707718601.0,305130149.0,17.87,0.305
11215820,자양1동,광진구,식료품_지출_총금액,식료품_마트,1941346750.0,1460845594.0,480501156.0,32.89,0.527
11215830,자양2동,광진구,식료품_지출_총금액,식료품_마트,865319750.0,1048262718.0,-182942968.0,-17.45,-0.356
11215840,자양3동,광진구,식료품_지출_총금액,식료품_마트,1203494750.0,1228362162.0,-24867412.0,-2.02,-0.038
11215847,자양4동,광진구,식료품_지출_총금액,식료품_마트,2404923250.0,1392310284.0,1012612966.0,72.73,1.013
11215850,구의1동,광진구,식료품_지출_총금액,식료품_마트,884297000.0,1144943761.0,-260646761.0,-22.77,-0.479
11215860,구의2동,광진구,식료품_지출_총금액,식료품_마트,1406399750.0,1262338730.0,144061020.0,11.41,0.2
11215870,구의3동,광진구,식료품_지출_총금액,식료품_마트,2082827250.0,1711106272.0,371720978.0,21.72,0.364
11230536,용신동,동대문구,식료품_지출_총금액,식료품_마트,3914073250.0,3477869900.0,436203350.0,12.54,0.219
11230545,제기동,동대문구,식료품_지출_총금액,식료품_마트,6667496750.0,2662060547.0,4005436203.0,150.46,1.702
11230560,전농1동,동대문구,식료품_지출_총금액,식료품_마트,1899821750.0,1841062207.0,58759543.0,3.19,0.058
11230570,전농2동,동대문구,식료품_지출_총금액,식료품_마트,451344000.0,870410032.0,-419066032.0,-48.15,-1.218
11230600,답십리1동,동대문구,식료품_지출_총금액,식료품_마트,1395101250.0,1340724997.0,54376253.0,4.06,0.074
11230610,답십리2동,동대문구,식료품_지출_총금액,식료품_마트,1407248500.0,1363485882.0,43762618.0,3.21,0.059
11230650,장안1동,동대문구,식료품_지출_총금액,식료품_마트,2645054750.0,2698238064.0,-53183314.0,-1.97,-0.037
11230660,장안2동,동대문구,식료품_지출_총금액,식료품_마트,3058357250.0,1911973262.0,1146383988.0,59.96,0.871
11230705,청량리동,동대문구,식료품_지출_총금액,식료품_마트,993283500.0,1447342324.0,-454058824.0,-31.37,-0.698
11230710,회기동,동대문구,식료품_지출_총금액,식료품_마트,837010250.0,783646352.0,53363898.0,6.81,0.122
11230720,휘경1동,동대문구,식료품_지출_총금액,식료품_마트,1165165250.0,981425354.0,183739896.0,18.72,0.318
11230730,휘경2동,동대문구,식료품_지출_총금액,식료품_마트,518102250.0,859895275.0,-341793025.0,-39.75,-0.939
11230740,이문1동,동대문구,식료품_지출_총금액,식료품_마트,976546000.0,1515840431.0,-539294431.0,-35.58,-0.815
11230750,이문2동,동대문구,식료품_지출_총금액,식료품_마트,620182750.0,692058852.0,-71876102.0,-10.39,-0.203
11260520,면목2동,중랑구,식료품_지출_총금액,식료품_마트,811710250.0,1077139162.0,-265428912.0,-24.64,-0.525
11260540,면목4동,중랑구,식료품_지출_총금액,식료품_마트,448720500.0,714818522.0,-266098022.0,-37.23,-0.863
11260550,면목5동,중랑구,식료품_지출_총금액,식료품_마트,339166500.0,457946363.0,-118779863.0,-25.94,-0.557
11260565,면목본동,중랑구,식료품_지출_총금액,식료품_마트,1511929750.0,1927719471.0,-415789721.0,-21.57,-0.45
11260570,면목7동,중랑구,식료품_지출_총금액,식료품_마트,1720772000.0,1166258828.0,554513172.0,47.55,0.721
11260575,면목3?8동,중랑구,식료품_지출_총금액,식료품_마트,1273254000.0,1564766136.0,-291512136.0,-18.63,-0.382
11260580,상봉1동,중랑구,식료품_지출_총금액,식료품_마트,2389928500.0,1086607257.0,1303321243.0,119.94,1.461
11260590,상봉2동,중랑구,식료품_지출_총금액,식료품_마트,2036372500.0,1420105020.0,616267480.0,43.4,0.668
11260600,중화1동,중랑구,식료품_지출_총금액,식료품_마트,690810500.0,871790043.0,-180979543.0,-20.76,-0.431
11260610,중화2동,중랑구,식료품_지출_총금액,식료품_마트,1297863500.0,1477396486.0,-179532986.0,-12.15,-0.24
11260620,묵1동,중랑구,식료품_지출_총금액,식료품_마트,1270888500.0,1525243650.0,-254355150.0,-16.68,-0.338
11260630,묵2동,중랑구,식료품_지출_총금액,식료품_마트,836266750.0,999824042.0,-163557292.0,-16.36,-0.331
11260655,망우본동,중랑구,식료품_지출_총금액,식료품_마트,1800184250.0,2866120803.0,-1065936553.0,-37.19,-0.862
11260660,망우3동,중랑구,식료품_지출_총금액,식료품_마트,470241750.0,589343073.0,-119101323.0,-20.21,-0.419
11260680,신내1동,중랑구,식료품_지출_총금액,식료품_마트,1641706750.0,1658460220.0,-16753470.0,-1.01,-0.019
11260690,신내2동,중랑구,식료품_지출_총금액,식료품_마트,1720060500.0,847140795.0,872919705.0,103.04,1.313
11290525,성북동,성북구,식료품_지출_총금액,식료품_마트,895092750.0,1157051600.0,-261958850.0,-22.64,-0.476
11290555,삼선동,성북구,식료품_지출_총금액,식료품_마트,2955049250.0,1849994356.0,1105054894.0,59.73,0.868
11290575,동선동,성북구,식료품_지출_총금액,식료품_마트,1445340500.0,1461563901.0,-16223401.0,-1.11,-0.021
11290580,돈암1동,성북구,식료품_지출_총금액,식료품_마트,277707750.0,373035601.0,-95327851.0,-25.55,-0.547
11290590,돈암2동,성북구,식료품_지출_총금액,식료품_마트,223074250.0,684562404.0,-461488154.0,-67.41,-2.079
11290600,안암동,성북구,식료품_지출_총금액,식료품_마트,1321940500.0,1491121751.0,-169181251.0,-11.35,-0.223
11290610,보문동,성북구,식료품_지출_총금액,식료품_마트,597136500.0,991187410.0,-394050910.0,-39.76,-0.94
11290620,정릉1동,성북구,식료품_지출_총금액,식료품_마트,525299500.0,653698528.0,-128399028.0,-19.64,-0.405
11290630,정릉2동,성북구,식료품_지출_총금액,식료품_마트,1392431000.0,1057142613.0,335288387.0,31.72,0.511
11290640,정릉3동,성북구,식료품_지출_총금액,식료품_마트,857041500.0,635709828.0,221331672.0,34.82,0.554
11290650,정릉4동,성북구,식료품_지출_총금액,식료품_마트,1066681500.0,1230538613.0,-163857113.0,-13.32,-0.265
11290660,길음1동,성북구,식료품_지출_총금액,식료품_마트,2065248000.0,1537109586.0,528138414.0,34.36,0.548
11290685,길음2동,성북구,식료품_지출_총금액,식료품_마트,398707250.0,1052971922.0,-654264672.0,-62.14,-1.8
11290705,종암동,성북구,식료품_지출_총금액,식료품_마트,2509653250.0,2232964470.0,276688780.0,12.39,0.217
11290715,월곡1동,성북구,식료품_지출_총금액,식료품_마트,694353500.0,1271221294.0,-576867794.0,-45.38,-1.121
11290725,월곡2동,성북구,식료품_지출_총금액,식료품_마트,1681410750.0,1455779271.0,225631479.0,15.5,0.267
11290760,장위1동,성북구,식료품_지출_총금액,식료품_마트,517466000.0,999877796.0,-482411796.0,-48.25,-1.221
11290770,장위2동,성북구,식료품_지출_총금액,식료품_마트,543760000.0,930673610.0,-386913610.0,-41.57,-0.996
11290780,장위3동,성북구,식료품_지출_총금액,식료품_마트,537267000.0,613347427.0,-76080427.0,-12.4,-0.246
11290810,석관동,성북구,식료품_지출_총금액,식료품_마트,1907569750.0,2043081863.0,-135512113.0,-6.63,-0.127
11305534,삼양동,강북구,식료품_지출_총금액,식료품_마트,1640619250.0,1620871733.0,19747517.0,1.22,0.022
11305535,미아동,강북구,식료품_지출_총금액,식료품_마트,1036640750.0,1490925319.0,-454284569.0,-30.47,-0.674
11305545,송중동,강북구,식료품_지출_총금액,식료품_마트,1389769500.0,1928549712.0,-538780212.0,-27.94,-0.607
11305555,송천동,강북구,식료품_지출_총금액,식료품_마트,1339098000.0,1875595690.0,-536497690.0,-28.6,-0.625
11305575,삼각산동,강북구,식료품_지출_총금액,식료품_마트,1092031250.0,926086347.0,165944903.0,17.92,0.306
11305595,번1동,강북구,식료품_지출_총금액,식료품_마트,837720750.0,1300574018.0,-462853268.0,-35.59,-0.816
11305603,번2동,강북구,식료품_지출_총금액,식료품_마트,246202000.0,680198874.0,-433996874.0,-63.8,-1.884
11305608,번3동,강북구,식료품_지출_총금액,식료품_마트,937085750.0,736155613.0,200930137.0,27.29,0.447
11305615,수유1동,강북구,식료품_지출_총금액,식료품_마트,2046402000.0,1343562388.0,702839612.0,52.31,0.78
11305625,수유2동,강북구,식료품_지출_총금액,식료품_마트,778309000.0,1022761642.0,-244452642.0,-23.9,-0.506
11305635,수유3동,강북구,식료품_지출_총금액,식료품_마트,1829982500.0,1851396663.0,-21414163.0,-1.16,-0.022
11305645,우이동,강북구,식료품_지출_총금액,식료품_마트,902399750.0,1102416016.0,-200016266.0,-18.14,-0.371
11305660,인수동,강북구,식료품_지출_총금액,식료품_마트,1023863500.0,1799670590.0,-775807090.0,-43.11,-1.046
11320511,창1동,도봉구,식료품_지출_총금액,식료품_마트,892134750.0,931022868.0,-38888118.0,-4.18,-0.079
11320512,창2동,도봉구,식료품_지출_총금액,식료품_마트,1138668500.0,1152435516.0,-13767016.0,-1.19,-0.022
11320513,창3동,도봉구,식료품_지출_총금액,식료품_마트,494061500.0,601602894.0,-107541394.0,-17.88,-0.365
11320514,창4동,도봉구,식료품_지출_총금액,식료품_마트,731347250.0,1075554259.0,-344207009.0,-32.0,-0.715
11320515,창5동,도봉구,식료품_지출_총금액,식료품_마트,1154311500.0,1342910770.0,-188599270.0,-14.04,-0.281
11320521,도봉1동,도봉구,식료품_지출_총금액,식료품_마트,1496564750.0,1055956880.0,440607870.0,41.73,0.647
11320522,도봉2동,도봉구,식료품_지출_총금액,식료품_마트,980105500.0,1083504015.0,-103398515.0,-9.54,-0.186
11320660,쌍문1동,도봉구,식료품_지출_총금액,식료품_마트,821228250.0,899130256.0,-77902006.0,-8.66,-0.168
11320670,쌍문2동,도봉구,식료품_지출_총금액,식료품_마트,875411250.0,896407557.0,-20996307.0,-2.34,-0.044
11320680,쌍문3동,도봉구,식료품_지출_총금액,식료품_마트,866550250.0,1021304523.0,-154754273.0,-15.15,-0.305
11320681,쌍문4동,도봉구,식료품_지출_총금액,식료품_마트,848018000.0,517359281.0,330658719.0,63.91,0.916
11320690,방학1동,도봉구,식료품_지출_총금액,식료품_마트,3464192000.0,1739656045.0,1724535955.0,99.13,1.277
11320700,방학2동,도봉구,식료품_지출_총금액,식료품_마트,1221866750.0,621181347.0,600685403.0,96.7,1.254
11320710,방학3동,도봉구,식료품_지출_총금액,식료품_마트,365482500.0,938724794.0,-573242294.0,-61.07,-1.749
11350560,월계1동,노원구,식료품_지출_총금액,식료품_마트,1209329750.0,1148201678.0,61128072.0,5.32,0.096
11350570,월계2동,노원구,식료품_지출_총금액,식료품_마트,720732250.0,827069159.0,-106336909.0,-12.86,-0.255
11350580,월계3동,노원구,식료품_지출_총금액,식료품_마트,5496213750.0,982511748.0,4513702002.0,459.4,3.192
11350595,공릉1동,노원구,식료품_지출_총금액,식료품_마트,3525397750.0,2726989846.0,798407904.0,29.28,0.476
11350600,공릉2동,노원구,식료품_지출_총금액,식료품_마트,2515939750.0,2488292490.0,27647260.0,1.11,0.02
11350611,하계1동,노원구,식료품_지출_총금액,식료품_마트,3288394000.0,1124369217.0,2164024783.0,192.47,1.99
11350612,하계2동,노원구,식료품_지출_총금액,식료품_마트,357614000.0,484068395.0,-126454395.0,-26.12,-0.561
11350619,중계본동,노원구,식료품_지출_총금액,식료품_마트,1668277750.0,937523736.0,730754014.0,77.95,1.068
11350621,중계1동,노원구,식료품_지출_총금액,식료품_마트,717425750.0,915373358.0,-197947608.0,-21.62,-0.452
11350624,중계4동,노원구,식료품_지출_총금액,식료품_마트,2466149000.0,981593197.0,1484555803.0,151.24,1.708
11350625,중계2?3동,노원구,식료품_지출_총금액,식료품_마트,5706384250.0,1309189369.0,4397194881.0,335.87,2.729
11350630,상계1동,노원구,식료품_지출_총금액,식료품_마트,3098372250.0,2022058777.0,1076313473.0,53.23,0.791
11350640,상계2동,노원구,식료품_지출_총금액,식료품_마트,1961551750.0,1821941475.0,139610275.0,7.66,0.137
11350665,상계3?4동,노원구,식료품_지출_총금액,식료품_마트,602347000.0,1423374816.0,-821027816.0,-57.68,-1.594
11350670,상계5동,노원구,식료품_지출_총금액,식료품_마트,975958750.0,1142689992.0,-166731242.0,-14.59,-0.292
11350695,상계6?7동,노원구,식료품_지출_총금액,식료품_마트,1675325000.0,2454344681.0,-779019681.0,-31.74,-0.708
11350700,상계8동,노원구,식료품_지출_총금액,식료품_마트,581950750.0,675417829.0,-93467079.0,-13.84,-0.276
11350710,상계9동,노원구,식료품_지출_총금액,식료품_마트,639827750.0,677667254.0,-37839504.0,-5.58,-0.107
11350720,상계10동,노원구,식료품_지출_총금액,식료품_마트,359246000.0,407086219.0,-47840219.0,-11.75,-0.232
11380510,녹번동,은평구,식료품_지출_총금액,식료품_마트,1379226500.0,1837929313.0,-458702813.0,-24.96,-0.532
11380520,불광1동,은평구,식료품_지출_총금액,식료품_마트,1607702500.0,2090146685.0,-482444185.0,-23.08,-0.487
11380530,불광2동,은평구,식료품_지출_총금액,식료품_마트,1782612500.0,1036750850.0,745861650.0,71.94,1.005
11380551,갈현1동,은평구,식료품_지출_총금액,식료품_마트,858159000.0,1220213498.0,-362054498.0,-29.67,-0.653
11380552,갈현2동,은평구,식료품_지출_총금액,식료품_마트,1885657750.0,1430335789.0,455321961.0,31.83,0.512
11380560,구산동,은평구,식료품_지출_총금액,식료품_마트,824691000.0,1190402232.0,-365711232.0,-30.72,-0.68
11380570,대조동,은평구,식료품_지출_총금액,식료품_마트,1812567000.0,2309917762.0,-497350762.0,-21.53,-0.45
11380580,응암1동,은평구,식료품_지출_총금액,식료품_마트,1124111500.0,1629453272.0,-505341772.0,-31.01,-0.688
11380590,응암2동,은평구,식료품_지출_총금액,식료품_마트,616325000.0,932081021.0,-315756021.0,-33.88,-0.767
11380600,응암3동,은평구,식료품_지출_총금액,식료품_마트,4029588250.0,1499045569.0,2530542681.0,168.81,1.833
11380625,역촌동,은평구,식료품_지출_총금액,식료품_마트,2356339250.0,2288881629.0,67457621.0,2.95,0.054
11380631,신사1동,은평구,식료품_지출_총금액,식료품_마트,1268504500.0,1073436332.0,195068168.0,18.17,0.31
11380632,신사2동,은평구,식료품_지출_총금액,식료품_마트,757676000.0,676259133.0,81416867.0,12.04,0.211
11380640,증산동,은평구,식료품_지출_총금액,식료품_마트,425691000.0,803438737.0,-377747737.0,-47.02,-1.178
11380650,수색동,은평구,식료품_지출_총금액,식료품_마트,136805250.0,636352881.0,-499547631.0,-78.5,-2.85
11380690,진관동,은평구,식료품_지출_총금액,식료품_마트,1959380000.0,2642644403.0,-683264403.0,-25.86,-0.555
11410520,천연동,서대문구,식료품_지출_총금액,식료품_마트,1227791500.0,761825318.0,465966182.0,61.16,0.885
11410555,북아현동,서대문구,식료품_지출_총금액,식료품_마트,1017091250.0,1174178771.0,-157087521.0,-13.38,-0.266
11410565,충현동,서대문구,식료품_지출_총금액,식료품_마트,824533500.0,1788453147.0,-963919647.0,-53.9,-1.435
11410585,신촌동,서대문구,식료품_지출_총금액,식료품_마트,3172332000.0,2808009377.0,364322623.0,12.97,0.226
11410615,연희동,서대문구,식료품_지출_총금액,식료품_마트,2146751500.0,2189952591.0,-43201091.0,-1.97,-0.037
11410620,홍제1동,서대문구,식료품_지출_총금액,식료품_마트,752310500.0,1309360187.0,-557049687.0,-42.54,-1.027
11410640,홍제3동,서대문구,식료품_지출_총금액,식료품_마트,1535911750.0,1147505314.0,388406436.0,33.85,0.54
11410655,홍제2동,서대문구,식료품_지출_총금액,식료품_마트,290277500.0,497460618.0,-207183118.0,-41.65,-0.999
11410660,홍은1동,서대문구,식료품_지출_총금액,식료품_마트,492666000.0,846162373.0,-353496373.0,-41.78,-1.003
11410685,홍은2동,서대문구,식료품_지출_총금액,식료품_마트,879217000.0,1248369508.0,-369152508.0,-29.57,-0.65
11410690,남가좌1동,서대문구,식료품_지출_총금액,식료품_마트,791719750.0,722163389.0,69556361.0,9.63,0.17
11410700,남가좌2동,서대문구,식료품_지출_총금액,식료품_마트,1971899500.0,1334820293.0,637079207.0,47.73,0.723
11410710,북가좌1동,서대문구,식료품_지출_총금액,식료품_마트,480150250.0,602898163.0,-122747913.0,-20.36,-0.422
11410720,북가좌2동,서대문구,식료품_지출_총금액,식료품_마트,1066049500.0,1442959937.0,-376910437.0,-26.12,-0.561
11440555,아현동,마포구,식료품_지출_총금액,식료품_마트,2024532250.0,1925180216.0,99352034.0,5.16,0.093
11440565,공덕동,마포구,식료품_지출_총금액,식료품_마트,1114030250.0,2726995123.0,-1612964873.0,-59.15,-1.66
11440585,도화동,마포구,식료품_지출_총금액,식료품_마트,777633000.0,1413527848.0,-635894848.0,-44.99,-1.108
11440590,용강동,마포구,식료품_지출_총금액,식료품_마트,1379858250.0,1268861620.0,110996630.0,8.75,0.155
11440600,대흥동,마포구,식료품_지출_총금액,식료품_마트,1065341000.0,1788418293.0,-723077293.0,-40.43,-0.96
11440610,염리동,마포구,식료품_지출_총금액,식료품_마트,330285750.0,652344729.0,-322058979.0,-49.37,-1.262
11440630,신수동,마포구,식료품_지출_총금액,식료품_마트,713150250.0,861637831.0,-148487581.0,-17.23,-0.351
11440655,서강동,마포구,식료품_지출_총금액,식료품_마트,1372975500.0,1400412153.0,-27436653.0,-1.96,-0.037
11440660,서교동,마포구,식료품_지출_총금액,식료품_마트,6979352250.0,4187056097.0,2792296153.0,66.69,0.947
11440680,합정동,마포구,식료품_지출_총금액,식료품_마트,1799040500.0,1054327419.0,744713081.0,70.63,0.991
11440690,망원1동,마포구,식료품_지출_총금액,식료품_마트,2374186500.0,1147778983.0,1226407517.0,106.85,1.348
11440700,망원2동,마포구,식료품_지출_총금액,식료품_마트,1339794250.0,859114859.0,480679391.0,55.95,0.824
11440710,연남동,마포구,식료품_지출_총금액,식료품_마트,1602452750.0,598353260.0,1004099490.0,167.81,1.826
11440720,성산1동,마포구,식료품_지출_총금액,식료품_마트,2458085500.0,911694701.0,1546390799.0,169.62,1.839
11440730,성산2동,마포구,식료품_지출_총금액,식료품_마트,4907829750.0,1791423971.0,3116405779.0,173.96,1.868
11440740,상암동,마포구,식료품_지출_총금액,식료품_마트,1705962750.0,2326568982.0,-620606232.0,-26.67,-0.575
11470510,목1동,양천구,식료품_지출_총금액,식료품_마트,2351310750.0,2185541362.0,165769388.0,7.58,0.136
11470520,목2동,양천구,식료품_지출_총금액,식료품_마트,1147612000.0,1426634394.0,-279022394.0,-19.56,-0.403
11470530,목3동,양천구,식료품_지출_총금액,식료품_마트,2873793250.0,1152126171.0,1721667079.0,149.43,1.695
11470540,목4동,양천구,식료품_지출_총금액,식료품_마트,2203901750.0,1077798230.0,1126103520.0,104.48,1.326
11470550,목5동,양천구,식료품_지출_총금액,식료품_마트,2014407000.0,1674831354.0,339575646.0,20.28,0.342
11470560,신월1동,양천구,식료품_지출_총금액,식료품_마트,2053374250.0,956767447.0,1096606803.0,114.62,1.416
11470570,신월2동,양천구,식료품_지출_총금액,식료품_마트,1306976750.0,753067223.0,553909527.0,73.55,1.022
11470580,신월3동,양천구,식료품_지출_총금액,식료품_마트,567807500.0,689103595.0,-121296095.0,-17.6,-0.359
11470590,신월4동,양천구,식료품_지출_총금액,식료품_마트,556895500.0,682081523.0,-125186023.0,-18.35,-0.376
11470600,신월5동,양천구,식료품_지출_총금액,식료품_마트,469400250.0,525589599.0,-56189349.0,-10.69,-0.21
11470610,신월6동,양천구,식료품_지출_총금액,식료품_마트,899856250.0,406793480.0,493062770.0,121.21,1.472
11470611,신월7동,양천구,식료품_지출_총금액,식료품_마트,1075265750.0,745140009.0,330125741.0,44.3,0.68
11470620,신정1동,양천구,식료품_지출_총금액,식료품_마트,1058810000.0,944224502.0,114585498.0,12.14,0.212
11470630,신정2동,양천구,식료품_지출_총금액,식료품_마트,1189395500.0,844566479.0,344829021.0,40.83,0.635
11470640,신정3동,양천구,식료품_지출_총금액,식료품_마트,1564288250.0,2031279336.0,-466991086.0,-22.99,-0.484
11470650,신정4동,양천구,식료품_지출_총금액,식료품_마트,2023915500.0,2311874020.0,-287958520.0,-12.46,-0.247
11470670,신정6동,양천구,식료품_지출_총금액,식료품_마트,692251500.0,448828835.0,243422665.0,54.24,0.803
11470680,신정7동,양천구,식료품_지출_총금액,식료품_마트,1335276500.0,966030705.0,369245795.0,38.22,0.6
11500510,염창동,강서구,식료품_지출_총금액,식료품_마트,1873596750.0,2019221241.0,-145624491.0,-7.21,-0.139
11500520,등촌1동,강서구,식료품_지출_총금액,식료품_마트,1063768500.0,1187567518.0,-123799018.0,-10.42,-0.204
11500530,등촌2동,강서구,식료품_지출_총금액,식료품_마트,428746500.0,745561649.0,-316815149.0,-42.49,-1.026
11500535,등촌3동,강서구,식료품_지출_총금액,식료품_마트,1449754000.0,1902814061.0,-453060061.0,-23.81,-0.504
11500540,화곡1동,강서구,식료품_지출_총금액,식료품_마트,2792967500.0,3357929699.0,-564962199.0,-16.82,-0.342
11500550,화곡2동,강서구,식료품_지출_총금액,식료품_마트,454237000.0,570240273.0,-116003273.0,-20.34,-0.422
11500560,화곡3동,강서구,식료품_지출_총금액,식료품_마트,828288500.0,942630421.0,-114341921.0,-12.13,-0.24
11500570,화곡4동,강서구,식료품_지출_총금액,식료품_마트,1171576250.0,1055539542.0,116036708.0,10.99,0.193
11500590,화곡본동,강서구,식료품_지출_총금액,식료품_마트,1971586000.0,1480496334.0,491089666.0,33.17,0.531
11500591,화곡6동,강서구,식료품_지출_총금액,식료품_마트,1307680000.0,1248183542.0,59496458.0,4.77,0.086
11500593,화곡8동,강서구,식료품_지출_총금액,식료품_마트,1936486000.0,1257839441.0,678646559.0,53.95,0.8
11500603,가양1동,강서구,식료품_지출_총금액,식료품_마트,3155395250.0,2351932881.0,803462369.0,34.16,0.545
11500604,가양2동,강서구,식료품_지출_총금액,식료품_마트,1692176000.0,524190728.0,1167985272.0,222.82,2.173
11500605,가양3동,강서구,식료품_지출_총금액,식료품_마트,233775750.0,444366540.0,-210590790.0,-47.39,-1.191
11500611,발산1동,강서구,식료품_지출_총금액,식료품_마트,4046171500.0,2498935088.0,1547236412.0,61.92,0.893
11500615,우장산동,강서구,식료품_지출_총금액,식료품_마트,2207836750.0,1960551508.0,247285242.0,12.61,0.22
11500620,공항동,강서구,식료품_지출_총금액,식료품_마트,1676854750.0,1943867843.0,-267013093.0,-13.74,-0.274
11500630,방화1동,강서구,식료품_지출_총금액,식료품_마트,2111548000.0,2287631362.0,-176083362.0,-7.7,-0.148
11500640,방화2동,강서구,식료품_지출_총금액,식료품_마트,1275770750.0,1164370796.0,111399954.0,9.57,0.169
11500641,방화3동,강서구,식료품_지출_총금액,식료품_마트,775090250.0,788503868.0,-13413618.0,-1.7,-0.032
11530510,신도림동,구로구,식료품_지출_총금액,식료품_마트,1492089250.0,1925061699.0,-432972449.0,-22.49,-0.472
11530520,구로1동,구로구,식료품_지출_총금액,식료품_마트,778457250.0,508763899.0,269693351.0,53.01,0.789
11530530,구로2동,구로구,식료품_지출_총금액,식료품_마트,1261411500.0,2298019181.0,-1036607681.0,-45.11,-1.112
11530540,구로3동,구로구,식료품_지출_총금액,식료품_마트,2289759250.0,2203550207.0,86209043.0,3.91,0.071
11530550,구로4동,구로구,식료품_지출_총금액,식료품_마트,2153087000.0,1417668556.0,735418444.0,51.88,0.775
11530560,구로5동,구로구,식료품_지출_총금액,식료품_마트,5681765750.0,1941888215.0,3739877535.0,192.59,1.99
11530595,가리봉동,구로구,식료품_지출_총금액,식료품_마트,549139500.0,560982740.0,-11843240.0,-2.11,-0.04
11530720,고척1동,구로구,식료품_지출_총금액,식료품_마트,1716107500.0,1294266780.0,421840720.0,32.59,0.523
11530730,고척2동,구로구,식료품_지출_총금액,식료품_마트,1182713750.0,1238670464.0,-55956714.0,-4.52,-0.086
11530740,개봉1동,구로구,식료품_지출_총금액,식료품_마트,1822968500.0,1756500444.0,66468056.0,3.78,0.069
11530750,개봉2동,구로구,식료품_지출_총금액,식료품_마트,1082411500.0,1209176256.0,-126764756.0,-10.48,-0.205
11530760,개봉3동,구로구,식료품_지출_총금액,식료품_마트,1493524750.0,929844217.0,563680533.0,60.62,0.879
11530770,오류1동,구로구,식료품_지출_총금액,식료품_마트,996865000.0,1250996177.0,-254131177.0,-20.31,-0.421
11530780,오류2동,구로구,식료품_지출_총금액,식료품_마트,1938158000.0,1568886045.0,369271955.0,23.54,0.392
11530790,수궁동,구로구,식료품_지출_총금액,식료품_마트,757290750.0,909980293.0,-152689543.0,-16.78,-0.341
11530800,항동,구로구,식료품_지출_총금액,식료품_마트,313334750.0,293528736.0,19806014.0,6.75,0.121
11545510,가산동,금천구,식료품_지출_총금액,식료품_마트,3721298250.0,2739280688.0,982017562.0,35.85,0.568
11545610,독산1동,금천구,식료품_지출_총금액,식료품_마트,2672568750.0,2155879880.0,516688870.0,23.97,0.398
11545620,독산2동,금천구,식료품_지출_총금액,식료품_마트,1009869500.0,768618550.0,241250950.0,31.39,0.506
11545630,독산3동,금천구,식료품_지출_총금액,식료품_마트,1884199000.0,1253051159.0,631147841.0,50.37,0.756
11545640,독산4동,금천구,식료품_지출_총금액,식료품_마트,394871500.0,662869658.0,-267998158.0,-40.43,-0.96
11545670,시흥1동,금천구,식료품_지출_총금액,식료품_마트,3582013000.0,2257536094.0,1324476906.0,58.67,0.856
11545680,시흥2동,금천구,식료품_지출_총금액,식료품_마트,434201750.0,518911921.0,-84710171.0,-16.32,-0.33
11545690,시흥3동,금천구,식료품_지출_총금액,식료품_마트,396774250.0,487511784.0,-90737534.0,-18.61,-0.382
11545700,시흥4동,금천구,식료품_지출_총금액,식료품_마트,768987750.0,639468148.0,129519602.0,20.25,0.342
11545710,시흥5동,금천구,식료품_지출_총금액,식료품_마트,758274500.0,936045460.0,-177770960.0,-18.99,-0.39
11560515,영등포본동,영등포구,식료품_지출_총금액,식료품_마트,1716525250.0,1108433385.0,608091865.0,54.86,0.811
11560535,영등포동,영등포구,식료품_지출_총금액,식료품_마트,3519413250.0,3613703683.0,-94290433.0,-2.61,-0.049
11560540,여의동,영등포구,식료품_지출_총금액,식료품_마트,4256840750.0,4947086846.0,-690246096.0,-13.95,-0.279
11560550,당산1동,영등포구,식료품_지출_총금액,식료품_마트,1228421000.0,1493522994.0,-265101994.0,-17.75,-0.362
11560560,당산2동,영등포구,식료품_지출_총금액,식료품_마트,1838257250.0,2445719232.0,-607461982.0,-24.84,-0.529
11560585,도림동,영등포구,식료품_지출_총금액,식료품_마트,1152600250.0,692143486.0,460456764.0,66.53,0.945
11560605,문래동,영등포구,식료품_지출_총금액,식료품_마트,2408564250.0,2402190496.0,6373754.0,0.27,0.005
11560610,양평1동,영등포구,식료품_지출_총금액,식료품_마트,673990500.0,1037361107.0,-363370607.0,-35.03,-0.799
11560620,양평2동,영등포구,식료품_지출_총금액,식료품_마트,1508279000.0,1342598691.0,165680309.0,12.34,0.216
11560630,신길1동,영등포구,식료품_지출_총금액,식료품_마트,1098886750.0,1167625387.0,-68738637.0,-5.89,-0.112
11560650,신길3동,영등포구,식료품_지출_총금액,식료품_마트,1021154500.0,1038397391.0,-17242891.0,-1.66,-0.031
11560660,신길4동,영등포구,식료품_지출_총금액,식료품_마트,374685750.0,384050635.0,-9364885.0,-2.44,-0.046
11560670,신길5동,영등포구,식료품_지출_총금액,식료품_마트,204238500.0,339180656.0,-134942156.0,-39.78,-0.94
11560680,신길6동,영등포구,식료품_지출_총금액,식료품_마트,1127713000.0,1267961896.0,-140248896.0,-11.06,-0.217
11560690,신길7동,영등포구,식료품_지출_총금액,식료품_마트,844272500.0,821056027.0,23216473.0,2.83,0.052
11560700,대림1동,영등포구,식료품_지출_총금액,식료품_마트,1894043000.0,984042238.0,910000762.0,92.48,1.214
11560710,대림2동,영등포구,식료품_지출_총금액,식료품_마트,1354002250.0,984445786.0,369556464.0,37.54,0.591
11560720,대림3동,영등포구,식료품_지출_총금액,식료품_마트,981341000.0,1481788806.0,-500447806.0,-33.77,-0.764
11590510,노량진1동,동작구,식료품_지출_총금액,식료품_마트,2091795500.0,1857235582.0,234559918.0,12.63,0.22
11590520,노량진2동,동작구,식료품_지출_총금액,식료품_마트,3521828750.0,784145972.0,2737682778.0,349.13,2.785
11590530,상도1동,동작구,식료품_지출_총금액,식료품_마트,2376103750.0,2335433065.0,40670685.0,1.74,0.032
11590540,상도2동,동작구,식료품_지출_총금액,식료품_마트,1370480000.0,1448733693.0,-78253693.0,-5.4,-0.103
11590550,상도3동,동작구,식료품_지출_총금액,식료품_마트,2665496250.0,1077408538.0,1588087712.0,147.4,1.679
11590560,상도4동,동작구,식료품_지출_총금액,식료품_마트,985103750.0,1166827376.0,-181723626.0,-15.57,-0.314
11590605,흑석동,동작구,식료품_지출_총금액,식료품_마트,1600498500.0,1780737509.0,-180239009.0,-10.12,-0.198
11590620,사당1동,동작구,식료품_지출_총금액,식료품_마트,1672615000.0,1620913417.0,51701583.0,3.19,0.058
11590630,사당2동,동작구,식료품_지출_총금액,식료품_마트,2763523750.0,1886826579.0,876697171.0,46.46,0.707
11590640,사당3동,동작구,식료품_지출_총금액,식료품_마트,1108640250.0,919081957.0,189558293.0,20.62,0.348
11590650,사당4동,동작구,식료품_지출_총금액,식료품_마트,1368147750.0,692298029.0,675849721.0,97.62,1.263
11590651,사당5동,동작구,식료품_지출_총금액,식료품_마트,297470500.0,522675449.0,-225204949.0,-43.09,-1.045
11590660,대방동,동작구,식료품_지출_총금액,식료품_마트,1783670500.0,2188559568.0,-404889068.0,-18.5,-0.379
11590670,신대방1동,동작구,식료품_지출_총금액,식료품_마트,1215318000.0,1000262598.0,215055402.0,21.5,0.361
11590680,신대방2동,동작구,식료품_지출_총금액,식료품_마트,1727520000.0,1405454251.0,322065749.0,22.92,0.383
11620525,보라매동,관악구,식료품_지출_총금액,식료품_마트,1167980250.0,784879560.0,383100690.0,48.81,0.737
11620545,청림동,관악구,식료품_지출_총금액,식료품_마트,657294000.0,509847463.0,147446537.0,28.92,0.471
11620565,성현동,관악구,식료품_지출_총금액,식료품_마트,534251000.0,903181275.0,-368930275.0,-40.85,-0.973
11620575,행운동,관악구,식료품_지출_총금액,식료품_마트,2164776250.0,1474886830.0,689889420.0,46.78,0.711
11620585,낙성대동,관악구,식료품_지출_총금액,식료품_마트,826937000.0,1297854857.0,-470917857.0,-36.28,-0.836
11620595,청룡동,관악구,식료품_지출_총금액,식료품_마트,1808479000.0,2430748946.0,-622269946.0,-25.6,-0.548
11620605,은천동,관악구,식료품_지출_총금액,식료품_마트,2530820000.0,1260471240.0,1270348760.0,100.78,1.292
11620615,중앙동,관악구,식료품_지출_총금액,식료품_마트,1751382750.0,1060096288.0,691286462.0,65.21,0.931
11620625,인헌동,관악구,식료품_지출_총금액,식료품_마트,1177946750.0,1398961745.0,-221014995.0,-15.8,-0.319
11620630,남현동,관악구,식료품_지출_총금액,식료품_마트,1575402250.0,878141795.0,697260455.0,79.4,1.084
11620645,서원동,관악구,식료품_지출_총금액,식료품_마트,1626089750.0,1051755898.0,574333852.0,54.61,0.808
11620655,신원동,관악구,식료품_지출_총금액,식료품_마트,982532500.0,745927944.0,236604556.0,31.72,0.511
11620665,서림동,관악구,식료품_지출_총금액,식료품_마트,819669000.0,774148295.0,45520705.0,5.88,0.106
11620685,신사동,관악구,식료품_지출_총금액,식료품_마트,1439496750.0,1114063764.0,325432986.0,29.21,0.475
11620695,신림동,관악구,식료품_지출_총금액,식료품_마트,1710309000.0,1837370652.0,-127061652.0,-6.92,-0.133
11620715,난향동,관악구,식료품_지출_총금액,식료품_마트,375287750.0,457401591.0,-82113841.0,-17.95,-0.367
11620725,조원동,관악구,식료품_지출_총금액,식료품_마트,1976763500.0,1158022633.0,818740867.0,70.7,0.991
11620735,대학동,관악구,식료품_지출_총금액,식료품_마트,3132017500.0,1801458253.0,1330559247.0,73.86,1.025
11620745,삼성동,관악구,식료품_지출_총금액,식료품_마트,1197673250.0,937385504.0,260287746.0,27.77,0.454
11620765,미성동,관악구,식료품_지출_총금액,식료품_마트,1003811750.0,1341807278.0,-337995528.0,-25.19,-0.538
11620775,난곡동,관악구,식료품_지출_총금액,식료품_마트,1237725000.0,1084111589.0,153613411.0,14.17,0.246
11650510,서초1동,서초구,식료품_지출_총금액,식료품_마트,1474402000.0,2103829270.0,-629427270.0,-29.92,-0.659
11650520,서초2동,서초구,식료품_지출_총금액,식료품_마트,1400030750.0,2606817918.0,-1206787168.0,-46.29,-1.152
11650530,서초3동,서초구,식료품_지출_총금액,식료품_마트,2225196250.0,4032600414.0,-1807404164.0,-44.82,-1.102
11650531,서초4동,서초구,식료품_지출_총금액,식료품_마트,1721620750.0,2639635345.0,-918014595.0,-34.78,-0.792
11650540,잠원동,서초구,식료품_지출_총금액,식료품_마트,718418000.0,1821702213.0,-1103284213.0,-60.56,-1.725
11650550,반포본동,서초구,식료품_지출_총금액,식료품_마트,31592000.0,94187312.0,-62595312.0,-66.46,-2.025
11650560,반포1동,서초구,식료품_지출_총금액,식료품_마트,1085246000.0,1969360073.0,-884114073.0,-44.89,-1.105
11650570,반포2동,서초구,식료품_지출_총금액,식료품_마트,445570750.0,754307724.0,-308736974.0,-40.93,-0.976
11650580,반포3동,서초구,식료품_지출_총금액,식료품_마트,443225250.0,1135986153.0,-692760903.0,-60.98,-1.745
11650581,반포4동,서초구,식료품_지출_총금액,식료품_마트,2368203500.0,1642499810.0,725703690.0,44.18,0.678
11650590,방배본동,서초구,식료품_지출_총금액,식료품_마트,867213500.0,1288408748.0,-421195248.0,-32.69,-0.734
11650600,방배1동,서초구,식료품_지출_총금액,식료품_마트,1996605000.0,1165214248.0,831390752.0,71.35,0.998
11650610,방배2동,서초구,식료품_지출_총금액,식료품_마트,1221258500.0,949236167.0,272022333.0,28.66,0.467
11650620,방배3동,서초구,식료품_지출_총금액,식료품_마트,453029250.0,961455885.0,-508426635.0,-52.88,-1.395
11650621,방배4동,서초구,식료품_지출_총금액,식료품_마트,869089750.0,1672991750.0,-803902000.0,-48.05,-1.214
11650651,양재1동,서초구,식료품_지출_총금액,식료품_마트,1761188750.0,3095269739.0,-1334080989.0,-43.1,-1.045
11650652,양재2동,서초구,식료품_지출_총금액,식료품_마트,2496126500.0,1730269364.0,765857136.0,44.26,0.679
11650660,내곡동,서초구,식료품_지출_총금액,식료품_마트,604890500.0,783306148.0,-178415648.0,-22.78,-0.479
11680510,신사동,강남구,식료품_지출_총금액,식료품_마트,1763208000.0,2657890286.0,-894682286.0,-33.66,-0.761
11680521,논현1동,강남구,식료품_지출_총금액,식료품_마트,2358798750.0,3591828885.0,-1233030135.0,-34.33,-0.78
11680531,논현2동,강남구,식료품_지출_총금액,식료품_마트,3593271000.0,3050596817.0,542674183.0,17.79,0.304
11680545,압구정동,강남구,식료품_지출_총금액,식료품_마트,2224008000.0,3583477832.0,-1359469832.0,-37.94,-0.884
11680565,청담동,강남구,식료품_지출_총금액,식료품_마트,2094461750.0,3479089716.0,-1384627966.0,-39.8,-0.941
11680580,삼성1동,강남구,식료품_지출_총금액,식료품_마트,1784807250.0,1938987122.0,-154179872.0,-7.95,-0.154
11680590,삼성2동,강남구,식료품_지출_총금액,식료품_마트,2950398750.0,2381823579.0,568575171.0,23.87,0.397
11680600,대치1동,강남구,식료품_지출_총금액,식료품_마트,1175933000.0,1429530139.0,-253597139.0,-17.74,-0.362
11680610,대치2동,강남구,식료품_지출_총금액,식료품_마트,1997709250.0,2912198475.0,-914489225.0,-31.4,-0.699
11680630,대치4동,강남구,식료품_지출_총금액,식료품_마트,2179768500.0,2106365062.0,73403438.0,3.48,0.064
11680640,역삼1동,강남구,식료품_지출_총금액,식료품_마트,7028267250.0,7088355524.0,-60088274.0,-0.85,-0.016
11680650,역삼2동,강남구,식료품_지출_총금액,식료품_마트,1913261500.0,2938953807.0,-1025692307.0,-34.9,-0.796
11680655,도곡1동,강남구,식료품_지출_총금액,식료품_마트,920155750.0,2040300797.0,-1120145047.0,-54.9,-1.476
11680656,도곡2동,강남구,식료품_지출_총금액,식료품_마트,1225557750.0,1717924598.0,-492366848.0,-28.66,-0.626
11680660,개포1동,강남구,식료품_지출_총금액,식료품_마트,88350750.0,306279769.0,-217929019.0,-71.15,-2.305
11680670,개포2동,강남구,식료품_지출_총금액,식료품_마트,742146000.0,1322417724.0,-580271724.0,-43.88,-1.071
11680690,개포4동,강남구,식료품_지출_총금액,식료품_마트,853385500.0,1025952198.0,-172566698.0,-16.82,-0.341
11680700,세곡동,강남구,식료품_지출_총금액,식료품_마트,1499035500.0,1325023342.0,174012158.0,13.13,0.229
11680720,일원본동,강남구,식료품_지출_총금액,식료품_마트,779256250.0,842617094.0,-63360844.0,-7.52,-0.145
11680730,일원1동,강남구,식료품_지출_총금액,식료품_마트,532576750.0,728800361.0,-196223611.0,-26.92,-0.582
11680740,일원2동,강남구,식료품_지출_총금액,식료품_마트,480821500.0,471716265.0,9105235.0,1.93,0.035
11680750,수서동,강남구,식료품_지출_총금액,식료품_마트,935976500.0,935426217.0,550283.0,0.06,0.001
11710510,풍납1동,송파구,식료품_지출_총금액,식료품_마트,474279000.0,612374658.0,-138095658.0,-22.55,-0.474
11710520,풍납2동,송파구,식료품_지출_총금액,식료품_마트,987456000.0,1575634782.0,-588178782.0,-37.33,-0.866
11710531,거여1동,송파구,식료품_지출_총금액,식료품_마트,521316250.0,509762830.0,11553420.0,2.27,0.042
11710532,거여2동,송파구,식료품_지출_총금액,식료품_마트,984248500.0,1004404282.0,-20155782.0,-2.01,-0.038
11710540,마천1동,송파구,식료품_지출_총금액,식료품_마트,600200500.0,745932115.0,-145731615.0,-19.54,-0.403
11710550,마천2동,송파구,식료품_지출_총금액,식료품_마트,1555881500.0,1067350969.0,488530531.0,45.77,0.699
11710561,방이1동,송파구,식료품_지출_총금액,식료품_마트,554730000.0,869860095.0,-315130095.0,-36.23,-0.834
11710562,방이2동,송파구,식료품_지출_총금액,식료품_마트,2397183000.0,2044610816.0,352572184.0,17.24,0.295
11710566,오륜동,송파구,식료품_지출_총금액,식료품_마트,970273750.0,697275760.0,272997990.0,39.15,0.613
11710570,오금동,송파구,식료품_지출_총금액,식료품_마트,1621411250.0,2193743097.0,-572331847.0,-26.09,-0.56
11710580,송파1동,송파구,식료품_지출_총금액,식료품_마트,1696869750.0,1552775312.0,144094438.0,9.28,0.165
11710590,송파2동,송파구,식료품_지출_총금액,식료품_마트,673821000.0,892931154.0,-219110154.0,-24.54,-0.522
11710600,석촌동,송파구,식료품_지출_총금액,식료품_마트,2664672250.0,2112664677.0,552007573.0,26.13,0.43
11710610,삼전동,송파구,식료품_지출_총금액,식료품_마트,1690591750.0,1573492322.0,117099428.0,7.44,0.133
11710620,가락본동,송파구,식료품_지출_총금액,식료품_마트,1373256750.0,2136190656.0,-762933906.0,-35.71,-0.819
11710631,가락1동,송파구,식료품_지출_총금액,식료품_마트,3474882000.0,895955926.0,2578926074.0,287.84,2.513
11710632,가락2동,송파구,식료품_지출_총금액,식료품_마트,1665565500.0,1814811107.0,-149245607.0,-8.22,-0.159
11710641,문정1동,송파구,식료품_지출_총금액,식료품_마트,978629500.0,817908645.0,160720855.0,19.65,0.333
11710642,문정2동,송파구,식료품_지출_총금액,식료품_마트,3031455500.0,2025721109.0,1005734391.0,49.65,0.747
11710646,장지동,송파구,식료품_지출_총금액,식료품_마트,1325660250.0,1528426300.0,-202766050.0,-13.27,-0.264
11710647,위례동,송파구,식료품_지출_총금액,식료품_마트,737216750.0,711277869.0,25938881.0,3.65,0.066
11710650,잠실본동,송파구,식료품_지출_총금액,식료품_마트,3028884000.0,2509825797.0,519058203.0,20.68,0.349
11710670,잠실2동,송파구,식료품_지출_총금액,식료품_마트,647134750.0,1317107207.0,-669972457.0,-50.87,-1.317
11710680,잠실3동,송파구,식료품_지출_총금액,식료품_마트,1047986750.0,1415072824.0,-367086074.0,-25.94,-0.557
11710690,잠실4동,송파구,식료품_지출_총금액,식료품_마트,574855750.0,927684486.0,-352828736.0,-38.03,-0.887
11710710,잠실6동,송파구,식료품_지출_총금액,식료품_마트,2741202000.0,1647720405.0,1093481595.0,66.36,0.944
11710720,잠실7동,송파구,식료품_지출_총금액,식료품_마트,173861500.0,264582382.0,-90720882.0,-34.29,-0.778
11740515,강일동,강동구,식료품_지출_총금액,식료품_마트,1287290750.0,1546478927.0,-259188177.0,-16.76,-0.34
11740520,상일동,강동구,식료품_지출_총금액,식료품_마트,1279980500.0,1105878403.0,174102097.0,15.74,0.271
11740530,명일1동,강동구,식료품_지출_총금액,식료품_마트,1849335750.0,1634935489.0,214400261.0,13.11,0.228
11740540,명일2동,강동구,식료품_지출_총금액,식료품_마트,913045500.0,1015785575.0,-102740075.0,-10.11,-0.198
11740550,고덕1동,강동구,식료품_지출_총금액,식료품_마트,863755500.0,793566431.0,70189069.0,8.84,0.157
11740560,고덕2동,강동구,식료품_지출_총금액,식료품_마트,870178250.0,808524658.0,61653592.0,7.63,0.136
11740570,암사1동,강동구,식료품_지출_총금액,식료품_마트,3072194000.0,1288706741.0,1783487259.0,138.39,1.611
11740580,암사2동,강동구,식료품_지출_총금액,식료품_마트,497889000.0,719152014.0,-221263014.0,-30.77,-0.682
11740590,암사3동,강동구,식료품_지출_총금액,식료품_마트,511412250.0,401522770.0,109889480.0,27.37,0.448
11740600,천호1동,강동구,식료품_지출_총금액,식료품_마트,841991250.0,1401058882.0,-559067632.0,-39.9,-0.944
11740610,천호2동,강동구,식료품_지출_총금액,식료품_마트,1398410250.0,2453413119.0,-1055002869.0,-43.0,-1.042
11740620,천호3동,강동구,식료품_지출_총금액,식료품_마트,871864500.0,1469495354.0,-597630854.0,-40.67,-0.968
11740640,성내1동,강동구,식료품_지출_총금액,식료품_마트,936298000.0,1191671364.0,-255373364.0,-21.43,-0.447
11740650,성내2동,강동구,식료품_지출_총금액,식료품_마트,1514460500.0,1659553616.0,-145093116.0,-8.74,-0.17
11740660,성내3동,강동구,식료품_지출_총금액,식료품_마트,1672319750.0,1583431624.0,88888126.0,5.61,0.101
11740685,길동,강동구,식료품_지출_총금액,식료품_마트,3371323250.0,3939320158.0,-567996908.0,-14.42,-0.289
11740690,둔촌1동,강동구,식료품_지출_총금액,식료품_마트,4316000.0,12921011.0,-8605011.0,-66.6,-2.033
11740700,둔촌2동,강동구,식료품_지출_총금액,식료품_마트,747393750.0,1607684841.0,-860291091.0,-53.51,-1.42
11110515,청운효자동,종로구,생활용품_지출_총금액,생활용품_쇼핑,47499000.0,28202724.0,19296276.0,68.42,0.292
11110530,사직동,종로구,생활용품_지출_총금액,생활용품_쇼핑,20349250.0,80400656.0,-60051406.0,-74.69,-0.769
11110540,삼청동,종로구,생활용품_지출_총금액,생활용품_쇼핑,41825500.0,5685528.0,36139972.0,635.65,1.117
11110550,부암동,종로구,생활용품_지출_총금액,생활용품_쇼핑,12020250.0,2269290.0,9750960.0,429.69,0.933
11110560,평창동,종로구,생활용품_지출_총금액,생활용품_쇼핑,41944000.0,18700224.0,23243776.0,124.3,0.452
11110570,무악동,종로구,생활용품_지출_총금액,생활용품_쇼핑,0.0,9989091.0,-9989091.0,-100.0,-9.02
11110580,교남동,종로구,생활용품_지출_총금액,생활용품_쇼핑,6676250.0,30954843.0,-24278593.0,-78.43,-0.859
11110600,가회동,종로구,생활용품_지출_총금액,생활용품_쇼핑,17975500.0,4877357.0,13098143.0,268.55,0.73
11110615,종로1?2?3?4가동,종로구,생활용품_지출_총금액,생활용품_쇼핑,619718750.0,852516642.0,-232797892.0,-27.31,-0.178
11110630,종로5?6가동,종로구,생활용품_지출_총금액,생활용품_쇼핑,170102750.0,154502273.0,15600477.0,10.1,0.054
11110640,이화동,종로구,생활용품_지출_총금액,생활용품_쇼핑,39367250.0,32950878.0,6416372.0,19.47,0.1
11110650,혜화동,종로구,생활용품_지출_총금액,생활용품_쇼핑,17209750.0,107454350.0,-90244600.0,-83.98,-1.025
11110670,창신1동,종로구,생활용품_지출_총금액,생활용품_쇼핑,13250250.0,19634472.0,-6384222.0,-32.52,-0.22
11110680,창신2동,종로구,생활용품_지출_총금액,생활용품_쇼핑,17865750.0,11191290.0,6674460.0,59.64,0.262
11110690,창신3동,종로구,생활용품_지출_총금액,생활용품_쇼핑,5115750.0,1007149.0,4108601.0,407.94,0.91
11110700,숭인1동,종로구,생활용품_지출_총금액,생활용품_쇼핑,3448000.0,4187315.0,-739315.0,-17.66,-0.109
11110710,숭인2동,종로구,생활용품_지출_총금액,생활용품_쇼핑,36705000.0,23766212.0,12938788.0,54.44,0.243
11140520,소공동,중구,생활용품_지출_총금액,생활용품_쇼핑,288857000.0,56486766.0,232370234.0,411.37,0.913
11140540,회현동,중구,생활용품_지출_총금액,생활용품_쇼핑,1135148750.0,120775116.0,1014373634.0,839.89,1.254
11140550,명동,중구,생활용품_지출_총금액,생활용품_쇼핑,3582181750.0,357066240.0,3225115510.0,903.23,1.29
11140570,필동,중구,생활용품_지출_총금액,생활용품_쇼핑,72678000.0,40794147.0,31883853.0,78.16,0.323
11140580,장충동,중구,생활용품_지출_총금액,생활용품_쇼핑,39480250.0,7603020.0,31877230.0,419.27,0.922
11140590,광희동,중구,생활용품_지출_총금액,생활용품_쇼핑,116591250.0,144473621.0,-27882371.0,-19.3,-0.12
11140605,을지로동,중구,생활용품_지출_총금액,생활용품_쇼핑,179642750.0,94195133.0,85447617.0,90.71,0.361
11140615,신당동,중구,생활용품_지출_총금액,생활용품_쇼핑,83897750.0,68259214.0,15638536.0,22.91,0.115
11140625,다산동,중구,생활용품_지출_총금액,생활용품_쇼핑,57396250.0,49679959.0,7716291.0,15.53,0.081
11140635,약수동,중구,생활용품_지출_총금액,생활용품_쇼핑,3983250.0,42336485.0,-38353235.0,-90.59,-1.323
11140645,청구동,중구,생활용품_지출_총금액,생활용품_쇼핑,25376500.0,20070068.0,5306432.0,26.44,0.131
11140650,신당5동,중구,생활용품_지출_총금액,생활용품_쇼핑,63023000.0,12473427.0,50549573.0,405.26,0.907
11140665,동화동,중구,생활용품_지출_총금액,생활용품_쇼핑,18945250.0,26730071.0,-7784821.0,-29.12,-0.193
11140670,황학동,중구,생활용품_지출_총금액,생활용품_쇼핑,281934500.0,32757072.0,249177428.0,760.68,1.205
11140680,중림동,중구,생활용품_지출_총금액,생활용품_쇼핑,19962250.0,18902607.0,1059643.0,5.61,0.031
11170510,후암동,용산구,생활용품_지출_총금액,생활용품_쇼핑,52701500.0,33604089.0,19097411.0,56.83,0.252
11170520,용산2가동,용산구,생활용품_지출_총금액,생활용품_쇼핑,9836750.0,22877931.0,-13041181.0,-57.0,-0.472
11170530,남영동,용산구,생활용품_지출_총금액,생활용품_쇼핑,772673250.0,51549774.0,721123476.0,1398.89,1.515
11170555,청파동,용산구,생활용품_지출_총금액,생활용품_쇼핑,32323750.0,80699197.0,-48375447.0,-59.95,-0.512
11170560,원효로1동,용산구,생활용품_지출_총금액,생활용품_쇼핑,359330500.0,29573885.0,329756615.0,1115.03,1.398
11170570,원효로2동,용산구,생활용품_지출_총금액,생활용품_쇼핑,86837250.0,20424960.0,66412290.0,325.15,0.81
11170580,효창동,용산구,생활용품_지출_총금액,생활용품_쇼핑,10573000.0,18430700.0,-7857700.0,-42.63,-0.311
11170590,용문동,용산구,생활용품_지출_총금액,생활용품_쇼핑,44874750.0,12086801.0,32787949.0,271.27,0.734
11170625,한강로동,용산구,생활용품_지출_총금액,생활용품_쇼핑,4619938500.0,225791591.0,4394146909.0,1946.11,1.689
11170630,이촌1동,용산구,생활용품_지출_총금액,생활용품_쇼핑,19286500.0,110062502.0,-90776002.0,-82.48,-0.975
11170640,이촌2동,용산구,생활용품_지출_총금액,생활용품_쇼핑,2382500.0,7345553.0,-4963053.0,-67.57,-0.63
11170650,이태원1동,용산구,생활용품_지출_총금액,생활용품_쇼핑,96272000.0,22315793.0,73956207.0,331.41,0.818
11170660,이태원2동,용산구,생활용품_지출_총금액,생활용품_쇼핑,76482000.0,8108370.0,68373630.0,843.25,1.256
11170685,한남동,용산구,생활용품_지출_총금액,생활용품_쇼핑,64217000.0,171943711.0,-107726711.0,-62.65,-0.551
11170690,서빙고동,용산구,생활용품_지출_총금액,생활용품_쇼핑,23255000.0,14574588.0,8680412.0,59.56,0.261
11170700,보광동,용산구,생활용품_지출_총금액,생활용품_쇼핑,17710750.0,15999798.0,1710952.0,10.69,0.057
11200520,왕십리2동,성동구,생활용품_지출_총금액,생활용품_쇼핑,205786500.0,28819664.0,176966836.0,614.05,1.1
11200535,왕십리도선동,성동구,생활용품_지출_총금액,생활용품_쇼핑,41253000.0,107060773.0,-65807773.0,-61.47,-0.534
11200540,마장동,성동구,생활용품_지출_총금액,생활용품_쇼핑,24205750.0,43864170.0,-19658420.0,-44.82,-0.333
11200550,사근동,성동구,생활용품_지출_총금액,생활용품_쇼핑,6209000.0,21165447.0,-14956447.0,-70.66,-0.686
11200560,행당1동,성동구,생활용품_지출_총금액,생활용품_쇼핑,202976500.0,58159863.0,144816637.0,249.0,0.7
11200570,행당2동,성동구,생활용품_지출_총금액,생활용품_쇼핑,30250.0,2718304.0,-2688054.0,-98.89,-2.518
11200580,응봉동,성동구,생활용품_지출_총금액,생활용품_쇼핑,182250.0,6208037.0,-6025787.0,-97.06,-1.975
11200590,금호1가동,성동구,생활용품_지출_총금액,생활용품_쇼핑,4625250.0,19845793.0,-15220543.0,-76.69,-0.815
11200615,금호2?3가동,성동구,생활용품_지출_총금액,생활용품_쇼핑,10135500.0,26145009.0,-16009509.0,-61.23,-0.53
11200620,금호4가동,성동구,생활용품_지출_총금액,생활용품_쇼핑,20296000.0,11833974.0,8462026.0,71.51,0.302
11200645,옥수동,성동구,생활용품_지출_총금액,생활용품_쇼핑,5060250.0,40999744.0,-35939494.0,-87.66,-1.171
11200650,성수1가1동,성동구,생활용품_지출_총금액,생활용품_쇼핑,27847750.0,25008791.0,2838959.0,11.35,0.06
11200660,성수1가2동,성동구,생활용품_지출_총금액,생활용품_쇼핑,65636000.0,58206902.0,7429098.0,12.76,0.067
11200670,성수2가1동,성동구,생활용품_지출_총금액,생활용품_쇼핑,213195000.0,91927071.0,121267929.0,131.92,0.471
11200690,성수2가3동,성동구,생활용품_지출_총금액,생활용품_쇼핑,188658000.0,94910561.0,93747439.0,98.77,0.384
11200720,송정동,성동구,생활용품_지출_총금액,생활용품_쇼핑,15783000.0,20052305.0,-4269305.0,-21.29,-0.134
11200790,용답동,성동구,생활용품_지출_총금액,생활용품_쇼핑,6793500.0,40269177.0,-33475677.0,-83.13,-0.996
11215710,화양동,광진구,생활용품_지출_총금액,생활용품_쇼핑,39379000.0,76773208.0,-37394208.0,-48.71,-0.374
11215730,군자동,광진구,생활용품_지출_총금액,생활용품_쇼핑,155088000.0,42778643.0,112309357.0,262.54,0.721
11215740,중곡1동,광진구,생활용품_지출_총금액,생활용품_쇼핑,302332000.0,51234159.0,251097841.0,490.1,0.993
11215750,중곡2동,광진구,생활용품_지출_총금액,생활용품_쇼핑,77732750.0,35106658.0,42626092.0,121.42,0.445
11215760,중곡3동,광진구,생활용품_지출_총금액,생활용품_쇼핑,101315250.0,23081708.0,78233542.0,338.94,0.828
11215770,중곡4동,광진구,생활용품_지출_총금액,생활용품_쇼핑,66661000.0,47896385.0,18764615.0,39.18,0.185
11215780,능동,광진구,생활용품_지출_총금액,생활용품_쇼핑,416551750.0,23962784.0,392588966.0,1638.33,1.598
11215810,광장동,광진구,생활용품_지출_총금액,생활용품_쇼핑,10664250.0,80679970.0,-70015720.0,-86.78,-1.133
11215820,자양1동,광진구,생활용품_지출_총금액,생활용품_쇼핑,51133500.0,124957754.0,-73824254.0,-59.08,-0.5
11215830,자양2동,광진구,생활용품_지출_총금액,생활용품_쇼핑,49566250.0,58021775.0,-8455525.0,-14.57,-0.088
11215840,자양3동,광진구,생활용품_지출_총금액,생활용품_쇼핑,33896750.0,40839799.0,-6943049.0,-17.0,-0.104
11215847,자양4동,광진구,생활용품_지출_총금액,생활용품_쇼핑,24142250.0,82976801.0,-58834551.0,-70.9,-0.691
11215850,구의1동,광진구,생활용품_지출_총금액,생활용품_쇼핑,152413000.0,45264245.0,107148755.0,236.72,0.679
11215860,구의2동,광진구,생활용품_지출_총금액,생활용품_쇼핑,36853500.0,51094609.0,-14241109.0,-27.87,-0.183
11215870,구의3동,광진구,생활용품_지출_총금액,생활용품_쇼핑,498571250.0,119810116.0,378761134.0,316.13,0.798
11230536,용신동,동대문구,생활용품_지출_총금액,생활용품_쇼핑,316249750.0,339086776.0,-22837026.0,-6.73,-0.039
11230545,제기동,동대문구,생활용품_지출_총금액,생활용품_쇼핑,145424250.0,206695804.0,-61271554.0,-29.64,-0.197
11230560,전농1동,동대문구,생활용품_지출_총금액,생활용품_쇼핑,34120000.0,64798366.0,-30678366.0,-47.34,-0.359
11230570,전농2동,동대문구,생활용품_지출_총금액,생활용품_쇼핑,10825250.0,22640760.0,-11815510.0,-52.19,-0.413
11230600,답십리1동,동대문구,생활용품_지출_총금액,생활용품_쇼핑,152146000.0,46937114.0,105208886.0,224.15,0.658
11230610,답십리2동,동대문구,생활용품_지출_총금액,생활용품_쇼핑,71024750.0,101583266.0,-30558516.0,-30.08,-0.2
11230650,장안1동,동대문구,생활용품_지출_총금액,생활용품_쇼핑,173274250.0,169727565.0,3546685.0,2.09,0.012
11230660,장안2동,동대문구,생활용품_지출_총금액,생활용품_쇼핑,199087250.0,163381273.0,35705977.0,21.85,0.111
11230705,청량리동,동대문구,생활용품_지출_총금액,생활용품_쇼핑,73999250.0,75390738.0,-1391488.0,-1.85,-0.01
11230710,회기동,동대문구,생활용품_지출_총금액,생활용품_쇼핑,6359250.0,12407133.0,-6047883.0,-48.75,-0.374
11230720,휘경1동,동대문구,생활용품_지출_총금액,생활용품_쇼핑,246936250.0,44045814.0,202890436.0,460.63,0.965
11230730,휘경2동,동대문구,생활용품_지출_총금액,생활용품_쇼핑,5250500.0,24035728.0,-18785228.0,-78.16,-0.851
11230740,이문1동,동대문구,생활용품_지출_총금액,생활용품_쇼핑,8177250.0,95152250.0,-86975000.0,-91.41,-1.373
11230750,이문2동,동대문구,생활용품_지출_총금액,생활용품_쇼핑,3931000.0,16913798.0,-12982798.0,-76.76,-0.817
11260520,면목2동,중랑구,생활용품_지출_총금액,생활용품_쇼핑,209067750.0,49770453.0,159297297.0,320.06,0.803
11260540,면목4동,중랑구,생활용품_지출_총금액,생활용품_쇼핑,54612750.0,25603284.0,29009466.0,113.3,0.424
11260550,면목5동,중랑구,생활용품_지출_총금액,생활용품_쇼핑,21461250.0,7475722.0,13985528.0,187.08,0.59
11260565,면목본동,중랑구,생활용품_지출_총금액,생활용품_쇼핑,122687500.0,80783348.0,41904152.0,51.87,0.234
11260570,면목7동,중랑구,생활용품_지출_총금액,생활용품_쇼핑,50427500.0,44558609.0,5868891.0,13.17,0.069
11260575,면목3?8동,중랑구,생활용품_지출_총금액,생활용품_쇼핑,34980250.0,90642573.0,-55662323.0,-61.41,-0.533
11260580,상봉1동,중랑구,생활용품_지출_총금액,생활용품_쇼핑,25411500.0,41375140.0,-15963640.0,-38.58,-0.273
11260590,상봉2동,중랑구,생활용품_지출_총금액,생활용품_쇼핑,57117750.0,70207964.0,-13090214.0,-18.64,-0.115
11260600,중화1동,중랑구,생활용품_지출_총금액,생활용품_쇼핑,33124250.0,32136110.0,988140.0,3.07,0.017
11260610,중화2동,중랑구,생활용품_지출_총금액,생활용품_쇼핑,68398750.0,36594672.0,31804078.0,86.91,0.35
11260620,묵1동,중랑구,생활용품_지출_총금액,생활용품_쇼핑,43685250.0,58481853.0,-14796603.0,-25.3,-0.163
11260630,묵2동,중랑구,생활용품_지출_총금액,생활용품_쇼핑,154171250.0,21913002.0,132258248.0,603.56,1.092
11260655,망우본동,중랑구,생활용품_지출_총금액,생활용품_쇼핑,163665250.0,176422001.0,-12756751.0,-7.23,-0.042
11260660,망우3동,중랑구,생활용품_지출_총금액,생활용품_쇼핑,10194500.0,10715140.0,-520640.0,-4.86,-0.028
11260680,신내1동,중랑구,생활용품_지출_총금액,생활용품_쇼핑,63865500.0,64762475.0,-896975.0,-1.39,-0.008
11260690,신내2동,중랑구,생활용품_지출_총금액,생활용품_쇼핑,22411250.0,15879954.0,6531296.0,41.13,0.193
11290525,성북동,성북구,생활용품_지출_총금액,생활용품_쇼핑,20430750.0,60080555.0,-39649805.0,-65.99,-0.604
11290555,삼선동,성북구,생활용품_지출_총금액,생활용품_쇼핑,53230250.0,101256427.0,-48026177.0,-47.43,-0.36
11290575,동선동,성북구,생활용품_지출_총금액,생활용품_쇼핑,81807000.0,72924563.0,8882437.0,12.18,0.064
11290580,돈암1동,성북구,생활용품_지출_총금액,생활용품_쇼핑,1896750.0,4852907.0,-2956157.0,-60.92,-0.526
11290590,돈암2동,성북구,생활용품_지출_총금액,생활용품_쇼핑,0.0,7078473.0,-7078473.0,-100.0,-8.827
11290600,안암동,성북구,생활용품_지출_총금액,생활용품_쇼핑,62764750.0,58189673.0,4575077.0,7.86,0.042
11290610,보문동,성북구,생활용품_지출_총금액,생활용품_쇼핑,24749000.0,37203769.0,-12454769.0,-33.48,-0.228
11290620,정릉1동,성북구,생활용품_지출_총금액,생활용품_쇼핑,11982500.0,21113947.0,-9131447.0,-43.25,-0.317
11290630,정릉2동,성북구,생활용품_지출_총금액,생활용품_쇼핑,54592250.0,18904338.0,35687912.0,188.78,0.594
11290640,정릉3동,성북구,생활용품_지출_총금액,생활용품_쇼핑,20750500.0,5999976.0,14750524.0,245.84,0.694
11290650,정릉4동,성북구,생활용품_지출_총금액,생활용품_쇼핑,10173750.0,28671962.0,-18498212.0,-64.52,-0.58
11290660,길음1동,성북구,생활용품_지출_총금액,생활용품_쇼핑,23927250.0,61188323.0,-37261073.0,-60.9,-0.525
11290685,길음2동,성북구,생활용품_지출_총금액,생활용품_쇼핑,26404000.0,57332405.0,-30928405.0,-53.95,-0.434
11290705,종암동,성북구,생활용품_지출_총금액,생활용품_쇼핑,40034500.0,278139692.0,-238105192.0,-85.61,-1.085
11290715,월곡1동,성북구,생활용품_지출_총금액,생활용품_쇼핑,320659500.0,54068257.0,266591243.0,493.06,0.996
11290725,월곡2동,성북구,생활용품_지출_총금액,생활용품_쇼핑,24880000.0,70722727.0,-45842727.0,-64.82,-0.585
11290760,장위1동,성북구,생활용품_지출_총금액,생활용품_쇼핑,20501250.0,23770995.0,-3269745.0,-13.76,-0.083
11290770,장위2동,성북구,생활용품_지출_총금액,생활용품_쇼핑,115708000.0,29217722.0,86490278.0,296.02,0.77
11290780,장위3동,성북구,생활용품_지출_총금액,생활용품_쇼핑,20770000.0,13323116.0,7446884.0,55.89,0.248
11290810,석관동,성북구,생활용품_지출_총금액,생활용품_쇼핑,98123000.0,104058522.0,-5935522.0,-5.7,-0.033
11305534,삼양동,강북구,생활용품_지출_총금액,생활용품_쇼핑,95860000.0,46409070.0,49450930.0,106.55,0.406
11305535,미아동,강북구,생활용품_지출_총금액,생활용품_쇼핑,98329500.0,45937381.0,52392119.0,114.05,0.426
11305545,송중동,강북구,생활용품_지출_총금액,생활용품_쇼핑,469859750.0,120569577.0,349290173.0,289.7,0.761
11305555,송천동,강북구,생활용품_지출_총금액,생활용품_쇼핑,27219000.0,64333451.0,-37114451.0,-57.69,-0.481
11305575,삼각산동,강북구,생활용품_지출_총금액,생활용품_쇼핑,26917500.0,15593153.0,11324347.0,72.62,0.306
11305595,번1동,강북구,생활용품_지출_총금액,생활용품_쇼핑,36344250.0,52896146.0,-16551896.0,-31.29,-0.21
11305603,번2동,강북구,생활용품_지출_총금액,생활용품_쇼핑,12113500.0,10818890.0,1294610.0,11.97,0.063
11305608,번3동,강북구,생활용품_지출_총금액,생활용품_쇼핑,8670750.0,13006561.0,-4335811.0,-33.34,-0.227
11305615,수유1동,강북구,생활용품_지출_총금액,생활용품_쇼핑,139718000.0,40312599.0,99405401.0,246.59,0.696
11305625,수유2동,강북구,생활용품_지출_총금액,생활용품_쇼핑,34748750.0,54967800.0,-20219050.0,-36.78,-0.257
11305635,수유3동,강북구,생활용품_지출_총금액,생활용품_쇼핑,92717500.0,76036594.0,16680906.0,21.94,0.111
11305645,우이동,강북구,생활용품_지출_총금액,생활용품_쇼핑,23575250.0,50222237.0,-26646987.0,-53.06,-0.423
11305660,인수동,강북구,생활용품_지출_총금액,생활용품_쇼핑,50094500.0,114156768.0,-64062268.0,-56.12,-0.461
11320511,창1동,도봉구,생활용품_지출_총금액,생활용품_쇼핑,24303250.0,16951775.0,7351475.0,43.37,0.202
11320512,창2동,도봉구,생활용품_지출_총금액,생활용품_쇼핑,13258500.0,66390084.0,-53131584.0,-80.03,-0.902
11320513,창3동,도봉구,생활용품_지출_총금액,생활용품_쇼핑,11568750.0,16776862.0,-5208112.0,-31.04,-0.208
11320514,창4동,도봉구,생활용품_지출_총금액,생활용품_쇼핑,45139250.0,21972249.0,23167001.0,105.44,0.403
11320515,창5동,도봉구,생활용품_지출_총금액,생활용품_쇼핑,83139250.0,48123002.0,35016248.0,72.76,0.306
11320521,도봉1동,도봉구,생활용품_지출_총금액,생활용품_쇼핑,22440750.0,42329526.0,-19888776.0,-46.99,-0.355
11320522,도봉2동,도봉구,생활용품_지출_총금액,생활용품_쇼핑,15501750.0,12644186.0,2857564.0,22.6,0.114
11320660,쌍문1동,도봉구,생활용품_지출_총금액,생활용품_쇼핑,34100750.0,16681980.0,17418770.0,104.42,0.4
11320670,쌍문2동,도봉구,생활용품_지출_총금액,생활용품_쇼핑,314545750.0,28148776.0,286396974.0,1017.44,1.351
11320680,쌍문3동,도봉구,생활용품_지출_총금액,생활용품_쇼핑,90331250.0,32537491.0,57793759.0,177.62,0.571
11320681,쌍문4동,도봉구,생활용품_지출_총금액,생활용품_쇼핑,82237500.0,6962428.0,75275072.0,1081.16,1.382
11320690,방학1동,도봉구,생활용품_지출_총금액,생활용품_쇼핑,176498750.0,64512650.0,111986100.0,173.59,0.563
11320700,방학2동,도봉구,생활용품_지출_총금액,생활용품_쇼핑,48940250.0,13112317.0,35827933.0,273.24,0.737
11320710,방학3동,도봉구,생활용품_지출_총금액,생활용품_쇼핑,3327250.0,14846468.0,-11519218.0,-77.59,-0.837
11350560,월계1동,노원구,생활용품_지출_총금액,생활용품_쇼핑,19016500.0,27672319.0,-8655819.0,-31.28,-0.21
11350570,월계2동,노원구,생활용품_지출_총금액,생활용품_쇼핑,4015250.0,7437973.0,-3422723.0,-46.02,-0.345
11350580,월계3동,노원구,생활용품_지출_총금액,생활용품_쇼핑,6043750.0,5938723.0,105027.0,1.77,0.01
11350595,공릉1동,노원구,생활용품_지출_총금액,생활용품_쇼핑,226725000.0,147087748.0,79637252.0,54.14,0.242
11350600,공릉2동,노원구,생활용품_지출_총금액,생활용품_쇼핑,65806750.0,85418027.0,-19611277.0,-22.96,-0.146
11350611,하계1동,노원구,생활용품_지출_총금액,생활용품_쇼핑,5419000.0,24575422.0,-19156422.0,-77.95,-0.846
11350612,하계2동,노원구,생활용품_지출_총금액,생활용품_쇼핑,10994250.0,951340.0,10042910.0,1055.66,1.37
11350619,중계본동,노원구,생활용품_지출_총금액,생활용품_쇼핑,5270750.0,26475391.0,-21204641.0,-80.09,-0.903
11350621,중계1동,노원구,생활용품_지출_총금액,생활용품_쇼핑,198536250.0,22514574.0,176021676.0,781.81,1.218
11350624,중계4동,노원구,생활용품_지출_총금액,생활용품_쇼핑,95356500.0,42084906.0,53271594.0,126.58,0.458
11350625,중계2?3동,노원구,생활용품_지출_총금액,생활용품_쇼핑,156704750.0,29050397.0,127654353.0,439.42,0.943
11350630,상계1동,노원구,생활용품_지출_총금액,생활용품_쇼핑,200962750.0,129892537.0,71070213.0,54.71,0.244
11350640,상계2동,노원구,생활용품_지출_총금액,생활용품_쇼핑,129640500.0,144334978.0,-14694478.0,-10.18,-0.06
11350665,상계3?4동,노원구,생활용품_지출_총금액,생활용품_쇼핑,78254500.0,88876990.0,-10622490.0,-11.95,-0.071
11350670,상계5동,노원구,생활용품_지출_총금액,생활용품_쇼핑,128968250.0,38973911.0,89994339.0,230.91,0.67
11350695,상계6?7동,노원구,생활용품_지출_총금액,생활용품_쇼핑,71127250.0,131208564.0,-60081314.0,-45.79,-0.343
11350700,상계8동,노원구,생활용품_지출_총금액,생활용품_쇼핑,13782000.0,4366598.0,9415402.0,215.62,0.643
11350710,상계9동,노원구,생활용품_지출_총금액,생활용품_쇼핑,1410000.0,8010516.0,-6600516.0,-82.4,-0.972
11350720,상계10동,노원구,생활용품_지출_총금액,생활용품_쇼핑,67762250.0,3780502.0,63981748.0,1692.41,1.615
11380510,녹번동,은평구,생활용품_지출_총금액,생활용품_쇼핑,102132500.0,78930660.0,23201840.0,29.4,0.144
11380520,불광1동,은평구,생활용품_지출_총금액,생활용품_쇼핑,415194500.0,62168569.0,353025931.0,567.85,1.063
11380530,불광2동,은평구,생활용품_지출_총금액,생활용품_쇼핑,78109750.0,31246833.0,46862917.0,149.98,0.513
11380551,갈현1동,은평구,생활용품_지출_총금액,생활용품_쇼핑,11060250.0,51849686.0,-40789436.0,-78.67,-0.865
11380552,갈현2동,은평구,생활용품_지출_총금액,생활용품_쇼핑,112471250.0,75217877.0,37253373.0,49.53,0.225
11380560,구산동,은평구,생활용품_지출_총금액,생활용품_쇼핑,16237000.0,55104279.0,-38867279.0,-70.53,-0.684
11380570,대조동,은평구,생활용품_지출_총금액,생활용품_쇼핑,122238250.0,147611416.0,-25373166.0,-17.19,-0.106
11380580,응암1동,은평구,생활용품_지출_총금액,생활용품_쇼핑,47974250.0,58192106.0,-10217856.0,-17.56,-0.108
11380590,응암2동,은평구,생활용품_지출_총금액,생활용품_쇼핑,20440000.0,21376190.0,-936190.0,-4.38,-0.025
11380600,응암3동,은평구,생활용품_지출_총금액,생활용품_쇼핑,39974750.0,62411598.0,-22436848.0,-35.95,-0.249
11380625,역촌동,은평구,생활용품_지출_총금액,생활용품_쇼핑,213805750.0,115017233.0,98788517.0,85.89,0.347
11380631,신사1동,은평구,생활용품_지출_총금액,생활용품_쇼핑,45936500.0,47915122.0,-1978622.0,-4.13,-0.024
11380632,신사2동,은평구,생활용품_지출_총금액,생활용품_쇼핑,16252000.0,12565781.0,3686219.0,29.34,0.144
11380640,증산동,은평구,생활용품_지출_총금액,생활용품_쇼핑,105792000.0,34045234.0,71746766.0,210.74,0.635
11380650,수색동,은평구,생활용품_지출_총금액,생활용품_쇼핑,91922250.0,6544028.0,85378222.0,1304.67,1.479
11380690,진관동,은평구,생활용품_지출_총금액,생활용품_쇼핑,279141500.0,115078872.0,164062628.0,142.57,0.496
11410520,천연동,서대문구,생활용품_지출_총금액,생활용품_쇼핑,11995250.0,15630484.0,-3635234.0,-23.26,-0.148
11410555,북아현동,서대문구,생활용품_지출_총금액,생활용품_쇼핑,105411750.0,148454437.0,-43042687.0,-28.99,-0.192
11410565,충현동,서대문구,생활용품_지출_총금액,생활용품_쇼핑,32412750.0,83966088.0,-51553338.0,-61.4,-0.533
11410585,신촌동,서대문구,생활용품_지출_총금액,생활용품_쇼핑,153382750.0,116323347.0,37059403.0,31.86,0.155
11410615,연희동,서대문구,생활용품_지출_총금액,생활용품_쇼핑,190086000.0,133262057.0,56823943.0,42.64,0.199
11410620,홍제1동,서대문구,생활용품_지출_총금액,생활용품_쇼핑,30788750.0,42630595.0,-11841845.0,-27.78,-0.182
11410640,홍제3동,서대문구,생활용품_지출_총금액,생활용품_쇼핑,47086500.0,25804362.0,21282138.0,82.47,0.337
11410655,홍제2동,서대문구,생활용품_지출_총금액,생활용품_쇼핑,3940000.0,12136467.0,-8196467.0,-67.54,-0.63
11410660,홍은1동,서대문구,생활용품_지출_총금액,생활용품_쇼핑,58190250.0,45229519.0,12960731.0,28.66,0.141
11410685,홍은2동,서대문구,생활용품_지출_총금액,생활용품_쇼핑,21825500.0,28181911.0,-6356411.0,-22.55,-0.143
11410690,남가좌1동,서대문구,생활용품_지출_총금액,생활용품_쇼핑,770000.0,10261184.0,-9491184.0,-92.5,-1.449
11410700,남가좌2동,서대문구,생활용품_지출_총금액,생활용품_쇼핑,38467500.0,37880936.0,586564.0,1.55,0.009
11410710,북가좌1동,서대문구,생활용품_지출_총금액,생활용품_쇼핑,20688750.0,10182133.0,10506617.0,103.19,0.397
11410720,북가좌2동,서대문구,생활용품_지출_총금액,생활용품_쇼핑,116128750.0,51399365.0,64729385.0,125.93,0.456
11440555,아현동,마포구,생활용품_지출_총금액,생활용품_쇼핑,48822250.0,122335200.0,-73512950.0,-60.09,-0.514
11440565,공덕동,마포구,생활용품_지출_총금액,생활용품_쇼핑,176493250.0,192205483.0,-15712233.0,-8.17,-0.048
11440585,도화동,마포구,생활용품_지출_총금액,생활용품_쇼핑,73669000.0,60787109.0,12881891.0,21.19,0.108
11440590,용강동,마포구,생활용품_지출_총금액,생활용품_쇼핑,116892500.0,82002457.0,34890043.0,42.55,0.198
11440600,대흥동,마포구,생활용품_지출_총금액,생활용품_쇼핑,68267000.0,90206008.0,-21939008.0,-24.32,-0.156
11440610,염리동,마포구,생활용품_지출_총금액,생활용품_쇼핑,103502250.0,27464886.0,76037364.0,276.85,0.742
11440630,신수동,마포구,생활용품_지출_총금액,생활용품_쇼핑,67210750.0,42038733.0,25172017.0,59.88,0.263
11440655,서강동,마포구,생활용품_지출_총금액,생활용품_쇼핑,26964250.0,38828303.0,-11864053.0,-30.56,-0.204
11440660,서교동,마포구,생활용품_지출_총금액,생활용품_쇼핑,901061750.0,339711905.0,561349845.0,165.24,0.546
11440680,합정동,마포구,생활용품_지출_총금액,생활용품_쇼핑,287819500.0,51735237.0,236084263.0,456.33,0.96
11440690,망원1동,마포구,생활용품_지출_총금액,생활용품_쇼핑,116636750.0,76790319.0,39846431.0,51.89,0.234
11440700,망원2동,마포구,생활용품_지출_총금액,생활용품_쇼핑,85770250.0,38602683.0,47167567.0,122.19,0.447
11440710,연남동,마포구,생활용품_지출_총금액,생활용품_쇼핑,38078000.0,23201684.0,14876316.0,64.12,0.277
11440720,성산1동,마포구,생활용품_지출_총금액,생활용품_쇼핑,38408250.0,37875235.0,533015.0,1.41,0.008
11440730,성산2동,마포구,생활용품_지출_총금액,생활용품_쇼핑,48742750.0,54911210.0,-6168460.0,-11.23,-0.067
11440740,상암동,마포구,생활용품_지출_총금액,생활용품_쇼핑,53446750.0,106050369.0,-52603619.0,-49.6,-0.383
11470510,목1동,양천구,생활용품_지출_총금액,생활용품_쇼핑,140108250.0,127150423.0,12957827.0,10.19,0.054
11470520,목2동,양천구,생활용품_지출_총금액,생활용품_쇼핑,65102750.0,81113364.0,-16010614.0,-19.74,-0.123
11470530,목3동,양천구,생활용품_지출_총금액,생활용품_쇼핑,146992000.0,40495240.0,106496760.0,262.99,0.722
11470540,목4동,양천구,생활용품_지출_총금액,생활용품_쇼핑,74736250.0,37359307.0,37376943.0,100.05,0.388
11470550,목5동,양천구,생활용품_지출_총금액,생활용품_쇼핑,28915000.0,92056841.0,-63141841.0,-68.59,-0.648
11470560,신월1동,양천구,생활용품_지출_총금액,생활용품_쇼핑,96638000.0,33989250.0,62648750.0,184.32,0.585
11470570,신월2동,양천구,생활용품_지출_총금액,생활용품_쇼핑,44264500.0,22535180.0,21729320.0,96.42,0.378
11470580,신월3동,양천구,생활용품_지출_총금액,생활용품_쇼핑,16026750.0,19243540.0,-3216790.0,-16.72,-0.102
11470590,신월4동,양천구,생활용품_지출_총금액,생활용품_쇼핑,16556500.0,17168796.0,-612296.0,-3.57,-0.02
11470600,신월5동,양천구,생활용품_지출_총금액,생활용품_쇼핑,83952250.0,14983489.0,68968761.0,460.3,0.964
11470610,신월6동,양천구,생활용품_지출_총금액,생활용품_쇼핑,47408000.0,3268268.0,44139732.0,1350.55,1.497
11470611,신월7동,양천구,생활용품_지출_총금액,생활용품_쇼핑,44323000.0,19272799.0,25050201.0,129.98,0.466
11470620,신정1동,양천구,생활용품_지출_총금액,생활용품_쇼핑,204879750.0,53178024.0,151701726.0,285.27,0.755
11470630,신정2동,양천구,생활용품_지출_총금액,생활용품_쇼핑,12814250.0,65044820.0,-52230570.0,-80.3,-0.909
11470640,신정3동,양천구,생활용품_지출_총금액,생활용품_쇼핑,24720500.0,101751761.0,-77031261.0,-75.71,-0.792
11470650,신정4동,양천구,생활용품_지출_총금액,생활용품_쇼핑,132088500.0,137933381.0,-5844881.0,-4.24,-0.024
11470670,신정6동,양천구,생활용품_지출_총금액,생활용품_쇼핑,0.0,488963.0,-488963.0,-100.0,-7.332
11470680,신정7동,양천구,생활용품_지출_총금액,생활용품_쇼핑,21698750.0,15034912.0,6663838.0,44.32,0.205
11500510,염창동,강서구,생활용품_지출_총금액,생활용품_쇼핑,206206250.0,113388419.0,92817831.0,81.86,0.335
11500520,등촌1동,강서구,생활용품_지출_총금액,생활용품_쇼핑,96746750.0,45120152.0,51626598.0,114.42,0.427
11500530,등촌2동,강서구,생활용품_지출_총금액,생활용품_쇼핑,122772000.0,50656806.0,72115194.0,142.36,0.495
11500535,등촌3동,강서구,생활용품_지출_총금액,생활용품_쇼핑,111733500.0,165902451.0,-54168951.0,-32.65,-0.221
11500540,화곡1동,강서구,생활용품_지출_총금액,생활용품_쇼핑,152295000.0,335224812.0,-182929812.0,-54.57,-0.442
11500550,화곡2동,강서구,생활용품_지출_총금액,생활용품_쇼핑,185335500.0,12394472.0,172941028.0,1395.31,1.514
11500560,화곡3동,강서구,생활용품_지출_총금액,생활용품_쇼핑,22117000.0,28007832.0,-5890832.0,-21.03,-0.132
11500570,화곡4동,강서구,생활용품_지출_총금액,생활용품_쇼핑,182912750.0,36921917.0,145990833.0,395.4,0.896
11500590,화곡본동,강서구,생활용품_지출_총금액,생활용품_쇼핑,77567750.0,94748492.0,-17180742.0,-18.13,-0.112
11500591,화곡6동,강서구,생활용품_지출_총금액,생활용품_쇼핑,27206250.0,41998749.0,-14792499.0,-35.22,-0.243
11500593,화곡8동,강서구,생활용품_지출_총금액,생활용품_쇼핑,34505500.0,41138338.0,-6632838.0,-16.12,-0.098
11500603,가양1동,강서구,생활용품_지출_총금액,생활용품_쇼핑,158800000.0,50068835.0,108731165.0,217.16,0.646
11500604,가양2동,강서구,생활용품_지출_총금액,생활용품_쇼핑,22635500.0,1236246.0,21399254.0,1730.99,1.627
11500605,가양3동,강서구,생활용품_지출_총금액,생활용품_쇼핑,31155750.0,5822195.0,25333555.0,435.12,0.939
11500611,발산1동,강서구,생활용품_지출_총금액,생활용품_쇼핑,189017500.0,139009612.0,50007888.0,35.97,0.172
11500615,우장산동,강서구,생활용품_지출_총금액,생활용품_쇼핑,126656500.0,79090361.0,47566139.0,60.14,0.264
11500620,공항동,강서구,생활용품_지출_총금액,생활용품_쇼핑,180352000.0,86680535.0,93671465.0,108.07,0.41
11500630,방화1동,강서구,생활용품_지출_총금액,생활용품_쇼핑,116388500.0,136006637.0,-19618137.0,-14.42,-0.087
11500640,방화2동,강서구,생활용품_지출_총금액,생활용품_쇼핑,53836250.0,49334244.0,4502006.0,9.13,0.049
11500641,방화3동,강서구,생활용품_지출_총금액,생활용품_쇼핑,3174250.0,19243753.0,-16069503.0,-83.51,-1.009
11530510,신도림동,구로구,생활용품_지출_총금액,생활용품_쇼핑,31240500.0,101220631.0,-69980131.0,-69.14,-0.658
11530520,구로1동,구로구,생활용품_지출_총금액,생활용품_쇼핑,16705250.0,1153672.0,15551578.0,1348.01,1.496
11530530,구로2동,구로구,생활용품_지출_총금액,생활용품_쇼핑,569249750.0,143479951.0,425769799.0,296.75,0.771
11530540,구로3동,구로구,생활용품_지출_총금액,생활용품_쇼핑,200863250.0,103637952.0,97225298.0,93.81,0.37
11530550,구로4동,구로구,생활용품_지출_총금액,생활용품_쇼핑,35786500.0,60839700.0,-25053200.0,-41.18,-0.297
11530560,구로5동,구로구,생활용품_지출_총금액,생활용품_쇼핑,519956000.0,136353872.0,383602128.0,281.33,0.749
11530595,가리봉동,구로구,생활용품_지출_총금액,생활용품_쇼핑,19787500.0,20242650.0,-455150.0,-2.25,-0.013
11530720,고척1동,구로구,생활용품_지출_총금액,생활용품_쇼핑,113176000.0,37158137.0,76017863.0,204.58,0.623
11530730,고척2동,구로구,생활용품_지출_총금액,생활용품_쇼핑,50124000.0,40541496.0,9582504.0,23.64,0.119
11530740,개봉1동,구로구,생활용품_지출_총금액,생활용품_쇼핑,92952500.0,69871578.0,23080922.0,33.03,0.16
11530750,개봉2동,구로구,생활용품_지출_총금액,생활용품_쇼핑,45417250.0,38591235.0,6826015.0,17.69,0.091
11530760,개봉3동,구로구,생활용품_지출_총금액,생활용품_쇼핑,73364750.0,33662059.0,39702691.0,117.94,0.436
11530770,오류1동,구로구,생활용품_지출_총금액,생활용품_쇼핑,10043750.0,31930614.0,-21886864.0,-68.55,-0.647
11530780,오류2동,구로구,생활용품_지출_총금액,생활용품_쇼핑,33512000.0,39526256.0,-6014256.0,-15.22,-0.092
11530790,수궁동,구로구,생활용품_지출_총금액,생활용품_쇼핑,10097500.0,9475441.0,622059.0,6.56,0.036
11530800,항동,구로구,생활용품_지출_총금액,생활용품_쇼핑,2393750.0,376638.0,2017112.0,535.56,1.035
11545510,가산동,금천구,생활용품_지출_총금액,생활용품_쇼핑,398548750.0,112385493.0,286163257.0,254.63,0.708
11545610,독산1동,금천구,생활용품_지출_총금액,생활용품_쇼핑,219627250.0,87641579.0,131985671.0,150.6,0.514
11545620,독산2동,금천구,생활용품_지출_총금액,생활용품_쇼핑,29642250.0,21785654.0,7856596.0,36.06,0.172
11545630,독산3동,금천구,생활용품_지출_총금액,생활용품_쇼핑,89835000.0,39446963.0,50388037.0,127.74,0.461
11545640,독산4동,금천구,생활용품_지출_총금액,생활용품_쇼핑,11072250.0,14182499.0,-3110249.0,-21.93,-0.139
11545670,시흥1동,금천구,생활용품_지출_총금액,생활용품_쇼핑,96040750.0,84153335.0,11887415.0,14.13,0.074
11545680,시흥2동,금천구,생활용품_지출_총금액,생활용품_쇼핑,7294000.0,7210153.0,83847.0,1.16,0.006
11545690,시흥3동,금천구,생활용품_지출_총금액,생활용품_쇼핑,63906750.0,6275794.0,57630956.0,918.31,1.299
11545700,시흥4동,금천구,생활용품_지출_총금액,생활용품_쇼핑,12075250.0,9487965.0,2587285.0,27.27,0.135
11545710,시흥5동,금천구,생활용품_지출_총금액,생활용품_쇼핑,76012250.0,44248556.0,31763694.0,71.78,0.303
11560515,영등포본동,영등포구,생활용품_지출_총금액,생활용품_쇼핑,36781000.0,97471651.0,-60690651.0,-62.26,-0.545
11560535,영등포동,영등포구,생활용품_지출_총금액,생활용품_쇼핑,996694250.0,320688762.0,676005488.0,210.8,0.635
11560540,여의동,영등포구,생활용품_지출_총금액,생활용품_쇼핑,367341250.0,686676935.0,-319335685.0,-46.5,-0.35
11560550,당산1동,영등포구,생활용품_지출_총금액,생활용품_쇼핑,68981750.0,76124068.0,-7142318.0,-9.38,-0.055
11560560,당산2동,영등포구,생활용품_지출_총금액,생활용품_쇼핑,29664250.0,244661292.0,-214997042.0,-87.88,-1.181
11560585,도림동,영등포구,생활용품_지출_총금액,생활용품_쇼핑,40413750.0,23936396.0,16477354.0,68.84,0.293
11560605,문래동,영등포구,생활용품_지출_총금액,생활용품_쇼핑,250163750.0,298940477.0,-48776727.0,-16.32,-0.1
11560610,양평1동,영등포구,생활용품_지출_총금액,생활용품_쇼핑,47204000.0,54766997.0,-7562997.0,-13.81,-0.083
11560620,양평2동,영등포구,생활용품_지출_총금액,생활용품_쇼핑,265526750.0,56973993.0,208552757.0,366.05,0.861
11560630,신길1동,영등포구,생활용품_지출_총금액,생활용품_쇼핑,38624750.0,53874093.0,-15249343.0,-28.31,-0.186
11560650,신길3동,영등포구,생활용품_지출_총금액,생활용품_쇼핑,156450000.0,27671678.0,128778322.0,465.38,0.97
11560660,신길4동,영등포구,생활용품_지출_총금액,생활용품_쇼핑,8186250.0,5338094.0,2848156.0,53.36,0.239
11560670,신길5동,영등포구,생활용품_지출_총금액,생활용품_쇼핑,81656750.0,3198218.0,78458532.0,2453.2,1.813
11560680,신길6동,영등포구,생활용품_지출_총금액,생활용품_쇼핑,130912500.0,76117179.0,54795321.0,71.99,0.303
11560690,신길7동,영등포구,생활용품_지출_총금액,생활용품_쇼핑,16007500.0,29819307.0,-13811807.0,-46.32,-0.348
11560700,대림1동,영등포구,생활용품_지출_총금액,생활용품_쇼핑,125361750.0,45003117.0,80358633.0,178.56,0.573
11560710,대림2동,영등포구,생활용품_지출_총금액,생활용품_쇼핑,110848750.0,73624746.0,37224004.0,50.56,0.229
11560720,대림3동,영등포구,생활용품_지출_총금액,생활용품_쇼핑,136075000.0,44204746.0,91870254.0,207.83,0.629
11590510,노량진1동,동작구,생활용품_지출_총금액,생활용품_쇼핑,65733500.0,66753879.0,-1020379.0,-1.53,-0.009
11590520,노량진2동,동작구,생활용품_지출_총금액,생활용품_쇼핑,69259750.0,45026967.0,24232783.0,53.82,0.241
11590530,상도1동,동작구,생활용품_지출_총금액,생활용품_쇼핑,55430000.0,99932670.0,-44502670.0,-44.53,-0.33
11590540,상도2동,동작구,생활용품_지출_총금액,생활용품_쇼핑,34435250.0,39673141.0,-5237891.0,-13.2,-0.079
11590550,상도3동,동작구,생활용품_지출_총금액,생활용품_쇼핑,30093000.0,26191418.0,3901582.0,14.9,0.078
11590560,상도4동,동작구,생활용품_지출_총금액,생활용품_쇼핑,18400000.0,39558308.0,-21158308.0,-53.49,-0.428
11590605,흑석동,동작구,생활용품_지출_총금액,생활용품_쇼핑,38489750.0,35481138.0,3008612.0,8.48,0.046
11590620,사당1동,동작구,생활용품_지출_총금액,생활용품_쇼핑,65263000.0,68942899.0,-3679899.0,-5.34,-0.031
11590630,사당2동,동작구,생활용품_지출_총금액,생활용품_쇼핑,47486500.0,106585934.0,-59099434.0,-55.45,-0.452
11590640,사당3동,동작구,생활용품_지출_총금액,생활용품_쇼핑,73696250.0,25096495.0,48599755.0,193.65,0.603
11590650,사당4동,동작구,생활용품_지출_총금액,생활용품_쇼핑,23463750.0,26531330.0,-3067580.0,-11.56,-0.069
11590651,사당5동,동작구,생활용품_지출_총금액,생활용품_쇼핑,11018000.0,14726175.0,-3708175.0,-25.18,-0.162
11590660,대방동,동작구,생활용품_지출_총금액,생활용품_쇼핑,22759000.0,102680007.0,-79921007.0,-77.84,-0.843
11590670,신대방1동,동작구,생활용품_지출_총금액,생활용품_쇼핑,20478500.0,47376233.0,-26897733.0,-56.77,-0.469
11590680,신대방2동,동작구,생활용품_지출_총금액,생활용품_쇼핑,1144830500.0,80170468.0,1064660032.0,1328.0,1.488
11620525,보라매동,관악구,생활용품_지출_총금액,생활용품_쇼핑,25567250.0,16722945.0,8844305.0,52.89,0.238
11620545,청림동,관악구,생활용품_지출_총금액,생활용품_쇼핑,2407500.0,14797423.0,-12389923.0,-83.73,-1.016
11620565,성현동,관악구,생활용품_지출_총금액,생활용품_쇼핑,14892250.0,28977383.0,-14085133.0,-48.61,-0.373
11620575,행운동,관악구,생활용품_지출_총금액,생활용품_쇼핑,51762000.0,76713744.0,-24951744.0,-32.53,-0.22
11620585,낙성대동,관악구,생활용품_지출_총금액,생활용품_쇼핑,12148500.0,79087147.0,-66938647.0,-84.64,-1.048
11620595,청룡동,관악구,생활용품_지출_총금액,생활용품_쇼핑,389120000.0,213855271.0,175264729.0,81.95,0.335
11620605,은천동,관악구,생활용품_지출_총금액,생활용품_쇼핑,489762500.0,65791231.0,423971269.0,644.42,1.123
11620615,중앙동,관악구,생활용품_지출_총금액,생활용품_쇼핑,11666500.0,41716122.0,-30049622.0,-72.03,-0.713
11620625,인헌동,관악구,생활용품_지출_총금액,생활용품_쇼핑,5605000.0,43742119.0,-38137119.0,-87.19,-1.15
11620630,남현동,관악구,생활용품_지출_총금액,생활용품_쇼핑,27822000.0,74933333.0,-47111333.0,-62.87,-0.554
11620645,서원동,관악구,생활용품_지출_총금액,생활용품_쇼핑,133700500.0,43655379.0,90045121.0,206.26,0.626
11620655,신원동,관악구,생활용품_지출_총금액,생활용품_쇼핑,24057750.0,23216874.0,840876.0,3.62,0.02
11620665,서림동,관악구,생활용품_지출_총금액,생활용품_쇼핑,16247000.0,26316483.0,-10069483.0,-38.26,-0.27
11620685,신사동,관악구,생활용품_지출_총금액,생활용품_쇼핑,88589750.0,64775040.0,23814710.0,36.77,0.175
11620695,신림동,관악구,생활용품_지출_총금액,생활용품_쇼핑,24059750.0,89717290.0,-65657540.0,-73.18,-0.737
11620715,난향동,관악구,생활용품_지출_총금액,생활용품_쇼핑,2067250.0,5600198.0,-3532948.0,-63.09,-0.558
11620725,조원동,관악구,생활용품_지출_총금액,생활용품_쇼핑,84193250.0,82437480.0,1755770.0,2.13,0.012
11620735,대학동,관악구,생활용품_지출_총금액,생활용품_쇼핑,11129000.0,43840542.0,-32711542.0,-74.61,-0.767
11620745,삼성동,관악구,생활용품_지출_총금액,생활용품_쇼핑,12891750.0,56606779.0,-43715029.0,-77.23,-0.828
11620765,미성동,관악구,생활용품_지출_총금액,생활용품_쇼핑,73514750.0,45758132.0,27756618.0,60.66,0.265
11620775,난곡동,관악구,생활용품_지출_총금액,생활용품_쇼핑,16776250.0,38634144.0,-21857894.0,-56.58,-0.467
11650510,서초1동,서초구,생활용품_지출_총금액,생활용품_쇼핑,133284250.0,202522082.0,-69237832.0,-34.19,-0.234
11650520,서초2동,서초구,생활용품_지출_총금액,생활용품_쇼핑,1767986000.0,210104592.0,1557881408.0,741.48,1.192
11650530,서초3동,서초구,생활용품_지출_총금액,생활용품_쇼핑,7397619000.0,451900405.0,6945718595.0,1537.0,1.565
11650531,서초4동,서초구,생활용품_지출_총금액,생활용품_쇼핑,118677750.0,336261032.0,-217583282.0,-64.71,-0.583
11650540,잠원동,서초구,생활용품_지출_총금액,생활용품_쇼핑,66992750.0,155528691.0,-88535941.0,-56.93,-0.471
11650550,반포본동,서초구,생활용품_지출_총금액,생활용품_쇼핑,972500.0,9882745.0,-8910245.0,-90.16,-1.298
11650560,반포1동,서초구,생활용품_지출_총금액,생활용품_쇼핑,57830000.0,158162236.0,-100332236.0,-63.44,-0.563
11650570,반포2동,서초구,생활용품_지출_총금액,생활용품_쇼핑,56750.0,18349479.0,-18292729.0,-99.69,-3.234
11650580,반포3동,서초구,생활용품_지출_총금액,생활용품_쇼핑,128166750.0,50645914.0,77520836.0,153.06,0.52
11650581,반포4동,서초구,생활용품_지출_총금액,생활용품_쇼핑,189386000.0,133238338.0,56147662.0,42.14,0.197
11650590,방배본동,서초구,생활용품_지출_총금액,생활용품_쇼핑,96890000.0,111750830.0,-14860830.0,-13.3,-0.08
11650600,방배1동,서초구,생활용품_지출_총금액,생활용품_쇼핑,100076250.0,79409968.0,20666282.0,26.02,0.129
11650610,방배2동,서초구,생활용품_지출_총금액,생활용품_쇼핑,35080750.0,45526063.0,-10445313.0,-22.94,-0.146
11650620,방배3동,서초구,생활용품_지출_총금액,생활용품_쇼핑,39303750.0,63003280.0,-23699530.0,-37.62,-0.264
11650621,방배4동,서초구,생활용품_지출_총금액,생활용품_쇼핑,59046750.0,90147634.0,-31100884.0,-34.5,-0.237
11650651,양재1동,서초구,생활용품_지출_총금액,생활용품_쇼핑,130423250.0,260627050.0,-130203800.0,-49.96,-0.387
11650652,양재2동,서초구,생활용품_지출_총금액,생활용품_쇼핑,99126500.0,108450496.0,-9323996.0,-8.6,-0.05
11650660,내곡동,서초구,생활용품_지출_총금액,생활용품_쇼핑,78498500.0,17101472.0,61397028.0,359.02,0.853
11680510,신사동,강남구,생활용품_지출_총금액,생활용품_쇼핑,98476500.0,538656064.0,-440179564.0,-81.72,-0.951
11680521,논현1동,강남구,생활용품_지출_총금액,생활용품_쇼핑,483664250.0,584455460.0,-100791210.0,-17.25,-0.106
11680531,논현2동,강남구,생활용품_지출_총금액,생활용품_쇼핑,861011250.0,608781970.0,252229280.0,41.43,0.194
11680545,압구정동,강남구,생활용품_지출_총금액,생활용품_쇼핑,271403250.0,605405624.0,-334002374.0,-55.17,-0.449
11680565,청담동,강남구,생활용품_지출_총금액,생활용품_쇼핑,436779750.0,631612041.0,-194832291.0,-30.85,-0.206
11680580,삼성1동,강남구,생활용품_지출_총금액,생활용품_쇼핑,542766500.0,221682512.0,321083988.0,144.84,0.501
11680590,삼성2동,강남구,생활용품_지출_총금액,생활용품_쇼핑,475256250.0,207320880.0,267935370.0,129.24,0.464
11680600,대치1동,강남구,생활용품_지출_총금액,생활용품_쇼핑,1575750.0,103182339.0,-101606589.0,-98.47,-2.34
11680610,대치2동,강남구,생활용품_지출_총금액,생활용품_쇼핑,234660750.0,262706855.0,-28046105.0,-10.68,-0.063
11680630,대치4동,강남구,생활용품_지출_총금액,생활용품_쇼핑,171384000.0,320641861.0,-149257861.0,-46.55,-0.351
11680640,역삼1동,강남구,생활용품_지출_총금액,생활용품_쇼핑,781060500.0,1802954503.0,-1021894003.0,-56.68,-0.468
11680650,역삼2동,강남구,생활용품_지출_총금액,생활용품_쇼핑,209748750.0,500027743.0,-290278993.0,-58.05,-0.486
11680655,도곡1동,강남구,생활용품_지출_총금액,생활용품_쇼핑,87222500.0,351031587.0,-263809087.0,-75.15,-0.779
11680656,도곡2동,강남구,생활용품_지출_총금액,생활용품_쇼핑,114346250.0,81768264.0,32577986.0,39.84,0.188
11680660,개포1동,강남구,생활용품_지출_총금액,생활용품_쇼핑,3081500.0,10727697.0,-7646197.0,-71.28,-0.698
11680670,개포2동,강남구,생활용품_지출_총금액,생활용품_쇼핑,5055750.0,36719659.0,-31663909.0,-86.23,-1.11
11680690,개포4동,강남구,생활용품_지출_총금액,생활용품_쇼핑,177338500.0,31396244.0,145942256.0,464.84,0.969
11680700,세곡동,강남구,생활용품_지출_총금액,생활용품_쇼핑,75027250.0,30275677.0,44751573.0,147.81,0.508
11680720,일원본동,강남구,생활용품_지출_총금액,생활용품_쇼핑,10361750.0,3309120.0,7052630.0,213.13,0.639
11680730,일원1동,강남구,생활용품_지출_총금액,생활용품_쇼핑,37846250.0,31625894.0,6220356.0,19.67,0.1
11680740,일원2동,강남구,생활용품_지출_총금액,생활용품_쇼핑,11890250.0,1165331.0,10724919.0,920.33,1.3
11680750,수서동,강남구,생활용품_지출_총금액,생활용품_쇼핑,9663500.0,64532993.0,-54869493.0,-85.03,-1.063
11710510,풍납1동,송파구,생활용품_지출_총금액,생활용품_쇼핑,258751500.0,44236272.0,214515228.0,484.93,0.989
11710520,풍납2동,송파구,생활용품_지출_총금액,생활용품_쇼핑,40915750.0,63884357.0,-22968607.0,-35.95,-0.249
11710531,거여1동,송파구,생활용품_지출_총금액,생활용품_쇼핑,55200000.0,19867712.0,35332288.0,177.84,0.572
11710532,거여2동,송파구,생활용품_지출_총금액,생활용품_쇼핑,27059250.0,38328772.0,-11269522.0,-29.4,-0.195
11710540,마천1동,송파구,생활용품_지출_총금액,생활용품_쇼핑,73595750.0,17159708.0,56436042.0,328.89,0.815
11710550,마천2동,송파구,생활용품_지출_총금액,생활용품_쇼핑,62259750.0,56253370.0,6006380.0,10.68,0.057
11710561,방이1동,송파구,생활용품_지출_총금액,생활용품_쇼핑,21685000.0,56848547.0,-35163547.0,-61.85,-0.539
11710562,방이2동,송파구,생활용품_지출_총금액,생활용품_쇼핑,19616000.0,205451986.0,-185835986.0,-90.45,-1.315
11710566,오륜동,송파구,생활용품_지출_총금액,생활용품_쇼핑,10606250.0,16113397.0,-5507147.0,-34.18,-0.234
11710570,오금동,송파구,생활용품_지출_총금액,생활용품_쇼핑,184991250.0,186209944.0,-1218694.0,-0.65,-0.004
11710580,송파1동,송파구,생활용품_지출_총금액,생활용품_쇼핑,124506000.0,108504028.0,16001972.0,14.75,0.077
11710590,송파2동,송파구,생활용품_지출_총금액,생활용품_쇼핑,222387500.0,60127847.0,162259653.0,269.86,0.732
11710600,석촌동,송파구,생활용품_지출_총금액,생활용품_쇼핑,86573250.0,163364874.0,-76791624.0,-47.01,-0.355
11710610,삼전동,송파구,생활용품_지출_총금액,생활용품_쇼핑,205474000.0,100187297.0,105286703.0,105.09,0.402
11710620,가락본동,송파구,생활용품_지출_총금액,생활용품_쇼핑,117718750.0,283772867.0,-166054117.0,-58.52,-0.492
11710631,가락1동,송파구,생활용품_지출_총금액,생활용품_쇼핑,148864750.0,12629248.0,136235502.0,1078.73,1.381
11710632,가락2동,송파구,생활용품_지출_총금액,생활용품_쇼핑,63981000.0,90570185.0,-26589185.0,-29.36,-0.195
11710641,문정1동,송파구,생활용품_지출_총금액,생활용품_쇼핑,34694000.0,57289084.0,-22595084.0,-39.44,-0.281
11710642,문정2동,송파구,생활용품_지출_총금액,생활용품_쇼핑,1631483500.0,203616333.0,1427867167.0,701.25,1.165
11710646,장지동,송파구,생활용품_지출_총금액,생활용품_쇼핑,31787250.0,74554649.0,-42767399.0,-57.36,-0.477
11710647,위례동,송파구,생활용품_지출_총금액,생활용품_쇼핑,6702750.0,2508338.0,4194412.0,167.22,0.55
11710650,잠실본동,송파구,생활용품_지출_총금액,생활용품_쇼핑,156290500.0,212618172.0,-56327672.0,-26.49,-0.172
11710670,잠실2동,송파구,생활용품_지출_총금액,생활용품_쇼핑,12127250.0,70776116.0,-58648866.0,-82.87,-0.987
11710680,잠실3동,송파구,생활용품_지출_총금액,생활용품_쇼핑,116591750.0,115596251.0,995499.0,0.86,0.005
11710690,잠실4동,송파구,생활용품_지출_총금액,생활용품_쇼핑,1467250.0,42526932.0,-41059682.0,-96.55,-1.884
11710710,잠실6동,송파구,생활용품_지출_총금액,생활용품_쇼핑,29778000.0,159802327.0,-130024327.0,-81.37,-0.94
11710720,잠실7동,송파구,생활용품_지출_총금액,생활용품_쇼핑,68176500.0,551301.0,67625199.0,12266.47,2.696
11740515,강일동,강동구,생활용품_지출_총금액,생활용품_쇼핑,20114250.0,16693962.0,3420288.0,20.49,0.104
11740520,상일동,강동구,생활용품_지출_총금액,생활용품_쇼핑,17927000.0,30591682.0,-12664682.0,-41.4,-0.299
11740530,명일1동,강동구,생활용품_지출_총금액,생활용품_쇼핑,50485000.0,63224342.0,-12739342.0,-20.15,-0.126
11740540,명일2동,강동구,생활용품_지출_총금액,생활용품_쇼핑,11872000.0,35197303.0,-23325303.0,-66.27,-0.608
11740550,고덕1동,강동구,생활용품_지출_총금액,생활용품_쇼핑,10817000.0,25432733.0,-14615733.0,-57.47,-0.478
11740560,고덕2동,강동구,생활용품_지출_총금액,생활용품_쇼핑,48504000.0,24273902.0,24230098.0,99.82,0.387
11740570,암사1동,강동구,생활용품_지출_총금액,생활용품_쇼핑,42037500.0,81995028.0,-39957528.0,-48.73,-0.374
11740580,암사2동,강동구,생활용품_지출_총금액,생활용품_쇼핑,40328750.0,21282814.0,19045936.0,89.49,0.358
11740590,암사3동,강동구,생활용품_지출_총금액,생활용품_쇼핑,29030750.0,1363785.0,27666965.0,2028.69,1.712
11740600,천호1동,강동구,생활용품_지출_총금액,생활용품_쇼핑,62497750.0,105573665.0,-43075915.0,-40.8,-0.293
11740610,천호2동,강동구,생활용품_지출_총금액,생활용품_쇼핑,150608250.0,264468900.0,-113860650.0,-43.05,-0.315
11740620,천호3동,강동구,생활용품_지출_총금액,생활용품_쇼핑,80419000.0,75026693.0,5392307.0,7.19,0.039
11740640,성내1동,강동구,생활용품_지출_총금액,생활용품_쇼핑,93038250.0,77896398.0,15141852.0,19.44,0.099
11740650,성내2동,강동구,생활용품_지출_총금액,생활용품_쇼핑,122172250.0,88218678.0,33953572.0,38.49,0.182
11740660,성내3동,강동구,생활용품_지출_총금액,생활용품_쇼핑,58330000.0,71291762.0,-12961762.0,-18.18,-0.112
11740685,길동,강동구,생활용품_지출_총금액,생활용품_쇼핑,366710500.0,485763683.0,-119053183.0,-24.51,-0.157
11740690,둔촌1동,강동구,생활용품_지출_총금액,생활용품_쇼핑,0.0,71.0,-71.0,-100.0,-2.395
11740700,둔촌2동,강동구,생활용품_지출_총금액,생활용품_쇼핑,194380250.0,86620310.0,107759940.0,124.4,0.452
11110515,청운효자동,종로구,의료비_지출_총금액,의료_헬스케어,120163750.0,227282368.0,-107118618.0,-47.13,-0.845
11110530,사직동,종로구,의료비_지출_총금액,의료_헬스케어,1765977000.0,1788986688.0,-23009688.0,-1.29,-0.017
11110540,삼청동,종로구,의료비_지출_총금액,의료_헬스케어,68592500.0,56347340.0,12245160.0,21.73,0.261
11110550,부암동,종로구,의료비_지출_총금액,의료_헬스케어,79516000.0,39484352.0,40031648.0,101.39,0.928
11110560,평창동,종로구,의료비_지출_총금액,의료_헬스케어,290160250.0,273297187.0,16863063.0,6.17,0.079
11110570,무악동,종로구,의료비_지출_총금액,의료_헬스케어,2604803500.0,188830289.0,2415973211.0,1279.44,3.478
11110580,교남동,종로구,의료비_지출_총금액,의료_헬스케어,1397948250.0,758657774.0,639290476.0,84.27,0.81
11110600,가회동,종로구,의료비_지출_총금액,의료_헬스케어,29243250.0,50199304.0,-20956054.0,-41.75,-0.716
11110615,종로1?2?3?4가동,종로구,의료비_지출_총금액,의료_헬스케어,7561635500.0,9730587913.0,-2168952413.0,-22.29,-0.334
11110630,종로5?6가동,종로구,의료비_지출_총금액,의료_헬스케어,4460416000.0,1988931489.0,2471484511.0,124.26,1.07
11110640,이화동,종로구,의료비_지출_총금액,의료_헬스케어,2902932000.0,425042464.0,2477889536.0,582.97,2.547
11110650,혜화동,종로구,의료비_지출_총금액,의료_헬스케어,1966052500.0,1352087654.0,613964846.0,45.41,0.496
11110670,창신1동,종로구,의료비_지출_총금액,의료_헬스케어,665967000.0,375468049.0,290498951.0,77.37,0.76
11110680,창신2동,종로구,의료비_지출_총금액,의료_헬스케어,164295500.0,171411325.0,-7115825.0,-4.15,-0.056
11110690,창신3동,종로구,의료비_지출_총금액,의료_헬스케어,3702250.0,19576402.0,-15874152.0,-81.09,-2.207
11110700,숭인1동,종로구,의료비_지출_총금액,의료_헬스케어,151092500.0,82276867.0,68815633.0,83.64,0.806
11110710,숭인2동,종로구,의료비_지출_총금액,의료_헬스케어,286417750.0,278712056.0,7705694.0,2.76,0.036
11140520,소공동,중구,의료비_지출_총금액,의료_헬스케어,1692845000.0,1015299754.0,677545246.0,66.73,0.678
11140540,회현동,중구,의료비_지출_총금액,의료_헬스케어,4145406000.0,1478674548.0,2666731452.0,180.35,1.366
11140550,명동,중구,의료비_지출_총금액,의료_헬스케어,3417840500.0,8958395009.0,-5540554509.0,-61.85,-1.277
11140570,필동,중구,의료비_지출_총금액,의료_헬스케어,462525000.0,389221047.0,73303953.0,18.83,0.229
11140580,장충동,중구,의료비_지출_총금액,의료_헬스케어,6288500.0,41870853.0,-35582353.0,-84.98,-2.513
11140590,광희동,중구,의료비_지출_총금액,의료_헬스케어,808249750.0,1380458510.0,-572208760.0,-41.45,-0.71
11140605,을지로동,중구,의료비_지출_총금액,의료_헬스케어,812763250.0,1064005312.0,-251242062.0,-23.61,-0.357
11140615,신당동,중구,의료비_지출_총금액,의료_헬스케어,412579250.0,724860160.0,-312280910.0,-43.08,-0.747
11140625,다산동,중구,의료비_지출_총금액,의료_헬스케어,673158750.0,599203216.0,73955534.0,12.34,0.154
11140635,약수동,중구,의료비_지출_총금액,의료_헬스케어,427841000.0,642001738.0,-214160738.0,-33.36,-0.538
11140645,청구동,중구,의료비_지출_총금액,의료_헬스케어,91920500.0,141399622.0,-49479122.0,-34.99,-0.571
11140650,신당5동,중구,의료비_지출_총금액,의료_헬스케어,328816000.0,287728091.0,41087909.0,14.28,0.177
11140665,동화동,중구,의료비_지출_총금액,의료_헬스케어,200600500.0,280053323.0,-79452823.0,-28.37,-0.442
11140670,황학동,중구,의료비_지출_총금액,의료_헬스케어,651394500.0,906901814.0,-255507314.0,-28.17,-0.439
11140680,중림동,중구,의료비_지출_총금액,의료_헬스케어,456525750.0,368893615.0,87632135.0,23.76,0.282
11170510,후암동,용산구,의료비_지출_총금액,의료_헬스케어,168101250.0,374520807.0,-206419557.0,-55.12,-1.062
11170520,용산2가동,용산구,의료비_지출_총금액,의료_헬스케어,37465500.0,95318197.0,-57852697.0,-60.69,-1.238
11170530,남영동,용산구,의료비_지출_총금액,의료_헬스케어,693792250.0,730462774.0,-36670524.0,-5.02,-0.068
11170555,청파동,용산구,의료비_지출_총금액,의료_헬스케어,249297500.0,957880297.0,-708582797.0,-73.97,-1.784
11170560,원효로1동,용산구,의료비_지출_총금액,의료_헬스케어,427747250.0,535980918.0,-108233668.0,-20.19,-0.299
11170570,원효로2동,용산구,의료비_지출_총금액,의료_헬스케어,31247750.0,268899492.0,-237651742.0,-88.38,-2.853
11170580,효창동,용산구,의료비_지출_총금액,의료_헬스케어,201195500.0,196481728.0,4713772.0,2.4,0.031
11170590,용문동,용산구,의료비_지출_총금액,의료_헬스케어,100317250.0,117042585.0,-16725335.0,-14.29,-0.204
11170625,한강로동,용산구,의료비_지출_총금액,의료_헬스케어,1823573250.0,3900951470.0,-2077378220.0,-53.25,-1.008
11170630,이촌1동,용산구,의료비_지출_총금액,의료_헬스케어,447953250.0,2677425871.0,-2229472621.0,-83.27,-2.37
11170640,이촌2동,용산구,의료비_지출_총금액,의료_헬스케어,2891000.0,36000019.0,-33109019.0,-91.97,-3.343
11170650,이태원1동,용산구,의료비_지출_총금액,의료_헬스케어,614909250.0,242983275.0,371925975.0,153.07,1.231
11170660,이태원2동,용산구,의료비_지출_총금액,의료_헬스케어,67616250.0,168240197.0,-100623947.0,-59.81,-1.208
11170685,한남동,용산구,의료비_지출_총금액,의료_헬스케어,959067000.0,2753425999.0,-1794358999.0,-65.17,-1.398
11170690,서빙고동,용산구,의료비_지출_총금액,의료_헬스케어,52599750.0,88840972.0,-36241222.0,-40.79,-0.695
11170700,보광동,용산구,의료비_지출_총금액,의료_헬스케어,162014250.0,454307966.0,-292293716.0,-64.34,-1.367
11200520,왕십리2동,성동구,의료비_지출_총금액,의료_헬스케어,627749000.0,271698249.0,356050751.0,131.05,1.11
11200535,왕십리도선동,성동구,의료비_지출_총금액,의료_헬스케어,1983002500.0,4120412726.0,-2137410226.0,-51.87,-0.969
11200540,마장동,성동구,의료비_지출_총금액,의료_헬스케어,171587250.0,639477881.0,-467890631.0,-73.17,-1.744
11200550,사근동,성동구,의료비_지출_총금액,의료_헬스케어,707078750.0,389302604.0,317776146.0,81.63,0.791
11200560,행당1동,성동구,의료비_지출_총금액,의료_헬스케어,1444150250.0,1192002127.0,252148123.0,21.15,0.254
11200570,행당2동,성동구,의료비_지출_총금액,의료_헬스케어,287755500.0,265284261.0,22471239.0,8.47,0.108
11200580,응봉동,성동구,의료비_지출_총금액,의료_헬스케어,51273750.0,63562691.0,-12288941.0,-19.33,-0.285
11200590,금호1가동,성동구,의료비_지출_총금액,의료_헬스케어,342578750.0,222456378.0,120122372.0,54.0,0.572
11200615,금호2?3가동,성동구,의료비_지출_총금액,의료_헬스케어,413345250.0,1014471649.0,-601126399.0,-59.26,-1.19
11200620,금호4가동,성동구,의료비_지출_총금액,의료_헬스케어,631321750.0,401687183.0,229634567.0,57.17,0.599
11200645,옥수동,성동구,의료비_지출_총금액,의료_헬스케어,675072250.0,832109074.0,-157036824.0,-18.87,-0.277
11200650,성수1가1동,성동구,의료비_지출_총금액,의료_헬스케어,275104500.0,287633576.0,-12529076.0,-4.36,-0.059
11200660,성수1가2동,성동구,의료비_지출_총금액,의료_헬스케어,816492750.0,578118031.0,238374719.0,41.23,0.458
11200670,성수2가1동,성동구,의료비_지출_총금액,의료_헬스케어,658148500.0,1232564380.0,-574415880.0,-46.6,-0.832
11200690,성수2가3동,성동구,의료비_지출_총금액,의료_헬스케어,2446193000.0,1157264874.0,1288928126.0,111.38,0.992
11200720,송정동,성동구,의료비_지출_총금액,의료_헬스케어,106474000.0,137290373.0,-30816373.0,-22.45,-0.337
11200790,용답동,성동구,의료비_지출_총금액,의료_헬스케어,2344540250.0,292136719.0,2052403531.0,702.55,2.76
11215710,화양동,광진구,의료비_지출_총금액,의료_헬스케어,3194692500.0,1372571409.0,1822121091.0,132.75,1.12
11215730,군자동,광진구,의료비_지출_총금액,의료_헬스케어,1437461500.0,1088880933.0,348580567.0,32.01,0.368
11215740,중곡1동,광진구,의료비_지출_총금액,의료_헬스케어,605454250.0,343067538.0,262386712.0,76.48,0.753
11215750,중곡2동,광진구,의료비_지출_총금액,의료_헬스케어,704427000.0,673647665.0,30779335.0,4.57,0.059
11215760,중곡3동,광진구,의료비_지출_총금액,의료_헬스케어,400715500.0,350683784.0,50031716.0,14.27,0.177
11215770,중곡4동,광진구,의료비_지출_총금액,의료_헬스케어,407378000.0,395229179.0,12148821.0,3.07,0.04
11215780,능동,광진구,의료비_지출_총금액,의료_헬스케어,1191125500.0,128126745.0,1062998755.0,829.65,2.955
11215810,광장동,광진구,의료비_지출_총금액,의료_헬스케어,567367750.0,1536278873.0,-968911123.0,-63.07,-1.32
11215820,자양1동,광진구,의료비_지출_총금액,의료_헬스케어,2218871750.0,1405727988.0,813143762.0,57.85,0.605
11215830,자양2동,광진구,의료비_지출_총금액,의료_헬스케어,762166000.0,503208607.0,258957393.0,51.46,0.55
11215840,자양3동,광진구,의료비_지출_총금액,의료_헬스케어,610378250.0,993749249.0,-383370999.0,-38.58,-0.646
11215847,자양4동,광진구,의료비_지출_총금액,의료_헬스케어,1164387750.0,1066476111.0,97911639.0,9.18,0.116
11215850,구의1동,광진구,의료비_지출_총금액,의료_헬스케어,636833750.0,517944160.0,118889590.0,22.95,0.274
11215860,구의2동,광진구,의료비_지출_총금액,의료_헬스케어,648693750.0,566877398.0,81816352.0,14.43,0.179
11215870,구의3동,광진구,의료비_지출_총금액,의료_헬스케어,1533518500.0,1561833711.0,-28315211.0,-1.81,-0.024
11230536,용신동,동대문구,의료비_지출_총금액,의료_헬스케어,3819519250.0,3690004024.0,129515226.0,3.51,0.046
11230545,제기동,동대문구,의료비_지출_총금액,의료_헬스케어,1640930250.0,3425986768.0,-1785056518.0,-52.1,-0.976
11230560,전농1동,동대문구,의료비_지출_총금액,의료_헬스케어,1452514750.0,1160901171.0,291613579.0,25.12,0.297
11230570,전농2동,동대문구,의료비_지출_총금액,의료_헬스케어,243088250.0,695091479.0,-452003229.0,-65.03,-1.393
11230600,답십리1동,동대문구,의료비_지출_총금액,의료_헬스케어,629149250.0,1305318963.0,-676169713.0,-51.8,-0.967
11230610,답십리2동,동대문구,의료비_지출_총금액,의료_헬스케어,1006169000.0,1453880803.0,-447711803.0,-30.79,-0.488
11230650,장안1동,동대문구,의료비_지출_총금액,의료_헬스케어,3285836000.0,3803903253.0,-518067253.0,-13.62,-0.194
11230660,장안2동,동대문구,의료비_지출_총금액,의료_헬스케어,2148231250.0,2476146967.0,-327915717.0,-13.24,-0.188
11230705,청량리동,동대문구,의료비_지출_총금액,의료_헬스케어,1131429000.0,1470492705.0,-339063705.0,-23.06,-0.347
11230710,회기동,동대문구,의료비_지출_총금액,의료_헬스케어,6716632750.0,484302145.0,6232330605.0,1286.87,3.485
11230720,휘경1동,동대문구,의료비_지출_총금액,의료_헬스케어,550628000.0,484685976.0,65942024.0,13.61,0.169
11230730,휘경2동,동대문구,의료비_지출_총금액,의료_헬스케어,437830750.0,302169214.0,135661536.0,44.9,0.492
11230740,이문1동,동대문구,의료비_지출_총금액,의료_헬스케어,388260000.0,1083745193.0,-695485193.0,-64.17,-1.361
11230750,이문2동,동대문구,의료비_지출_총금액,의료_헬스케어,217095750.0,245518285.0,-28422535.0,-11.58,-0.163
11260520,면목2동,중랑구,의료비_지출_총금액,의료_헬스케어,683436250.0,549530908.0,133905342.0,24.37,0.289
11260540,면목4동,중랑구,의료비_지출_총금액,의료_헬스케어,83935500.0,158579201.0,-74643701.0,-47.07,-0.843
11260550,면목5동,중랑구,의료비_지출_총금액,의료_헬스케어,129227500.0,75534796.0,53692704.0,71.08,0.712
11260565,면목본동,중랑구,의료비_지출_총금액,의료_헬스케어,793040750.0,1380180817.0,-587140067.0,-42.54,-0.734
11260570,면목7동,중랑구,의료비_지출_총금액,의료_헬스케어,854228500.0,732206759.0,122021741.0,16.66,0.204
11260575,면목3?8동,중랑구,의료비_지출_총금액,의료_헬스케어,679197000.0,897756318.0,-218559318.0,-24.35,-0.37
11260580,상봉1동,중랑구,의료비_지출_총금액,의료_헬스케어,713953250.0,358339374.0,355613876.0,99.24,0.914
11260590,상봉2동,중랑구,의료비_지출_총금액,의료_헬스케어,1234031500.0,780990486.0,453041014.0,58.01,0.606
11260600,중화1동,중랑구,의료비_지출_총금액,의료_헬스케어,387853750.0,372698731.0,15155019.0,4.07,0.053
11260610,중화2동,중랑구,의료비_지출_총금액,의료_헬스케어,417245000.0,655138401.0,-237893401.0,-36.31,-0.598
11260620,묵1동,중랑구,의료비_지출_총금액,의료_헬스케어,1460028500.0,1042790214.0,417238286.0,40.01,0.446
11260630,묵2동,중랑구,의료비_지출_총금액,의료_헬스케어,695245750.0,364068372.0,331177378.0,90.97,0.857
11260655,망우본동,중랑구,의료비_지출_총금액,의료_헬스케어,1925398250.0,2636880436.0,-711482186.0,-26.98,-0.417
11260660,망우3동,중랑구,의료비_지출_총금액,의료_헬스케어,275181000.0,122115310.0,153065690.0,125.35,1.077
11260680,신내1동,중랑구,의료비_지출_총금액,의료_헬스케어,805451500.0,943749457.0,-138297957.0,-14.65,-0.21
11260690,신내2동,중랑구,의료비_지출_총금액,의료_헬스케어,513778750.0,618682556.0,-104903806.0,-16.96,-0.246
11290525,성북동,성북구,의료비_지출_총금액,의료_헬스케어,488524500.0,561671400.0,-73146900.0,-13.02,-0.185
11290555,삼선동,성북구,의료비_지출_총금액,의료_헬스케어,1018066000.0,1337561916.0,-319495916.0,-23.89,-0.362
11290575,동선동,성북구,의료비_지출_총금액,의료_헬스케어,2405818250.0,1064260619.0,1341557631.0,126.06,1.081
11290580,돈암1동,성북구,의료비_지출_총금액,의료_헬스케어,194698500.0,68833591.0,125864909.0,182.85,1.378
11290590,돈암2동,성북구,의료비_지출_총금액,의료_헬스케어,98462250.0,262290685.0,-163828435.0,-62.46,-1.299
11290600,안암동,성북구,의료비_지출_총금액,의료_헬스케어,1166966250.0,910992457.0,255973793.0,28.1,0.328
11290610,보문동,성북구,의료비_지출_총금액,의료_헬스케어,196385500.0,391405169.0,-195019669.0,-49.83,-0.914
11290620,정릉1동,성북구,의료비_지출_총금액,의료_헬스케어,204289750.0,256524172.0,-52234422.0,-20.36,-0.302
11290630,정릉2동,성북구,의료비_지출_총금액,의료_헬스케어,629244000.0,286560389.0,342683611.0,119.59,1.043
11290640,정릉3동,성북구,의료비_지출_총금액,의료_헬스케어,87474750.0,77123162.0,10351588.0,13.42,0.167
11290650,정릉4동,성북구,의료비_지출_총금액,의료_헬스케어,517470250.0,471417246.0,46053004.0,9.77,0.124
11290660,길음1동,성북구,의료비_지출_총금액,의료_헬스케어,578822250.0,1391938985.0,-813116735.0,-58.42,-1.163
11290685,길음2동,성북구,의료비_지출_총금액,의료_헬스케어,925476250.0,1252103505.0,-326627255.0,-26.09,-0.401
11290705,종암동,성북구,의료비_지출_총금액,의료_헬스케어,1006311000.0,2439635014.0,-1433324014.0,-58.75,-1.174
11290715,월곡1동,성북구,의료비_지출_총금액,의료_헬스케어,366037000.0,978035926.0,-611998926.0,-62.57,-1.303
11290725,월곡2동,성북구,의료비_지출_총금액,의료_헬스케어,857740000.0,822021055.0,35718945.0,4.35,0.056
11290760,장위1동,성북구,의료비_지출_총금액,의료_헬스케어,145482250.0,377082995.0,-231600745.0,-61.42,-1.262
11290770,장위2동,성북구,의료비_지출_총금액,의료_헬스케어,307697750.0,407764655.0,-100066905.0,-24.54,-0.373
11290780,장위3동,성북구,의료비_지출_총금액,의료_헬스케어,142509000.0,207228831.0,-64719831.0,-31.23,-0.496
11290810,석관동,성북구,의료비_지출_총금액,의료_헬스케어,893731250.0,1244610920.0,-350879670.0,-28.19,-0.439
11305534,삼양동,강북구,의료비_지출_총금액,의료_헬스케어,773736250.0,725270568.0,48465682.0,6.68,0.086
11305535,미아동,강북구,의료비_지출_총금액,의료_헬스케어,1928426750.0,830654569.0,1097772181.0,132.16,1.116
11305545,송중동,강북구,의료비_지출_총금액,의료_헬스케어,2529910750.0,1734133060.0,795777690.0,45.89,0.501
11305555,송천동,강북구,의료비_지출_총금액,의료_헬스케어,939145000.0,1623936516.0,-684791516.0,-42.17,-0.726
11305575,삼각산동,강북구,의료비_지출_총금액,의료_헬스케어,313621250.0,672970223.0,-359348973.0,-53.4,-1.012
11305595,번1동,강북구,의료비_지출_총금액,의료_헬스케어,2330621500.0,873065392.0,1457556108.0,166.95,1.301
11305603,번2동,강북구,의료비_지출_총금액,의료_헬스케어,129688000.0,142688001.0,-13000001.0,-9.11,-0.127
11305608,번3동,강북구,의료비_지출_총금액,의료_헬스케어,138985750.0,282126980.0,-143141230.0,-50.74,-0.938
11305615,수유1동,강북구,의료비_지출_총금액,의료_헬스케어,412679000.0,511102817.0,-98423817.0,-19.26,-0.284
11305625,수유2동,강북구,의료비_지출_총금액,의료_헬스케어,272700250.0,399537603.0,-126837353.0,-31.75,-0.506
11305635,수유3동,강북구,의료비_지출_총금액,의료_헬스케어,1797887250.0,1259502533.0,538384717.0,42.75,0.472
11305645,우이동,강북구,의료비_지출_총금액,의료_헬스케어,181681250.0,156876166.0,24805084.0,15.81,0.195
11305660,인수동,강북구,의료비_지출_총금액,의료_헬스케어,295214500.0,1053506749.0,-758292249.0,-71.98,-1.686
11320511,창1동,도봉구,의료비_지출_총금액,의료_헬스케어,915122500.0,318383179.0,596739321.0,187.43,1.399
11320512,창2동,도봉구,의료비_지출_총금액,의료_헬스케어,808820000.0,458595226.0,350224774.0,76.37,0.752
11320513,창3동,도봉구,의료비_지출_총금액,의료_헬스케어,166223250.0,154521238.0,11702012.0,7.57,0.097
11320514,창4동,도봉구,의료비_지출_총금액,의료_헬스케어,353687500.0,714181846.0,-360494346.0,-50.48,-0.931
11320515,창5동,도봉구,의료비_지출_총금액,의료_헬스케어,1771619250.0,833216786.0,938402464.0,112.62,1.0
11320521,도봉1동,도봉구,의료비_지출_총금액,의료_헬스케어,261783750.0,248901931.0,12881819.0,5.18,0.067
11320522,도봉2동,도봉구,의료비_지출_총금액,의료_헬스케어,194010250.0,308263567.0,-114253317.0,-37.06,-0.614
11320660,쌍문1동,도봉구,의료비_지출_총금액,의료_헬스케어,209204250.0,220913625.0,-11709375.0,-5.3,-0.072
11320670,쌍문2동,도봉구,의료비_지출_총금액,의료_헬스케어,545319000.0,406218318.0,139100682.0,34.24,0.39
11320680,쌍문3동,도봉구,의료비_지출_총금액,의료_헬스케어,562780250.0,493058804.0,69721446.0,14.14,0.175
11320681,쌍문4동,도봉구,의료비_지출_총금액,의료_헬스케어,164343750.0,117927088.0,46416662.0,39.36,0.44
11320690,방학1동,도봉구,의료비_지출_총금액,의료_헬스케어,894097750.0,1267094719.0,-372996969.0,-29.44,-0.462
11320700,방학2동,도봉구,의료비_지출_총금액,의료_헬스케어,385751250.0,128549394.0,257201856.0,200.08,1.456
11320710,방학3동,도봉구,의료비_지출_총금액,의료_헬스케어,285713750.0,323787188.0,-38073438.0,-11.76,-0.166
11350560,월계1동,노원구,의료비_지출_총금액,의료_헬스케어,1051458500.0,549928665.0,501529835.0,91.2,0.859
11350570,월계2동,노원구,의료비_지출_총금액,의료_헬스케어,233088000.0,195575557.0,37512443.0,19.18,0.233
11350580,월계3동,노원구,의료비_지출_총금액,의료_헬스케어,196442500.0,393424123.0,-196981623.0,-50.07,-0.921
11350595,공릉1동,노원구,의료비_지출_총금액,의료_헬스케어,2903004000.0,2283940102.0,619063898.0,27.11,0.318
11350600,공릉2동,노원구,의료비_지출_총금액,의료_헬스케어,805210750.0,1826242842.0,-1021032092.0,-55.91,-1.085
11350611,하계1동,노원구,의료비_지출_총금액,의료_헬스케어,1065306500.0,694091059.0,371215441.0,53.48,0.568
11350612,하계2동,노원구,의료비_지출_총금액,의료_헬스케어,5577500.0,120301736.0,-114724236.0,-95.36,-4.071
11350619,중계본동,노원구,의료비_지출_총금액,의료_헬스케어,771072000.0,412574110.0,358497890.0,86.89,0.829
11350621,중계1동,노원구,의료비_지출_총금액,의료_헬스케어,442190500.0,698340697.0,-256150197.0,-36.68,-0.606
11350624,중계4동,노원구,의료비_지출_총금액,의료_헬스케어,1078834500.0,798347783.0,280486717.0,35.13,0.399
11350625,중계2?3동,노원구,의료비_지출_총금액,의료_헬스케어,567840750.0,729906221.0,-162065471.0,-22.2,-0.333
11350630,상계1동,노원구,의료비_지출_총금액,의료_헬스케어,930118750.0,1115569561.0,-185450811.0,-16.62,-0.241
11350640,상계2동,노원구,의료비_지출_총금액,의료_헬스케어,2657659000.0,1618580606.0,1039078394.0,64.2,0.657
11350665,상계3?4동,노원구,의료비_지출_총금액,의료_헬스케어,160485000.0,518063523.0,-357578523.0,-69.02,-1.553
11350670,상계5동,노원구,의료비_지출_총금액,의료_헬스케어,142148250.0,412768739.0,-270620489.0,-65.56,-1.413
11350695,상계6?7동,노원구,의료비_지출_총금액,의료_헬스케어,8223808750.0,5786364396.0,2437444354.0,42.12,0.466
11350700,상계8동,노원구,의료비_지출_총금액,의료_헬스케어,316234750.0,259694735.0,56540015.0,21.77,0.261
11350710,상계9동,노원구,의료비_지출_총금액,의료_헬스케어,394365500.0,311023265.0,83342235.0,26.8,0.315
11350720,상계10동,노원구,의료비_지출_총금액,의료_헬스케어,136741750.0,60604511.0,76137239.0,125.63,1.079
11380510,녹번동,은평구,의료비_지출_총금액,의료_헬스케어,905608500.0,918293313.0,-12684813.0,-1.38,-0.018
11380520,불광1동,은평구,의료비_지출_총금액,의료_헬스케어,2260596000.0,1134562497.0,1126033503.0,99.25,0.914
11380530,불광2동,은평구,의료비_지출_총금액,의료_헬스케어,851105000.0,268931235.0,582173765.0,216.48,1.527
11380551,갈현1동,은평구,의료비_지출_총금액,의료_헬스케어,1063589000.0,619707293.0,443881707.0,71.63,0.716
11380552,갈현2동,은평구,의료비_지출_총금액,의료_헬스케어,553982000.0,726412792.0,-172430792.0,-23.74,-0.359
11380560,구산동,은평구,의료비_지출_총금액,의료_헬스케어,769494500.0,430113933.0,339380567.0,78.9,0.771
11380570,대조동,은평구,의료비_지출_총금액,의료_헬스케어,2336244000.0,2966036845.0,-629792845.0,-21.23,-0.316
11380580,응암1동,은평구,의료비_지출_총금액,의료_헬스케어,2252770000.0,1439267022.0,813502978.0,56.52,0.594
11380590,응암2동,은평구,의료비_지출_총금액,의료_헬스케어,214886250.0,515030020.0,-300143770.0,-58.28,-1.159
11380600,응암3동,은평구,의료비_지출_총금액,의료_헬스케어,820464750.0,1088115498.0,-267650748.0,-24.6,-0.374
11380625,역촌동,은평구,의료비_지출_총금액,의료_헬스케어,1197165750.0,2105325613.0,-908159863.0,-43.14,-0.748
11380631,신사1동,은평구,의료비_지출_총금액,의료_헬스케어,453252750.0,330080797.0,123171953.0,37.32,0.42
11380632,신사2동,은평구,의료비_지출_총금액,의료_헬스케어,140275750.0,115196458.0,25079292.0,21.77,0.261
11380640,증산동,은평구,의료비_지출_총금액,의료_헬스케어,290500000.0,297101308.0,-6601308.0,-2.22,-0.03
11380650,수색동,은평구,의료비_지출_총금액,의료_헬스케어,93623750.0,150466395.0,-56842645.0,-37.78,-0.629
11380690,진관동,은평구,의료비_지출_총금액,의료_헬스케어,6995879750.0,2840315009.0,4155564741.0,146.31,1.195
11410520,천연동,서대문구,의료비_지출_총금액,의료_헬스케어,200239750.0,295124787.0,-94885037.0,-32.15,-0.514
11410555,북아현동,서대문구,의료비_지출_총금액,의료_헬스케어,289337000.0,1331802422.0,-1042465422.0,-78.27,-2.024
11410565,충현동,서대문구,의료비_지출_총금액,의료_헬스케어,441661000.0,1016631756.0,-574970756.0,-56.56,-1.105
11410585,신촌동,서대문구,의료비_지출_총금액,의료_헬스케어,24842521750.0,2704841360.0,22137680390.0,818.45,2.939
11410615,연희동,서대문구,의료비_지출_총금액,의료_헬스케어,46521899750.0,1899689148.0,44622210602.0,2348.92,4.239
11410620,홍제1동,서대문구,의료비_지출_총금액,의료_헬스케어,992401500.0,593904622.0,398496878.0,67.1,0.68
11410640,홍제3동,서대문구,의료비_지출_총금액,의료_헬스케어,1058342000.0,573233549.0,485108451.0,84.63,0.813
11410655,홍제2동,서대문구,의료비_지출_총금액,의료_헬스케어,293790500.0,172058445.0,121732055.0,70.75,0.709
11410660,홍은1동,서대문구,의료비_지출_총금액,의료_헬스케어,167846750.0,282367984.0,-114521234.0,-40.56,-0.689
11410685,홍은2동,서대문구,의료비_지출_총금액,의료_헬스케어,527423250.0,451387516.0,76035734.0,16.84,0.206
11410690,남가좌1동,서대문구,의료비_지출_총금액,의료_헬스케어,1225140000.0,561705278.0,663434722.0,118.11,1.034
11410700,남가좌2동,서대문구,의료비_지출_총금액,의료_헬스케어,717635500.0,975959279.0,-258323779.0,-26.47,-0.408
11410710,북가좌1동,서대문구,의료비_지출_총금액,의료_헬스케어,702384000.0,264969047.0,437414953.0,165.08,1.292
11410720,북가좌2동,서대문구,의료비_지출_총금액,의료_헬스케어,474007750.0,857102220.0,-383094470.0,-44.7,-0.785
11440555,아현동,마포구,의료비_지출_총금액,의료_헬스케어,1477191750.0,3377446837.0,-1900255087.0,-56.26,-1.096
11440565,공덕동,마포구,의료비_지출_총금액,의료_헬스케어,975960250.0,3196592582.0,-2220632332.0,-69.47,-1.573
11440585,도화동,마포구,의료비_지출_총금액,의료_헬스케어,1920887500.0,1689659440.0,231228060.0,13.68,0.17
11440590,용강동,마포구,의료비_지출_총금액,의료_헬스케어,1480758250.0,1114687967.0,366070283.0,32.84,0.376
11440600,대흥동,마포구,의료비_지출_총금액,의료_헬스케어,1350546500.0,1662149182.0,-311602682.0,-18.75,-0.275
11440610,염리동,마포구,의료비_지출_총금액,의료_헬스케어,173739500.0,212131990.0,-38392490.0,-18.1,-0.265
11440630,신수동,마포구,의료비_지출_총금액,의료_헬스케어,1030039750.0,425473309.0,604566441.0,142.09,1.172
11440655,서강동,마포구,의료비_지출_총금액,의료_헬스케어,153471000.0,616788139.0,-463317139.0,-75.12,-1.844
11440660,서교동,마포구,의료비_지출_총금액,의료_헬스케어,8056500500.0,5115884823.0,2940615677.0,57.48,0.602
11440680,합정동,마포구,의료비_지출_총금액,의료_헬스케어,1040224250.0,568316476.0,471907774.0,83.04,0.801
11440690,망원1동,마포구,의료비_지출_총금액,의료_헬스케어,737590000.0,692648779.0,44941221.0,6.49,0.083
11440700,망원2동,마포구,의료비_지출_총금액,의료_헬스케어,259826750.0,312596033.0,-52769283.0,-16.88,-0.245
11440710,연남동,마포구,의료비_지출_총금액,의료_헬스케어,162505000.0,112622899.0,49882101.0,44.29,0.486
11440720,성산1동,마포구,의료비_지출_총금액,의료_헬스케어,370249000.0,300337562.0,69911438.0,23.28,0.277
11440730,성산2동,마포구,의료비_지출_총금액,의료_헬스케어,412914500.0,928390108.0,-515475608.0,-55.52,-1.074
11440740,상암동,마포구,의료비_지출_총금액,의료_헬스케어,1306314750.0,1514078419.0,-207763669.0,-13.72,-0.196
11470510,목1동,양천구,의료비_지출_총금액,의료_헬스케어,6092568250.0,4137364257.0,1955203993.0,47.26,0.513
11470520,목2동,양천구,의료비_지출_총금액,의료_헬스케어,690131500.0,794870015.0,-104738515.0,-13.18,-0.187
11470530,목3동,양천구,의료비_지출_총금액,의료_헬스케어,1167924000.0,831409993.0,336514007.0,40.48,0.45
11470540,목4동,양천구,의료비_지출_총금액,의료_헬스케어,975481750.0,589175626.0,386306124.0,65.57,0.668
11470550,목5동,양천구,의료비_지출_총금액,의료_헬스케어,5263122000.0,3116329556.0,2146792444.0,68.89,0.695
11470560,신월1동,양천구,의료비_지출_총금액,의료_헬스케어,316673250.0,479677722.0,-163004472.0,-33.98,-0.55
11470570,신월2동,양천구,의료비_지출_총금액,의료_헬스케어,608600250.0,242925910.0,365674340.0,150.53,1.217
11470580,신월3동,양천구,의료비_지출_총금액,의료_헬스케어,260512250.0,195402402.0,65109848.0,33.32,0.381
11470590,신월4동,양천구,의료비_지출_총금액,의료_헬스케어,422386250.0,224677973.0,197708277.0,88.0,0.837
11470600,신월5동,양천구,의료비_지출_총금액,의료_헬스케어,366545750.0,102221772.0,264323978.0,258.58,1.693
11470610,신월6동,양천구,의료비_지출_총금액,의료_헬스케어,430574250.0,127572696.0,303001554.0,237.51,1.612
11470611,신월7동,양천구,의료비_지출_총금액,의료_헬스케어,149744500.0,202014053.0,-52269553.0,-25.87,-0.397
11470620,신정1동,양천구,의료비_지출_총금액,의료_헬스케어,547144500.0,1032457222.0,-485312722.0,-47.01,-0.842
11470630,신정2동,양천구,의료비_지출_총금액,의료_헬스케어,633590000.0,542326330.0,91263670.0,16.83,0.206
11470640,신정3동,양천구,의료비_지출_총금액,의료_헬스케어,1797341750.0,1418694523.0,378647227.0,26.69,0.314
11470650,신정4동,양천구,의료비_지출_총금액,의료_헬스케어,2561177000.0,2032929256.0,528247744.0,25.98,0.306
11470670,신정6동,양천구,의료비_지출_총금액,의료_헬스케어,187480250.0,158370714.0,29109536.0,18.38,0.224
11470680,신정7동,양천구,의료비_지출_총금액,의료_헬스케어,1053348750.0,538593005.0,514755745.0,95.57,0.889
11500510,염창동,강서구,의료비_지출_총금액,의료_헬스케어,696483250.0,1715212407.0,-1018729157.0,-59.39,-1.195
11500520,등촌1동,강서구,의료비_지출_총금액,의료_헬스케어,1294389000.0,840249316.0,454139684.0,54.05,0.573
11500530,등촌2동,강서구,의료비_지출_총금액,의료_헬스케어,226090750.0,279309243.0,-53218493.0,-19.05,-0.28
11500535,등촌3동,강서구,의료비_지출_총금액,의료_헬스케어,2825565250.0,2653527951.0,172037299.0,6.48,0.083
11500540,화곡1동,강서구,의료비_지출_총금액,의료_헬스케어,2173306000.0,3188385668.0,-1015079668.0,-31.84,-0.508
11500550,화곡2동,강서구,의료비_지출_총금액,의료_헬스케어,228525000.0,90493135.0,138031865.0,152.53,1.228
11500560,화곡3동,강서구,의료비_지출_총금액,의료_헬스케어,1072891000.0,534548538.0,538342462.0,100.71,0.923
11500570,화곡4동,강서구,의료비_지출_총금액,의료_헬스케어,523103250.0,537563738.0,-14460488.0,-2.69,-0.036
11500590,화곡본동,강서구,의료비_지출_총금액,의료_헬스케어,942054500.0,700034663.0,242019837.0,34.57,0.394
11500591,화곡6동,강서구,의료비_지출_총금액,의료_헬스케어,1749289750.0,591628660.0,1157661090.0,195.67,1.437
11500593,화곡8동,강서구,의료비_지출_총금액,의료_헬스케어,449958750.0,428340235.0,21618515.0,5.05,0.065
11500603,가양1동,강서구,의료비_지출_총금액,의료_헬스케어,5976217250.0,1801535427.0,4174681823.0,231.73,1.589
11500604,가양2동,강서구,의료비_지출_총금액,의료_헬스케어,593812500.0,176875905.0,416936595.0,235.72,1.605
11500605,가양3동,강서구,의료비_지출_총금액,의료_헬스케어,55850000.0,102229074.0,-46379074.0,-45.37,-0.801
11500611,발산1동,강서구,의료비_지출_총금액,의료_헬스케어,10415059250.0,4296434831.0,6118624419.0,142.41,1.174
11500615,우장산동,강서구,의료비_지출_총금액,의료_헬스케어,1652611750.0,1666080647.0,-13468897.0,-0.81,-0.011
11500620,공항동,강서구,의료비_지출_총금액,의료_헬스케어,1478537250.0,785650678.0,692886572.0,88.19,0.838
11500630,방화1동,강서구,의료비_지출_총금액,의료_헬스케어,1146105000.0,2619940895.0,-1473835895.0,-56.25,-1.096
11500640,방화2동,강서구,의료비_지출_총금액,의료_헬스케어,680042250.0,194834323.0,485207927.0,249.04,1.657
11500641,방화3동,강서구,의료비_지출_총금액,의료_헬스케어,232127750.0,181079561.0,51048189.0,28.19,0.329
11530510,신도림동,구로구,의료비_지출_총금액,의료_헬스케어,1176127500.0,1672542165.0,-496414665.0,-29.68,-0.467
11530520,구로1동,구로구,의료비_지출_총금액,의료_헬스케어,237980250.0,164119715.0,73860535.0,45.0,0.493
11530530,구로2동,구로구,의료비_지출_총금액,의료_헬스케어,10418156750.0,2275415516.0,8142741234.0,357.86,2.017
11530540,구로3동,구로구,의료비_지출_총금액,의료_헬스케어,4507980500.0,1404335930.0,3103644570.0,221.0,1.546
11530550,구로4동,구로구,의료비_지출_총금액,의료_헬스케어,813266250.0,1053195551.0,-239929301.0,-22.78,-0.343
11530560,구로5동,구로구,의료비_지출_총금액,의료_헬스케어,2573383250.0,1994911564.0,578471686.0,29.0,0.337
11530595,가리봉동,구로구,의료비_지출_총금액,의료_헬스케어,140263750.0,207122124.0,-66858374.0,-32.28,-0.517
11530720,고척1동,구로구,의료비_지출_총금액,의료_헬스케어,1648690750.0,858572541.0,790118209.0,92.03,0.865
11530730,고척2동,구로구,의료비_지출_총금액,의료_헬스케어,643822250.0,707670319.0,-63848069.0,-9.02,-0.125
11530740,개봉1동,구로구,의료비_지출_총금액,의료_헬스케어,576191500.0,857685406.0,-281493906.0,-32.82,-0.527
11530750,개봉2동,구로구,의료비_지출_총금액,의료_헬스케어,779698000.0,667871632.0,111826368.0,16.74,0.205
11530760,개봉3동,구로구,의료비_지출_총금액,의료_헬스케어,246406750.0,379903276.0,-133496526.0,-35.14,-0.574
11530770,오류1동,구로구,의료비_지출_총금액,의료_헬스케어,687273000.0,590263930.0,97009070.0,16.43,0.202
11530780,오류2동,구로구,의료비_지출_총금액,의료_헬스케어,329375750.0,627225940.0,-297850190.0,-47.49,-0.854
11530790,수궁동,구로구,의료비_지출_총금액,의료_헬스케어,119693750.0,134886263.0,-15192513.0,-11.26,-0.158
11530800,항동,구로구,의료비_지출_총금액,의료_헬스케어,124521750.0,33332502.0,91189248.0,273.57,1.747
11545510,가산동,금천구,의료비_지출_총금액,의료_헬스케어,3974849250.0,2109966458.0,1864882792.0,88.38,0.839
11545610,독산1동,금천구,의료비_지출_총금액,의료_헬스케어,2511726500.0,2120101258.0,391625242.0,18.47,0.225
11545620,독산2동,금천구,의료비_지출_총금액,의료_헬스케어,209351000.0,270724646.0,-61373646.0,-22.67,-0.341
11545630,독산3동,금천구,의료비_지출_총금액,의료_헬스케어,684126250.0,780380081.0,-96253831.0,-12.33,-0.174
11545640,독산4동,금천구,의료비_지출_총금액,의료_헬스케어,329134750.0,177856845.0,151277905.0,85.06,0.816
11545670,시흥1동,금천구,의료비_지출_총금액,의료_헬스케어,1639017750.0,2275728338.0,-636710588.0,-27.98,-0.435
11545680,시흥2동,금천구,의료비_지출_총금액,의료_헬스케어,59138500.0,96745836.0,-37607336.0,-38.87,-0.652
11545690,시흥3동,금천구,의료비_지출_총금액,의료_헬스케어,70813250.0,108996212.0,-38182962.0,-35.03,-0.572
11545700,시흥4동,금천구,의료비_지출_총금액,의료_헬스케어,200443750.0,148525805.0,51917945.0,34.96,0.397
11545710,시흥5동,금천구,의료비_지출_총금액,의료_헬스케어,198056750.0,447932262.0,-249875512.0,-55.78,-1.082
11560515,영등포본동,영등포구,의료비_지출_총금액,의료_헬스케어,498396500.0,533961839.0,-35565339.0,-6.66,-0.091
11560535,영등포동,영등포구,의료비_지출_총금액,의료_헬스케어,5863429250.0,9905134054.0,-4041704804.0,-40.8,-0.695
11560540,여의동,영등포구,의료비_지출_총금액,의료_헬스케어,7779661500.0,20730479136.0,-12950817636.0,-62.47,-1.299
11560550,당산1동,영등포구,의료비_지출_총금액,의료_헬스케어,796226000.0,979110903.0,-182884903.0,-18.68,-0.274
11560560,당산2동,영등포구,의료비_지출_총금액,의료_헬스케어,1515042250.0,3183431649.0,-1668389399.0,-52.41,-0.984
11560585,도림동,영등포구,의료비_지출_총금액,의료_헬스케어,118098750.0,217671683.0,-99572933.0,-45.74,-0.81
11560605,문래동,영등포구,의료비_지출_총금액,의료_헬스케어,2033126500.0,3812621079.0,-1779494579.0,-46.67,-0.833
11560610,양평1동,영등포구,의료비_지출_총금액,의료_헬스케어,383434750.0,477908794.0,-94474044.0,-19.77,-0.292
11560620,양평2동,영등포구,의료비_지출_총금액,의료_헬스케어,564576000.0,540923575.0,23652425.0,4.37,0.057
11560630,신길1동,영등포구,의료비_지출_총금액,의료_헬스케어,1277865250.0,617149400.0,660715850.0,107.06,0.965
11560650,신길3동,영등포구,의료비_지출_총금액,의료_헬스케어,801184250.0,1046432791.0,-245248541.0,-23.44,-0.354
11560660,신길4동,영등포구,의료비_지출_총금액,의료_헬스케어,210375250.0,75888756.0,134486494.0,177.22,1.351
11560670,신길5동,영등포구,의료비_지출_총금액,의료_헬스케어,264051750.0,27550051.0,236501699.0,858.44,2.996
11560680,신길6동,영등포구,의료비_지출_총금액,의료_헬스케어,1142746750.0,1025748107.0,116998643.0,11.41,0.143
11560690,신길7동,영등포구,의료비_지출_총금액,의료_헬스케어,203102500.0,434745174.0,-231642674.0,-53.28,-1.009
11560700,대림1동,영등포구,의료비_지출_총금액,의료_헬스케어,1958347250.0,1078639042.0,879708208.0,81.56,0.79
11560710,대림2동,영등포구,의료비_지출_총금액,의료_헬스케어,589556250.0,785473597.0,-195917347.0,-24.94,-0.38
11560720,대림3동,영등포구,의료비_지출_총금액,의료_헬스케어,1866466250.0,694627080.0,1171839170.0,168.7,1.31
11590510,노량진1동,동작구,의료비_지출_총금액,의료_헬스케어,493481250.0,1364054585.0,-870573335.0,-63.82,-1.348
11590520,노량진2동,동작구,의료비_지출_총금액,의료_헬스케어,459286500.0,886798470.0,-427511970.0,-48.21,-0.872
11590530,상도1동,동작구,의료비_지출_총금액,의료_헬스케어,971226750.0,1941854551.0,-970627801.0,-49.98,-0.918
11590540,상도2동,동작구,의료비_지출_총금액,의료_헬스케어,978618250.0,1320638974.0,-342020724.0,-25.9,-0.397
11590550,상도3동,동작구,의료비_지출_총금액,의료_헬스케어,464928750.0,589091090.0,-124162340.0,-21.08,-0.314
11590560,상도4동,동작구,의료비_지출_총금액,의료_헬스케어,213541500.0,595628001.0,-382086501.0,-64.15,-1.36
11590605,흑석동,동작구,의료비_지출_총금액,의료_헬스케어,5679864250.0,2953567621.0,2726296629.0,92.31,0.867
11590620,사당1동,동작구,의료비_지출_총금액,의료_헬스케어,1605780250.0,1197951669.0,407828581.0,34.04,0.388
11590630,사당2동,동작구,의료비_지출_총금액,의료_헬스케어,1313721000.0,1216868656.0,96852344.0,7.96,0.102
11590640,사당3동,동작구,의료비_지출_총금액,의료_헬스케어,362333500.0,290843821.0,71489679.0,24.58,0.291
11590650,사당4동,동작구,의료비_지출_총금액,의료_헬스케어,209094750.0,319404403.0,-110309653.0,-34.54,-0.562
11590651,사당5동,동작구,의료비_지출_총금액,의료_헬스케어,63881000.0,107719186.0,-43838186.0,-40.7,-0.693
11590660,대방동,동작구,의료비_지출_총금액,의료_헬스케어,1181439500.0,1704276214.0,-522836714.0,-30.68,-0.486
11590670,신대방1동,동작구,의료비_지출_총금액,의료_헬스케어,186957000.0,585531358.0,-398574358.0,-68.07,-1.513
11590680,신대방2동,동작구,의료비_지출_총금액,의료_헬스케어,4859471250.0,1378846823.0,3480624427.0,252.43,1.67
11620525,보라매동,관악구,의료비_지출_총금액,의료_헬스케어,465260500.0,215030473.0,250230027.0,116.37,1.023
11620545,청림동,관악구,의료비_지출_총금액,의료_헬스케어,70890500.0,198909467.0,-128018967.0,-64.36,-1.367
11620565,성현동,관악구,의료비_지출_총금액,의료_헬스케어,135566500.0,364701926.0,-229135426.0,-62.83,-1.312
11620575,행운동,관악구,의료비_지출_총금액,의료_헬스케어,1346714500.0,1236919004.0,109795496.0,8.88,0.113
11620585,낙성대동,관악구,의료비_지출_총금액,의료_헬스케어,1849509750.0,734050186.0,1115459564.0,151.96,1.225
11620595,청룡동,관악구,의료비_지출_총금액,의료_헬스케어,1987553250.0,3047288723.0,-1059735473.0,-34.78,-0.566
11620605,은천동,관악구,의료비_지출_총금액,의료_헬스케어,546210750.0,584524623.0,-38313873.0,-6.55,-0.09
11620615,중앙동,관악구,의료비_지출_총금액,의료_헬스케어,1338988000.0,716139922.0,622848078.0,86.97,0.829
11620625,인헌동,관악구,의료비_지출_총금액,의료_헬스케어,604286000.0,751016097.0,-146730097.0,-19.54,-0.288
11620630,남현동,관악구,의료비_지출_총금액,의료_헬스케어,471180250.0,351670746.0,119509504.0,33.98,0.388
11620645,서원동,관악구,의료비_지출_총금액,의료_헬스케어,3594583250.0,480589094.0,3113994156.0,647.95,2.667
11620655,신원동,관악구,의료비_지출_총금액,의료_헬스케어,133963750.0,234688596.0,-100724846.0,-42.92,-0.743
11620665,서림동,관악구,의료비_지출_총금액,의료_헬스케어,95032750.0,171201021.0,-76168271.0,-44.49,-0.78
11620685,신사동,관악구,의료비_지출_총금액,의료_헬스케어,642738750.0,631136277.0,11602473.0,1.84,0.024
11620695,신림동,관악구,의료비_지출_총금액,의료_헬스케어,2126219750.0,1515834547.0,610385203.0,40.27,0.449
11620715,난향동,관악구,의료비_지출_총금액,의료_헬스케어,36650000.0,110136355.0,-73486355.0,-66.72,-1.458
11620725,조원동,관악구,의료비_지출_총금액,의료_헬스케어,1467696500.0,718011133.0,749685367.0,104.41,0.948
11620735,대학동,관악구,의료비_지출_총금액,의료_헬스케어,768139500.0,965266321.0,-197126821.0,-20.42,-0.303
11620745,삼성동,관악구,의료비_지출_총금액,의료_헬스케어,210301500.0,297214930.0,-86913430.0,-29.24,-0.458
11620765,미성동,관악구,의료비_지출_총금액,의료_헬스케어,413597500.0,732760024.0,-319162524.0,-43.56,-0.758
11620775,난곡동,관악구,의료비_지출_총금액,의료_헬스케어,702078250.0,450843923.0,251234327.0,55.73,0.587
11650510,서초1동,서초구,의료비_지출_총금액,의료_헬스케어,3409488750.0,2641254754.0,768233996.0,29.09,0.338
11650520,서초2동,서초구,의료비_지출_총금액,의료_헬스케어,6297258250.0,5965377501.0,331880749.0,5.56,0.072
11650530,서초3동,서초구,의료비_지출_총금액,의료_헬스케어,4270464000.0,10624397579.0,-6353933579.0,-59.81,-1.208
11650531,서초4동,서초구,의료비_지출_총금액,의료_헬스케어,19586537750.0,15706946479.0,3879591271.0,24.7,0.293
11650540,잠원동,서초구,의료비_지출_총금액,의료_헬스케어,4663287750.0,2523992926.0,2139294824.0,84.76,0.814
11650550,반포본동,서초구,의료비_지출_총금액,의료_헬스케어,28790750.0,55161826.0,-26371076.0,-47.81,-0.862
11650560,반포1동,서초구,의료비_지출_총금액,의료_헬스케어,3846941500.0,3777331342.0,69610158.0,1.84,0.024
11650570,반포2동,서초구,의료비_지출_총금액,의료_헬스케어,275697250.0,655400396.0,-379703146.0,-57.93,-1.148
11650580,반포3동,서초구,의료비_지출_총금액,의료_헬스케어,1022719250.0,2315561089.0,-1292841839.0,-55.83,-1.083
11650581,반포4동,서초구,의료비_지출_총금액,의료_헬스케어,13471184250.0,1859808010.0,11611376240.0,624.33,2.624
11650590,방배본동,서초구,의료비_지출_총금액,의료_헬스케어,903854750.0,2286522614.0,-1382667864.0,-60.47,-1.23
11650600,방배1동,서초구,의료비_지출_총금액,의료_헬스케어,1589522500.0,986492259.0,603030241.0,61.13,0.632
11650610,방배2동,서초구,의료비_지출_총금액,의료_헬스케어,921605250.0,315433666.0,606171584.0,192.17,1.421
11650620,방배3동,서초구,의료비_지출_총금액,의료_헬스케어,3005672500.0,728306023.0,2277366477.0,312.69,1.879
11650621,방배4동,서초구,의료비_지출_총금액,의료_헬스케어,2100215250.0,1927448151.0,172767099.0,8.96,0.114
11650651,양재1동,서초구,의료비_지출_총금액,의료_헬스케어,2374376500.0,4016708868.0,-1642332368.0,-40.89,-0.697
11650652,양재2동,서초구,의료비_지출_총금액,의료_헬스케어,1470066250.0,980795212.0,489271038.0,49.89,0.536
11650660,내곡동,서초구,의료비_지출_총금액,의료_헬스케어,277586750.0,208750034.0,68836716.0,32.98,0.378
11680510,신사동,강남구,의료비_지출_총금액,의료_헬스케어,18455613250.0,12312463234.0,6143150016.0,49.89,0.536
11680521,논현1동,강남구,의료비_지출_총금액,의료_헬스케어,17416219500.0,10814718463.0,6601501037.0,61.04,0.632
11680531,논현2동,강남구,의료비_지출_총금액,의료_헬스케어,7405921250.0,9662871563.0,-2256950313.0,-23.36,-0.353
11680545,압구정동,강남구,의료비_지출_총금액,의료_헬스케어,13884601500.0,20439798162.0,-6555196662.0,-32.07,-0.513
11680565,청담동,강남구,의료비_지출_총금액,의료_헬스케어,10288041000.0,13264858455.0,-2976817455.0,-22.44,-0.337
11680580,삼성1동,강남구,의료비_지출_총금액,의료_헬스케어,4835495000.0,3648500640.0,1186994360.0,32.53,0.373
11680590,삼성2동,강남구,의료비_지출_총금액,의료_헬스케어,2391269250.0,2433773762.0,-42504512.0,-1.75,-0.023
11680600,대치1동,강남구,의료비_지출_총금액,의료_헬스케어,2146149000.0,4231937535.0,-2085788535.0,-49.29,-0.9
11680610,대치2동,강남구,의료비_지출_총금액,의료_헬스케어,4531013750.0,7350370512.0,-2819356762.0,-38.36,-0.641
11680630,대치4동,강남구,의료비_지출_총금액,의료_헬스케어,2812087750.0,4519095343.0,-1707007593.0,-37.77,-0.629
11680640,역삼1동,강남구,의료비_지출_총금액,의료_헬스케어,33053806000.0,38261933489.0,-5208127489.0,-13.61,-0.194
11680650,역삼2동,강남구,의료비_지출_총금액,의료_헬스케어,4584973750.0,10100979790.0,-5516006040.0,-54.61,-1.047
11680655,도곡1동,강남구,의료비_지출_총금액,의료_헬스케어,11414329250.0,5394017943.0,6020311307.0,111.61,0.994
11680656,도곡2동,강남구,의료비_지출_총금액,의료_헬스케어,925937250.0,2410467174.0,-1484529924.0,-61.59,-1.268
11680660,개포1동,강남구,의료비_지출_총금액,의료_헬스케어,242790750.0,76259392.0,166531358.0,218.37,1.535
11680670,개포2동,강남구,의료비_지출_총금액,의료_헬스케어,462341750.0,924597898.0,-462256148.0,-50.0,-0.919
11680690,개포4동,강남구,의료비_지출_총금액,의료_헬스케어,647221500.0,537179913.0,110041587.0,20.49,0.247
11680700,세곡동,강남구,의료비_지출_총금액,의료_헬스케어,710779750.0,913318205.0,-202538455.0,-22.18,-0.332
11680720,일원본동,강남구,의료비_지출_총금액,의료_헬스케어,2967693250.0,924177853.0,2043515397.0,221.12,1.546
11680730,일원1동,강남구,의료비_지출_총금액,의료_헬스케어,613245250.0,459667395.0,153577855.0,33.41,0.382
11680740,일원2동,강남구,의료비_지출_총금액,의료_헬스케어,230427000.0,249157382.0,-18730382.0,-7.52,-0.104
11680750,수서동,강남구,의료비_지출_총금액,의료_헬스케어,2282752000.0,736158506.0,1546593494.0,210.09,1.5
11710510,풍납1동,송파구,의료비_지출_총금액,의료_헬스케어,83792000.0,238457343.0,-154665343.0,-64.86,-1.386
11710520,풍납2동,송파구,의료비_지출_총금액,의료_헬스케어,2966864750.0,1654295657.0,1312569093.0,79.34,0.774
11710531,거여1동,송파구,의료비_지출_총금액,의료_헬스케어,265055750.0,85680984.0,179374766.0,209.35,1.497
11710532,거여2동,송파구,의료비_지출_총금액,의료_헬스케어,807710250.0,983134867.0,-175424617.0,-17.84,-0.261
11710540,마천1동,송파구,의료비_지출_총금액,의료_헬스케어,321522000.0,345747069.0,-24225069.0,-7.01,-0.096
11710550,마천2동,송파구,의료비_지출_총금액,의료_헬스케어,848825750.0,834068894.0,14756856.0,1.77,0.023
11710561,방이1동,송파구,의료비_지출_총금액,의료_헬스케어,792136500.0,496867335.0,295269165.0,59.43,0.618
11710562,방이2동,송파구,의료비_지출_총금액,의료_헬스케어,2308761500.0,2307197318.0,1564182.0,0.07,0.001
11710566,오륜동,송파구,의료비_지출_총금액,의료_헬스케어,176751500.0,389995853.0,-213244353.0,-54.68,-1.049
11710570,오금동,송파구,의료비_지출_총금액,의료_헬스케어,1154451000.0,1419956369.0,-265505369.0,-18.7,-0.274
11710580,송파1동,송파구,의료비_지출_총금액,의료_헬스케어,1482069000.0,1192229569.0,289839431.0,24.31,0.288
11710590,송파2동,송파구,의료비_지출_총금액,의료_헬스케어,395181000.0,810347762.0,-415166762.0,-51.23,-0.952
11710600,석촌동,송파구,의료비_지출_총금액,의료_헬스케어,2001969000.0,3546955999.0,-1544986999.0,-43.56,-0.758
11710610,삼전동,송파구,의료비_지출_총금액,의료_헬스케어,1423296750.0,1058273317.0,365023433.0,34.49,0.393
11710620,가락본동,송파구,의료비_지출_총금액,의료_헬스케어,2752907000.0,4163397634.0,-1410490634.0,-33.88,-0.548
11710631,가락1동,송파구,의료비_지출_총금액,의료_헬스케어,776977000.0,713573095.0,63403905.0,8.89,0.113
11710632,가락2동,송파구,의료비_지출_총금액,의료_헬스케어,1405265500.0,1890098107.0,-484832607.0,-25.65,-0.393
11710641,문정1동,송파구,의료비_지출_총금액,의료_헬스케어,356852250.0,353720567.0,3131683.0,0.89,0.012
11710642,문정2동,송파구,의료비_지출_총금액,의료_헬스케어,4770743750.0,4453650846.0,317092904.0,7.12,0.091
11710646,장지동,송파구,의료비_지출_총금액,의료_헬스케어,489686500.0,990433559.0,-500747059.0,-50.56,-0.934
11710647,위례동,송파구,의료비_지출_총금액,의료_헬스케어,444845500.0,287470822.0,157374678.0,54.74,0.579
11710650,잠실본동,송파구,의료비_지출_총금액,의료_헬스케어,4214958250.0,3808948166.0,406010084.0,10.66,0.134
11710670,잠실2동,송파구,의료비_지출_총금액,의료_헬스케어,1261782000.0,2207337911.0,-945555911.0,-42.84,-0.741
11710680,잠실3동,송파구,의료비_지출_총금액,의료_헬스케어,1364144750.0,2783601878.0,-1419457128.0,-50.99,-0.945
11710690,잠실4동,송파구,의료비_지출_총금액,의료_헬스케어,561585500.0,1058988558.0,-497403058.0,-46.97,-0.841
11710710,잠실6동,송파구,의료비_지출_총금액,의료_헬스케어,6966399000.0,4515678314.0,2450720686.0,54.27,0.575
11710720,잠실7동,송파구,의료비_지출_총금액,의료_헬스케어,21372250.0,122123579.0,-100751329.0,-82.5,-2.31
11740515,강일동,강동구,의료비_지출_총금액,의료_헬스케어,568085000.0,825733914.0,-257648914.0,-31.2,-0.496
11740520,상일동,강동구,의료비_지출_총금액,의료_헬스케어,356338750.0,807134827.0,-450796077.0,-55.85,-1.084
11740530,명일1동,강동구,의료비_지출_총금액,의료_헬스케어,1678910750.0,2000467185.0,-321556435.0,-16.07,-0.232
11740540,명일2동,강동구,의료비_지출_총금액,의료_헬스케어,2060194000.0,1519004517.0,541189483.0,35.63,0.404
11740550,고덕1동,강동구,의료비_지출_총금액,의료_헬스케어,175834000.0,274106768.0,-98272768.0,-35.85,-0.588
11740560,고덕2동,강동구,의료비_지출_총금액,의료_헬스케어,823504250.0,386307927.0,437196323.0,113.17,1.003
11740570,암사1동,강동구,의료비_지출_총금액,의료_헬스케어,802690500.0,674547100.0,128143400.0,19.0,0.231
11740580,암사2동,강동구,의료비_지출_총금액,의료_헬스케어,602826250.0,242100353.0,360725897.0,149.0,1.209
11740590,암사3동,강동구,의료비_지출_총금액,의료_헬스케어,214772250.0,122678458.0,92093792.0,75.07,0.742
11740600,천호1동,강동구,의료비_지출_총금액,의료_헬스케어,568236250.0,804160942.0,-235924692.0,-29.34,-0.46
11740610,천호2동,강동구,의료비_지출_총금액,의료_헬스케어,2774596500.0,3611952787.0,-837356287.0,-23.18,-0.35
11740620,천호3동,강동구,의료비_지출_총금액,의료_헬스케어,2574541500.0,1576651475.0,997890025.0,63.29,0.65
11740640,성내1동,강동구,의료비_지출_총금액,의료_헬스케어,1815142750.0,921297672.0,893845078.0,97.02,0.899
11740650,성내2동,강동구,의료비_지출_총금액,의료_헬스케어,2131105500.0,1150948828.0,980156672.0,85.16,0.817
11740660,성내3동,강동구,의료비_지출_총금액,의료_헬스케어,1408013000.0,1239670624.0,168342376.0,13.58,0.169
11740685,길동,강동구,의료비_지출_총금액,의료_헬스케어,3359292750.0,7709530872.0,-4350238122.0,-56.43,-1.101
11740690,둔촌1동,강동구,의료비_지출_총금액,의료_헬스케어,0.0,8.0,-8.0,-100.0,-2.889
11740700,둔촌2동,강동구,의료비_지출_총금액,의료_헬스케어,536622750.0,1288726631.0,-752103881.0,-58.36,-1.161
