행정동_코드,행정동_코드_명,자치구,lat,lon,영역_면적,지출_총금액,식료품_지출_총금액,의류_신발_지출_총금액,생활용품_지출_총금액,의료비_지출_총금액,교통_지출_총금액,교육_지출_총금액,유흥_지출_총금액,여가_문화_지출_총금액,기타_지출_총금액,음식_지출_총금액,총_상주인구_수,남성_상주인구_수,여성_상주인구_수,연령대_10_상주인구_수,연령대_20_상주인구_수,연령대_30_상주인구_수,연령대_40_상주인구_수,연령대_50_상주인구_수,연령대_60_이상_상주인구_수,총_가구_수,아파트_가구_수,총_직장_인구_수,남성_직장_인구_수,여성_직장_인구_수,연령대_20_직장_인구_수,연령대_30_직장_인구_수,연령대_40_직장_인구_수,연령대_50_직장_인구_수,총_유동인구_수,남성_유동인구_수,여성_유동인구_수,연령대_20_유동인구_수,연령대_30_유동인구_수,연령대_40_유동인구_수,연령대_50_유동인구_수,시간대_11_14_유동인구_수,시간대_17_21_유동인구_수,월요일_유동인구_수,화요일_유동인구_수,수요일_유동인구_수,목요일_유동인구_수,금요일_유동인구_수,토요일_유동인구_수,일요일_유동인구_수,집객시설_수,관공서_수,은행_수,종합병원_수,일반_병원_수,약국_수,백화점_수,슈퍼마켓_수,극장_수,숙박_시설_수,지하철_역_수,버스_정거장_수,아파트_단지_수,아파트_평균_면적,아파트_평균_시가,아파트_가격_6_억_이상_세대_수,병원_약국_수,주말_유동인구_수,주중_유동인구_수
11110515,청운효자동,종로구,37.584418720515885,126.96990686761751,2568432,2969979500.0,962498250.0,268944000.0,47499000.0,120163750.0,79523500.0,91504750.0,76325250.0,92594750.0,93304750.0,1137621500.0,11328.0,5174.0,6154.0,1676.0,1401.0,1510.0,1884.0,1911.0,2946.0,5040.0,0.0,5324.0,3453.0,1871.0,976.0,1558.0,1487.0,952.0,3373528.25,1412358.0,1961169.5,448867.75,526670.5,592799.0,515657.75,491483.5,567859.25,475819.25,477501.25,489959.75,488651.5,485851.0,484350.25,471394.75,93.0,6.0,3.0,0.0,0.0,4.0,0.0,0.0,0.0,0.0,0.0,26.0,323.0,69.0,276146690.0,220.0,4.0,955745.0,2417782.75
11110530,사직동,종로구,37.57388621927961,126.9703752314623,1158536,54050365000.0,1745658250.0,544800250.0,20349250.0,1765977000.0,1083088750.0,237806500.0,340779750.0,1604240750.0,39718480750.0,6989183750.0,8992.0,3989.0,5003.0,1122.0,1044.0,1412.0,1407.0,1477.0,2530.0,4532.0,0.0,45215.0,28318.0,16897.0,5980.0,12797.0,13643.0,8976.0,3973369.75,1800761.75,2172608.25,615691.5,801148.5,822818.5,669961.5,778414.0,794821.25,575693.0,589007.75,614303.75,613260.25,608113.0,517237.75,455754.5,206.0,18.0,24.0,0.0,0.0,15.0,0.0,0.0,3.0,0.0,2.0,34.0,89.0,73.0,371237211.0,138.0,15.0,972992.25,3000377.75
11110540,삼청동,종로구,37.58836740902573,126.98120495146988,1479255,3566912500.0,657870500.0,431976250.0,41825500.0,68592500.0,28750.0,7869000.0,53413000.0,386043500.0,96039500.0,1823254000.0,2247.0,1075.0,1172.0,248.0,238.0,283.0,316.0,351.0,811.0,1120.0,0.0,4210.0,3509.0,701.0,499.0,1132.0,1342.0,1008.0,970162.0,450687.5,519474.75,152514.5,168621.75,183451.75,158548.5,189335.5,161028.75,135728.75,138091.5,141847.75,143812.0,143036.75,139872.75,127773.5,49.0,10.0,4.0,0.0,1.0,1.0,0.0,0.0,0.0,0.0,0.0,16.0,9.0,111.0,401044841.0,13.0,2.0,267646.25,702516.75
11110550,부암동,종로구,37.5969587400261,126.96354926751047,2274739,2053593000.0,244455750.0,57478000.0,12020250.0,79516000.0,124557500.0,525073500.0,930500.0,280386000.0,28746250.0,700429250.0,9034.0,4284.0,4750.0,1191.0,1096.0,1158.0,1374.0,1626.0,2589.0,4096.0,0.0,1509.0,851.0,658.0,249.0,446.0,417.0,290.0,873277.5,382058.75,491218.25,110074.75,99422.5,135700.5,144379.5,109589.5,133614.25,125450.75,126305.5,127858.25,126052.5,124636.25,121297.75,121676.5,84.0,4.0,2.0,0.0,0.0,1.0,0.0,0.0,0.0,0.0,0.0,38.0,189.0,82.0,259634651.0,114.0,1.0,242974.25,630303.25
11110560,평창동,종로구,37.61568263364914,126.96812734517589,8947328,2681921500.0,721526250.0,50518000.0,41944000.0,290160250.0,161357500.0,195471500.0,17400000.0,166087500.0,103278750.0,934177750.0,17366.0,8092.0,9274.0,2533.0,1997.0,2057.0,2484.0,3156.0,5139.0,7124.0,0.0,14903.0,8370.0,6533.0,1838.0,4002.0,4877.0,3247.0,912324.75,389029.75,523295.0,87426.25,94659.75,137916.25,160002.25,96984.75,139343.75,129188.0,129001.0,128589.5,128675.75,127800.75,133420.5,135647.5,162.0,6.0,2.0,0.0,1.0,5.0,0.0,0.0,0.0,0.0,0.0,91.0,294.0,124.0,480839259.0,548.0,6.0,269068.0,643255.0
11110570,무악동,종로구,37.577108233656,126.95858919704753,369520,3246369500.0,283346750.0,1825750.0,0.0,2604803500.0,2850000.0,58590750.0,6686500.0,57332000.0,66142500.0,164791750.0,7963.0,3652.0,4311.0,1473.0,823.0,813.0,1301.0,1434.0,2119.0,3007.0,0.0,485.0,124.0,361.0,140.0,140.0,127.0,54.0,1873664.0,825759.75,1047904.25,220214.5,226756.0,290503.0,295845.75,230282.0,324367.75,261082.25,266602.75,269332.25,266361.75,267910.25,273678.75,268696.25,42.0,2.0,1.0,1.0,0.0,4.0,0.0,0.0,0.0,0.0,1.0,7.0,47.0,82.0,660258193.0,390.0,5.0,542375.0,1331289.25
11110580,교남동,종로구,37.57106436845543,126.96411655616335,346926,2561283250.0,383676250.0,29203750.0,6676250.0,1397948250.0,13334750.0,217581750.0,17630500.0,45275500.0,57886250.0,392070000.0,9715.0,4456.0,5259.0,1530.0,1142.0,1407.0,1697.0,1622.0,2317.0,4341.0,0.0,870.0,522.0,348.0,82.0,232.0,249.0,180.0,4083436.5,1861352.75,2222083.5,485127.5,539227.75,704343.5,650328.5,460399.25,606050.75,585816.75,587043.75,586922.5,586732.25,582859.5,572099.0,581961.75,78.0,4.0,3.0,2.0,0.0,17.0,0.0,0.0,0.0,0.0,0.0,26.0,231.0,50.0,235058041.0,257.0,19.0,1154060.75,2929374.75
11110600,가회동,종로구,37.582511684291084,126.98655013932952,539955,2970786000.0,620625500.0,269604750.0,17975500.0,29243250.0,1233250.0,70620250.0,87503250.0,245522250.0,20421750.0,1608036250.0,3849.0,1787.0,2062.0,459.0,406.0,499.0,633.0,687.0,1165.0,1903.0,0.0,12996.0,9701.0,3295.0,1382.0,4493.0,3905.0,2451.0,1203425.25,575423.5,628002.0,175926.25,215516.75,231968.0,192646.25,229591.5,195186.5,175659.5,180853.0,182400.5,184541.5,181195.0,155727.5,143048.5,63.0,5.0,3.0,0.0,0.0,1.0,0.0,0.0,0.0,0.0,0.0,22.0,126.0,67.0,284759882.0,47.0,1.0,298776.0,904649.5
11110615,종로1?2?3?4가동,종로구,37.575186933038246,126.98985699099725,2417171,111139049000.0,4636820000.0,2283666500.0,619718750.0,7561635500.0,4352818000.0,1379493000.0,2546156750.0,10150193750.0,56992459250.0,20616087500.0,6658.0,4029.0,2629.0,369.0,944.0,974.0,835.0,1117.0,2419.0,4883.0,0.0,109733.0,60491.0,49242.0,22258.0,33474.0,30108.0,17196.0,13854335.25,7395449.5,6458886.0,2683083.75,2863962.5,2718518.75,2276929.0,2845330.5,2879530.0,2081914.5,2140184.75,2199477.0,2213296.0,2186421.25,1726739.5,1306301.25,500.0,19.0,35.0,0.0,0.0,47.0,0.0,1.0,5.0,17.0,5.0,72.0,9.0,49.0,278382323.0,12.0,47.0,3033040.75,10821293.5
11110630,종로5?6가동,종로구,37.572853710116696,127.00440346808996,603167,10939841250.0,758270000.0,568161750.0,170102750.0,4460416000.0,15783250.0,60880750.0,262466000.0,1724705250.0,11915750.0,2907139750.0,5376.0,2824.0,2552.0,359.0,1180.0,886.0,571.0,855.0,1525.0,3576.0,0.0,18962.0,11871.0,7091.0,4479.0,5500.0,4696.0,2883.0,5203580.5,2613353.75,2590226.75,834178.5,830188.75,864692.25,959040.25,945786.75,877453.5,777694.25,796844.0,807076.5,807478.5,797809.5,651791.5,564887.0,212.0,7.0,8.0,0.0,0.0,31.0,0.0,4.0,0.0,3.0,1.0,23.0,10.0,42.0,127248788.0,0.0,31.0,1216678.5,3986902.75
11110640,이화동,종로구,37.57971933130445,127.00302270933423,782395,9337710500.0,1101422000.0,172106750.0,39367250.0,2902932000.0,24876000.0,1581558500.0,129634250.0,308897500.0,131346250.0,2945570000.0,6891.0,3277.0,3614.0,487.0,1496.0,1219.0,792.0,1000.0,1897.0,4206.0,0.0,1632.0,904.0,728.0,239.0,418.0,428.0,343.0,4641848.25,2068989.5,2572858.75,1094400.0,886852.75,766398.75,680020.0,760278.25,920712.75,649268.5,683930.75,714314.25,705460.0,696055.5,619353.0,573465.5,119.0,4.0,4.0,1.0,0.0,11.0,0.0,0.0,0.0,0.0,1.0,28.0,212.0,47.0,133464799.0,0.0,12.0,1192818.5,3449029.0
11110650,혜화동,종로구,37.58746788473727,126.99742986464302,1132421,10266359500.0,1766835250.0,151382000.0,17209750.0,1966052500.0,36513750.0,256969500.0,362309000.0,660434750.0,489980500.0,4558672500.0,15833.0,7605.0,8228.0,1689.0,4273.0,2038.0,1904.0,2304.0,3625.0,9092.0,0.0,4377.0,2131.0,2246.0,697.0,1211.0,1077.0,881.0,8865268.0,3885865.25,4979402.75,3198090.25,1072019.25,1020029.75,994754.25,1134242.0,1611180.75,1224728.75,1251962.25,1273668.25,1272937.75,1271722.0,1298352.75,1271897.25,145.0,6.0,5.0,0.0,0.0,16.0,0.0,0.0,1.0,0.0,0.0,36.0,308.0,57.0,189567695.0,51.0,16.0,2570250.0,6295019.0
11110670,창신1동,종로구,37.5723664484761,127.01379895274418,305337,2809009750.0,484853000.0,164001250.0,13250250.0,665967000.0,1998750.0,52118250.0,99075500.0,364518250.0,132874000.0,830353500.0,4523.0,2397.0,2126.0,280.0,522.0,621.0,501.0,840.0,1759.0,2628.0,0.0,1733.0,744.0,989.0,30.0,288.0,613.0,492.0,2828471.5,1388454.75,1440016.5,429606.25,419100.25,475996.5,532336.5,396570.0,453776.75,416079.0,415631.75,416362.75,416229.25,408015.75,376535.0,379617.75,111.0,3.0,4.0,0.0,0.0,9.0,0.0,1.0,0.0,7.0,2.0,11.0,24.0,48.0,210739429.0,15.0,9.0,756152.75,2072318.5
11110680,창신2동,종로구,37.57602485406751,127.01018840445342,257323,1225232000.0,434895000.0,15556500.0,17865750.0,164295500.0,7601750.0,2750000.0,14008750.0,67362250.0,17498500.0,483398000.0,7511.0,3880.0,3631.0,498.0,954.0,881.0,818.0,1665.0,2695.0,3983.0,0.0,28.0,0.0,28.0,0.0,0.0,5.0,19.0,4668053.0,2267076.25,2400976.75,728512.75,557677.5,564878.25,972476.25,512658.75,743965.0,661310.25,663535.75,661866.25,659727.75,659143.25,675473.75,686995.0,38.0,2.0,1.0,0.0,0.0,5.0,0.0,0.0,0.0,0.0,0.0,0.0,214.0,49.0,133709885.0,0.0,5.0,1362468.75,3305583.25
11110690,창신3동,종로구,37.5789527845504,127.01322280262201,216835,358820750.0,231113250.0,2313750.0,5115750.0,3702250.0,1077000.0,8596500.0,12185250.0,33846750.0,11228500.0,49641750.0,6338.0,3119.0,3219.0,706.0,826.0,903.0,799.0,1177.0,1927.0,2767.0,0.0,77.0,31.0,46.0,4.0,23.0,20.0,26.0,884414.5,413309.0,471105.25,115962.5,125495.5,136992.5,151451.75,90959.75,133422.0,124751.5,124624.75,125333.0,125681.25,122840.25,128090.5,133093.25,24.0,3.0,0.0,0.0,0.0,1.0,0.0,0.0,0.0,0.0,1.0,5.0,26.0,65.0,320701236.0,4.0,1.0,261183.75,623230.75
11110700,숭인1동,종로구,37.57718636818084,127.01689037280627,239396,960887500.0,495410750.0,3374000.0,3448000.0,151092500.0,8459000.0,18703000.0,10376500.0,14826250.0,42931250.0,212266250.0,5768.0,2797.0,2971.0,531.0,721.0,792.0,805.0,1099.0,1820.0,2990.0,0.0,211.0,96.0,115.0,37.0,49.0,52.0,50.0,2270714.5,1093307.25,1177407.25,330986.25,349052.75,342967.75,390076.25,277160.5,399511.0,321472.75,320289.5,322295.5,320339.75,319196.0,331057.25,336062.75,43.0,3.0,1.0,0.0,0.0,3.0,0.0,0.0,0.0,0.0,0.0,14.0,44.0,58.0,271960677.0,50.0,3.0,667120.0,1603593.5
11110710,숭인2동,종로구,37.57449185020222,127.02034243045807,351906,2285426500.0,557197500.0,225278500.0,36705000.0,286417750.0,4597750.0,31731500.0,74861000.0,152599000.0,107544000.0,808494500.0,9499.0,4638.0,4861.0,483.0,2234.0,1740.0,1013.0,1536.0,2493.0,6369.0,0.0,1325.0,671.0,654.0,185.0,234.0,319.0,325.0,5284261.75,2600010.5,2684250.75,1030836.0,872206.0,758887.0,895398.25,722992.5,826646.75,740089.0,740249.75,745162.75,747475.0,749953.0,766613.5,794717.5,89.0,4.0,3.0,0.0,1.0,4.0,0.0,2.0,0.0,3.0,2.0,6.0,181.0,52.0,167074058.0,23.0,5.0,1561331.0,3722929.5
11140520,소공동,중구,37.564255512847375,126.97437453532754,943795,2422727633500.0,1556543250.0,215138250.0,288857000.0,1692845000.0,32745622750.0,131367750.0,274341000.0,2368831814000.0,12357807250.0,4633297250.0,2178.0,1027.0,1151.0,289.0,218.0,442.0,514.0,320.0,395.0,1231.0,0.0,92258.0,48973.0,43285.0,26690.0,29120.0,20284.0,12220.0,2571007.25,1283606.0,1287401.5,419912.5,647984.5,611326.75,419904.0,608622.75,470448.5,413436.75,429599.25,436892.5,437551.0,422186.75,238169.25,193171.75,231.0,13.0,29.0,0.0,0.0,10.0,1.0,0.0,3.0,3.0,3.0,37.0,4.0,52.0,489545455.0,12.0,10.0,431341.0,2139666.25
11140540,회현동,중구,37.556939979505266,126.97710457297553,897827,477807476500.0,13470770250.0,1264026250.0,1135148750.0,4145406000.0,396497131750.0,67635750.0,65110500.0,40170233250.0,17699225750.0,3292788250.0,4380.0,2304.0,2076.0,365.0,418.0,528.0,531.0,793.0,1745.0,2491.0,0.0,69985.0,43262.0,26723.0,13133.0,24729.0,19174.0,10170.0,4375223.0,2057431.25,2317791.5,545258.0,955819.75,999261.25,798721.0,1113379.25,703203.0,693129.25,718613.75,724942.0,726926.5,709447.0,465157.5,337007.5,211.0,9.0,17.0,0.0,0.0,16.0,0.0,2.0,1.0,2.0,6.0,35.0,19.0,85.0,389399554.0,43.0,16.0,802165.0,3573058.5
11140550,명동,중구,37.56395091134355,126.98430107112212,969729,118846198500.0,2549828000.0,2133821250.0,3582181750.0,3417840500.0,31427720500.0,20496545000.0,323240750.0,9764395250.0,35795744500.0,9354881000.0,2392.0,988.0,1404.0,162.0,233.0,286.0,339.0,437.0,935.0,1191.0,0.0,120704.0,69872.0,50832.0,19744.0,40682.0,32795.0,21490.0,5674609.5,2761240.5,2913369.0,1146236.75,1316249.0,1295880.75,860172.75,1287154.75,1127657.0,887805.5,910006.5,931627.0,930482.75,908348.75,595507.25,510831.75,542.0,20.0,46.0,0.0,0.0,35.0,0.0,0.0,3.0,12.0,1.0,29.0,7.0,72.0,355854515.0,12.0,35.0,1106339.0,4568270.5
11140570,필동,중구,37.556869955485794,126.99377534693005,1464686,5513286250.0,932873500.0,57449000.0,72678000.0,462525000.0,164076500.0,159922750.0,334621250.0,320121000.0,77985750.0,2931033500.0,4012.0,2085.0,1927.0,336.0,748.0,697.0,476.0,567.0,1188.0,2495.0,0.0,16151.0,7598.0,8553.0,2319.0,4115.0,4992.0,3534.0,2585832.75,1348293.5,1237538.5,575805.0,486873.75,461184.75,428470.75,486753.25,497522.75,396039.5,411526.5,422611.75,421825.0,411554.5,279094.0,243181.0,123.0,6.0,9.0,1.0,0.0,7.0,0.0,0.0,2.0,1.0,2.0,15.0,31.0,63.0,248890227.0,4.0,8.0,522275.0,2063557.25
11140580,장충동,중구,37.555563653364366,127.00216161451516,1017925,2397613000.0,414225000.0,103600500.0,39480250.0,6288500.0,271590500.0,52777750.0,10319500.0,58183000.0,139873500.0,1301274500.0,4549.0,2371.0,2178.0,389.0,1271.0,663.0,499.0,578.0,1149.0,2833.0,0.0,4450.0,2358.0,2092.0,1024.0,1222.0,1151.0,860.0,2064753.0,1018420.75,1046332.25,608351.75,370204.5,318339.5,283090.5,331538.5,336709.5,304035.25,309619.25,313594.75,314138.75,303365.25,262430.25,257569.25,63.0,6.0,2.0,0.0,0.0,1.0,0.0,0.0,1.0,2.0,1.0,13.0,160.0,45.0,186105513.0,38.0,1.0,519999.5,1544753.25
11140590,광희동,중구,37.565159229901745,127.00376916205461,737204,10958546000.0,1386227000.0,3446834750.0,116591250.0,808249750.0,98893250.0,14758500.0,182379500.0,1803123000.0,631947750.0,2469541250.0,5676.0,2808.0,2868.0,307.0,1154.0,1222.0,673.0,758.0,1562.0,3859.0,0.0,52971.0,26362.0,26609.0,15198.0,13935.0,10903.0,8387.0,6546672.0,3262789.0,3283883.0,1422682.25,1386013.0,1197897.25,998236.0,1135512.0,1281637.0,987182.75,1008354.25,1030702.5,1037376.5,1013863.25,775694.25,693498.5,185.0,3.0,16.0,1.0,0.0,14.0,0.0,1.0,3.0,11.0,3.0,19.0,10.0,51.0,193927273.0,0.0,15.0,1469192.75,5077479.25
11140605,을지로동,중구,37.566618853519614,126.99655901615027,611524,152162896250.0,1322237750.0,138342750.0,179642750.0,812763250.0,1260559000.0,56222750.0,785367500.0,142099123500.0,397508750.0,5111128250.0,3208.0,1742.0,1466.0,211.0,512.0,956.0,454.0,370.0,705.0,2292.0,0.0,17430.0,9533.0,7897.0,4230.0,4221.0,3831.0,3039.0,4814080.0,2698284.0,2115796.0,776748.25,978324.5,984363.5,905136.5,1004080.5,957915.75,757480.0,781085.25,802388.75,803973.5,809517.0,494126.0,365510.25,145.0,5.0,10.0,0.0,0.0,13.0,0.0,1.0,2.0,3.0,4.0,20.0,1.0,85.0,457909091.0,0.0,13.0,859636.25,3954444.5
11140615,신당동,중구,37.56569008206271,127.01370717005359,534942,5254824750.0,862393000.0,747054250.0,83897750.0,412579250.0,418048750.0,29125000.0,129124750.0,226277250.0,154540750.0,2191784000.0,7385.0,3600.0,3785.0,462.0,1299.0,1301.0,966.0,1192.0,2165.0,4680.0,0.0,4203.0,2291.0,1912.0,1316.0,896.0,790.0,738.0,5295261.5,2545586.0,2749675.75,895013.0,1073153.0,932357.25,902833.75,703353.75,906453.75,785359.0,798807.25,802891.75,804164.5,779442.0,664174.25,660421.75,99.0,7.0,5.0,0.0,1.0,12.0,0.0,3.0,0.0,1.0,2.0,8.0,36.0,49.0,202648861.0,3.0,13.0,1324596.0,3970664.5
11140625,다산동,중구,37.55494168855172,127.00836345470714,523971,3588335000.0,721305000.0,69514000.0,57396250.0,673158750.0,21821500.0,107393500.0,88573000.0,174356500.0,148860000.0,1525956500.0,13221.0,6412.0,6809.0,1114.0,2079.0,2167.0,1719.0,2138.0,4004.0,6767.0,0.0,5877.0,3733.0,2144.0,1042.0,1895.0,1435.0,1023.0,4139022.0,1939381.0,2199640.5,642358.5,762871.5,716266.0,633980.0,550276.0,701417.75,604127.25,609497.25,612395.5,610533.25,609883.75,552171.75,540413.0,86.0,3.0,4.0,0.0,1.0,9.0,0.0,0.0,0.0,1.0,1.0,7.0,374.0,64.0,207881680.0,77.0,10.0,1092584.75,3046437.0
11140635,약수동,중구,37.55014822684117,127.0102867299519,486369,2914687000.0,1323841750.0,34461500.0,3983250.0,427841000.0,11548000.0,87274000.0,55316750.0,184428500.0,90703500.0,695288750.0,16086.0,7419.0,8667.0,1717.0,1772.0,2258.0,2206.0,2653.0,5480.0,7737.0,0.0,13696.0,5297.0,8399.0,2208.0,5127.0,3798.0,1874.0,1913965.5,871240.75,1042724.75,229159.5,334336.25,304851.5,302697.25,238435.25,350029.75,269222.25,268370.0,269586.5,268875.75,271707.75,280395.75,285807.5,87.0,4.0,2.0,0.0,1.0,12.0,0.0,0.0,0.0,0.0,2.0,12.0,125.0,68.0,382587628.0,388.0,13.0,566203.25,1347762.25
11140645,청구동,중구,37.556878152670386,127.01518815511605,342571,1231861250.0,236639500.0,172350500.0,25376500.0,91920500.0,1922250.0,165744000.0,11407000.0,73746500.0,99164250.0,353590250.0,12955.0,6117.0,6838.0,1365.0,1575.0,2127.0,1648.0,2147.0,4093.0,6139.0,0.0,2178.0,1190.0,988.0,315.0,576.0,515.0,470.0,2836370.0,1280717.75,1555652.5,331846.25,521082.75,429326.75,438474.5,325554.75,428453.5,407786.5,406012.25,406285.0,407488.5,404580.75,397458.0,406758.75,34.0,2.0,0.0,0.0,0.0,3.0,0.0,0.0,0.0,0.0,0.0,5.0,74.0,68.0,433917253.0,262.0,3.0,804216.75,2032153.0
11140650,신당5동,중구,37.56363458123807,127.0218674854035,319706,2901572000.0,502977250.0,57529000.0,63023000.0,328816000.0,221238500.0,24236000.0,173399500.0,277138250.0,54855750.0,1198358750.0,10151.0,4914.0,5237.0,966.0,1494.0,1791.0,1397.0,1757.0,2746.0,5385.0,0.0,622.0,340.0,282.0,9.0,145.0,192.0,169.0,3224625.75,1479202.0,1745424.0,499566.25,574283.75,492478.0,526976.5,409275.0,627885.25,449881.0,450126.0,453111.75,452550.75,462143.25,482514.5,474299.25,65.0,4.0,2.0,0.0,0.0,5.0,0.0,0.0,0.0,0.0,0.0,12.0,64.0,59.0,382417416.0,210.0,5.0,956813.75,2267812.75
11140665,동화동,중구,37.560706894007495,127.01865228045584,327045,1614787500.0,597470750.0,102717750.0,18945250.0,200600500.0,9925250.0,44561750.0,23210750.0,126204500.0,51655250.0,439495750.0,9941.0,4786.0,5155.0,1332.0,1138.0,1278.0,1416.0,1801.0,2976.0,3987.0,0.0,1303.0,581.0,722.0,208.0,313.0,342.0,282.0,3529982.75,1646833.25,1883149.75,438613.25,560285.25,533433.5,631564.25,453354.75,631274.5,501451.0,504365.25,509980.75,508546.5,508371.25,502339.0,494931.0,47.0,3.0,1.0,0.0,0.0,5.0,0.0,0.0,0.0,0.0,2.0,4.0,59.0,83.0,562530704.0,301.0,5.0,997270.0,2532714.75
11140670,황학동,중구,37.56853618353088,127.02085017986909,328640,4258737000.0,1138027000.0,63183500.0,281934500.0,651394500.0,63007750.0,58657750.0,102587750.0,350066750.0,97926750.0,1451950750.0,12685.0,5986.0,6699.0,1103.0,2172.0,2968.0,1817.0,1685.0,2940.0,7419.0,0.0,796.0,612.0,184.0,87.0,255.0,233.0,133.0,5682035.0,2646956.5,3035078.25,902185.75,1195089.75,940138.25,780447.0,676573.0,909424.25,795740.25,798788.0,798976.25,803893.25,812956.5,840982.0,830699.25,76.0,1.0,6.0,0.0,0.0,10.0,0.0,0.0,0.0,7.0,0.0,6.0,29.0,60.0,320745114.0,62.0,10.0,1671681.25,4010354.25
11140680,중림동,중구,37.557342763110235,126.96603581524248,484384,2926759500.0,563255000.0,11983500.0,19962250.0,456525750.0,23070250.0,77347250.0,37017000.0,596287250.0,86581250.0,1054730000.0,12142.0,5940.0,6202.0,1646.0,1368.0,2109.0,2066.0,1828.0,3125.0,5937.0,0.0,3863.0,2163.0,1700.0,813.0,1254.0,1015.0,521.0,1988530.75,942196.25,1046335.5,254339.25,401402.75,399649.0,334948.5,290696.0,332637.5,295339.5,296794.75,298572.75,297769.25,296382.75,253972.75,249699.5,77.0,3.0,2.0,0.0,0.0,7.0,0.0,0.0,0.0,5.0,0.0,14.0,88.0,60.0,368461445.0,222.0,7.0,503672.25,1484859.0
11170510,후암동,용산구,37.54990381408421,126.98061483959789,865892,2317493250.0,944421250.0,56074750.0,52701500.0,168101250.0,52392750.0,101862750.0,21108500.0,83176500.0,66073000.0,771581000.0,16020.0,7744.0,8276.0,1795.0,2223.0,2747.0,2311.0,2626.0,4318.0,8265.0,0.0,1885.0,1117.0,768.0,261.0,428.0,556.0,450.0,3913435.25,1883156.5,2030278.0,503657.25,739360.25,655591.25,554310.5,427362.25,566527.75,557112.5,555466.0,555731.25,555894.5,553034.0,559575.5,576621.75,80.0,6.0,1.0,0.0,0.0,7.0,0.0,2.0,0.0,0.0,0.0,18.0,370.0,63.0,292755194.0,164.0,7.0,1136197.25,2777238.25
11170520,용산2가동,용산구,37.537912160148856,126.98507593025205,1966853,145816282250.0,143882542250.0,62917500.0,9836750.0,37465500.0,2531250.0,18879000.0,65672750.0,159940750.0,16971250.0,1559525250.0,8866.0,4311.0,4555.0,691.0,1307.0,1624.0,1227.0,1243.0,2774.0,5007.0,0.0,479.0,378.0,101.0,4.0,74.0,204.0,195.0,4744844.75,2215226.75,2529618.5,787546.0,939141.5,772291.25,557142.5,555228.25,785232.25,663659.75,657524.25,662829.5,667167.75,673105.0,702955.25,717602.5,63.0,3.0,0.0,0.0,0.0,4.0,0.0,0.0,0.0,0.0,1.0,29.0,281.0,49.0,204859436.0,2.0,4.0,1420557.75,3324286.25
11170530,남영동,용산구,37.544028208171056,126.97482276913377,1177788,51285241000.0,2108467000.0,114503250.0,772673250.0,693792250.0,142254000.0,70564250.0,305514000.0,19400581000.0,24059434750.0,3617457250.0,6819.0,4160.0,2659.0,353.0,767.0,1006.0,842.0,1451.0,2400.0,4845.0,0.0,18490.0,7775.0,10715.0,7046.0,4567.0,3527.0,2384.0,1999105.75,1023064.5,976041.5,352803.75,412710.75,341996.25,324100.5,312430.25,365043.75,292716.75,295748.5,298585.0,300300.25,299982.75,258467.5,253304.25,147.0,7.0,5.0,0.0,0.0,14.0,0.0,0.0,0.0,12.0,3.0,26.0,78.0,61.0,398414266.0,49.0,14.0,511771.75,1487333.25
11170555,청파동,용산구,37.54758518372214,126.9668436893749,886225,3257262250.0,869035750.0,32262000.0,32323750.0,249297500.0,94352250.0,60271750.0,36527500.0,258213500.0,172478000.0,1452500250.0,18842.0,8750.0,10092.0,1460.0,4040.0,3339.0,2305.0,2991.0,4707.0,11116.0,0.0,3226.0,1748.0,1478.0,463.0,845.0,794.0,705.0,7375701.75,3285544.75,4090158.0,1676169.25,1403403.0,1127590.75,1032105.75,932545.5,1190007.5,1058594.0,1061076.0,1063415.5,1065500.75,1056097.5,1015550.0,1055468.5,128.0,7.0,2.0,0.0,1.0,11.0,0.0,1.0,0.0,1.0,0.0,35.0,457.0,54.0,244172572.0,7.0,12.0,2071018.5,5304683.75
11170560,원효로1동,용산구,37.537493906721416,126.96655397782294,589017,3018878750.0,476659250.0,27609750.0,359330500.0,427747250.0,41211000.0,114118750.0,68758000.0,220648750.0,143759500.0,1139036000.0,16956.0,7874.0,9082.0,2035.0,2849.0,4187.0,2648.0,2178.0,3059.0,9246.0,0.0,2961.0,2059.0,902.0,450.0,825.0,784.0,549.0,4912044.0,2339504.25,2572539.5,782891.5,1223341.25,924637.0,691670.5,656135.5,811903.75,709936.0,710655.0,715907.75,714792.0,717412.25,675899.75,667441.25,94.0,6.0,3.0,0.0,0.0,6.0,0.0,4.0,0.0,0.0,0.0,31.0,125.0,55.0,423991122.0,343.0,6.0,1343341.0,3568703.0
11170570,원효로2동,용산구,37.53384903090399,126.95245827364532,708975,1076695500.0,267986750.0,23612250.0,86837250.0,31247750.0,206762250.0,101287000.0,29444750.0,40429000.0,17919000.0,271169500.0,13626.0,6396.0,7230.0,1710.0,1909.0,2315.0,1973.0,2222.0,3497.0,6245.0,0.0,3004.0,2205.0,799.0,471.0,929.0,846.0,485.0,3646040.75,1732142.0,1913898.5,462752.0,691624.25,629428.0,560237.75,412391.75,535098.75,522071.5,521151.75,521679.5,521040.0,517965.25,515764.75,526368.5,69.0,4.0,2.0,0.0,0.0,4.0,0.0,2.0,0.0,0.0,0.0,27.0,119.0,68.0,462855465.0,348.0,4.0,1042133.25,2603908.0
11170580,효창동,용산구,37.542808082601326,126.96093915346631,446197,1025695750.0,449086250.0,4281750.0,10573000.0,201195500.0,8890250.0,72037250.0,0.0,57914250.0,24304500.0,197413000.0,10665.0,5044.0,5621.0,1426.0,1614.0,1969.0,1591.0,1728.0,2337.0,4718.0,0.0,1419.0,829.0,590.0,195.0,372.0,395.0,307.0,3736843.5,1645879.5,2090963.75,554241.25,706448.0,626817.5,541996.0,448919.75,604309.0,536320.0,534285.5,537133.75,536568.0,530700.0,525298.5,536538.25,66.0,1.0,1.0,0.0,0.0,5.0,0.0,0.0,0.0,0.0,2.0,22.0,187.0,63.0,342185373.0,247.0,5.0,1061836.75,2675007.25
11170590,용문동,용산구,37.537977894354526,126.95850901385698,277531,1581457500.0,727115500.0,38413500.0,44874750.0,100317250.0,2988000.0,51777000.0,36088500.0,46202500.0,58005250.0,475675250.0,11380.0,5423.0,5957.0,1264.0,1613.0,1939.0,1576.0,1846.0,3142.0,5307.0,0.0,3079.0,1795.0,1284.0,607.0,836.0,858.0,579.0,2351714.5,1100308.25,1251406.25,313074.75,438858.75,384433.0,378435.5,265749.25,395153.5,329243.25,329733.0,332219.75,332425.75,333748.0,350532.25,343812.5,54.0,1.0,0.0,0.0,0.0,3.0,0.0,0.0,0.0,0.0,0.0,22.0,176.0,54.0,323872688.0,221.0,3.0,694344.75,1657369.75
11170625,한강로동,용산구,37.529124167649734,126.96859411957044,2869816,34729707000.0,3431074000.0,199068750.0,4619938500.0,1823573250.0,1748453000.0,187660750.0,524460250.0,6864012750.0,1136113500.0,14195352250.0,20977.0,9895.0,11082.0,2206.0,3206.0,4813.0,2844.0,3197.0,4711.0,11229.0,0.0,58448.0,28867.0,29581.0,11959.0,18301.0,16734.0,8581.0,5702037.75,2898481.75,2803556.0,1153982.5,1386119.0,1090439.0,787047.75,872298.25,1084104.5,810805.0,827157.25,835226.75,837929.75,846601.0,796541.25,747777.0,242.0,19.0,19.0,0.0,0.0,21.0,0.0,5.0,3.0,2.0,7.0,41.0,81.0,72.0,780899618.0,453.0,21.0,1544318.25,4157719.75
11170630,이촌1동,용산구,37.51517744414727,126.97175580411621,2872767,2913881250.0,786481750.0,85444750.0,19286500.0,447953250.0,994000.0,261940250.0,57399250.0,195901750.0,210332000.0,848147750.0,24933.0,11719.0,13214.0,4809.0,2548.0,2939.0,4157.0,4378.0,6102.0,9125.0,0.0,5907.0,3784.0,2123.0,956.0,1595.0,1657.0,1209.0,4469922.5,2047587.25,2422335.0,390866.25,564994.25,839345.25,727666.0,536964.5,763887.5,628117.25,633467.0,637295.75,635452.75,640491.5,648033.75,647064.25,102.0,4.0,9.0,0.0,1.0,12.0,0.0,1.0,0.0,0.0,0.0,14.0,133.0,120.0,1448413885.0,1562.0,13.0,1295098.0,3174824.25
11170640,이촌2동,용산구,37.52285750115803,126.95420736020796,1205543,450698750.0,233246250.0,24213250.0,2382500.0,2891000.0,42259000.0,22852000.0,0.0,12227250.0,10466750.0,100160750.0,7870.0,3699.0,4171.0,869.0,833.0,1272.0,1131.0,1294.0,2471.0,3591.0,0.0,2035.0,1381.0,654.0,291.0,557.0,605.0,443.0,1477126.75,718433.5,758693.5,195621.5,269182.25,259640.5,233592.25,166268.5,253992.25,205743.25,206934.0,208509.0,208295.75,209141.75,220844.0,217660.0,26.0,2.0,0.0,0.0,0.0,1.0,0.0,0.0,0.0,0.0,0.0,11.0,80.0,61.0,541443092.0,267.0,1.0,438504.0,1038623.75
11170650,이태원1동,용산구,37.53336285660898,126.99324554325973,582899,9433768000.0,811995500.0,362488500.0,96272000.0,614909250.0,24153750.0,26278750.0,1409198000.0,310713250.0,228153000.0,5549606000.0,6015.0,3013.0,3002.0,440.0,862.0,1139.0,785.0,893.0,1896.0,3435.0,0.0,18302.0,8053.0,10249.0,5374.0,6989.0,3593.0,1789.0,2472440.0,1323946.5,1148493.25,611669.5,606503.75,443708.5,297707.75,312447.75,460541.0,319046.0,307463.25,316967.0,325195.75,364398.75,437088.5,402281.25,71.0,8.0,5.0,0.0,0.0,3.0,0.0,3.0,0.0,0.0,1.0,14.0,70.0,98.0,632786445.0,256.0,3.0,839369.75,1633070.75
11170660,이태원2동,용산구,37.54176010616265,126.9920566827956,874243,1960909000.0,495224000.0,123939500.0,76482000.0,67616250.0,81399500.0,17881250.0,154650250.0,110566750.0,76026000.0,757123500.0,8657.0,4044.0,4613.0,767.0,1192.0,1695.0,1293.0,1247.0,2463.0,4845.0,0.0,875.0,494.0,381.0,116.0,332.0,271.0,105.0,2875977.75,1361835.25,1514142.5,434960.5,650848.25,626135.0,379823.0,332029.5,463535.75,400965.0,400524.75,401290.5,404215.25,409819.0,431410.0,427752.0,60.0,8.0,5.0,0.0,0.0,3.0,0.0,0.0,0.0,0.0,0.0,22.0,169.0,81.0,436270648.0,383.0,3.0,859162.0,2016814.5
11170685,한남동,용산구,37.5375255598216,127.00517078444393,3031897,11982016250.0,1349464500.0,1824088750.0,64217000.0,959067000.0,329021250.0,169101250.0,432264500.0,1815216750.0,790170750.0,4249404500.0,17711.0,8532.0,9179.0,2037.0,2037.0,3193.0,2924.0,2831.0,4689.0,9323.0,0.0,45554.0,33353.0,12201.0,7545.0,13497.0,11978.0,10460.0,4367252.75,2068390.0,2298862.75,711298.5,1008368.0,939463.25,648009.5,645226.75,829005.25,603038.5,617830.75,633306.75,633653.75,654743.0,639591.5,585088.25,171.0,30.0,11.0,1.0,0.0,13.0,0.0,3.0,0.0,0.0,2.0,36.0,414.0,112.0,1309674189.0,2074.0,14.0,1224679.75,3142572.75
11170690,서빙고동,용산구,37.51963125792497,126.98891431424948,2821948,1759217500.0,417700250.0,25951500.0,23255000.0,52599750.0,115087500.0,151162750.0,0.0,412067000.0,24675500.0,536718250.0,12443.0,5999.0,6444.0,2037.0,1557.0,1436.0,2157.0,2147.0,3109.0,5097.0,0.0,10106.0,6642.0,3464.0,1800.0,3017.0,3123.0,1596.0,1710274.0,838856.5,871417.25,205337.75,244585.0,345945.5,284059.0,198704.75,245255.5,240686.5,241767.0,240557.75,241971.75,241224.0,249133.5,254932.75,61.0,15.0,1.0,0.0,0.0,1.0,0.0,0.0,0.0,0.0,1.0,21.0,158.0,82.0,931218213.0,898.0,1.0,504066.25,1206207.0
11170700,보광동,용산구,37.526884845377964,127.0009050415568,715096,1195209750.0,391303250.0,20431500.0,17710750.0,162014250.0,19311750.0,43682000.0,49208000.0,163588000.0,46149250.0,281811000.0,11134.0,5572.0,5562.0,801.0,1494.0,1758.0,1493.0,2011.0,3577.0,6270.0,0.0,254.0,140.0,114.0,24.0,51.0,82.0,72.0,2395791.25,1217654.5,1178137.5,290066.25,402329.25,492409.5,399643.25,269369.25,371467.5,341257.0,340165.75,338565.0,340298.5,342063.0,347094.25,346348.75,70.0,4.0,1.0,0.0,0.0,8.0,0.0,0.0,0.0,0.0,0.0,14.0,144.0,53.0,751925365.0,662.0,8.0,693443.0,1702349.25
11200520,왕십리2동,성동구,37.56145293830574,127.02772969813617,372425,2220098500.0,479263750.0,65480250.0,205786500.0,627749000.0,4318750.0,115366250.0,50604000.0,138444500.0,104699250.0,428386250.0,15974.0,7663.0,8311.0,2097.0,2174.0,2781.0,2315.0,2596.0,4011.0,7303.0,0.0,1287.0,798.0,489.0,142.0,356.0,385.0,298.0,4487875.5,1983825.75,2504049.75,688594.75,867889.25,719177.5,653226.5,457503.5,723578.25,626776.0,624172.25,627101.75,625943.25,628642.25,670492.5,684747.75,63.0,2.0,0.0,0.0,0.0,5.0,0.0,0.0,0.0,0.0,1.0,18.0,69.0,70.0,474130064.0,311.0,5.0,1355240.25,3132635.5
11200535,왕십리도선동,성동구,37.56684945211883,127.02959934343136,710285,8196440250.0,1639711250.0,194851000.0,41253000.0,1983002500.0,416146250.0,366449000.0,293840250.0,488175000.0,518325000.0,2254687000.0,26181.0,12283.0,13898.0,3603.0,4013.0,4411.0,3895.0,4311.0,5948.0,12111.0,0.0,3005.0,1379.0,1626.0,494.0,575.0,631.0,748.0,5487250.75,2540520.5,2946730.25,964408.5,1019037.25,905024.75,810018.25,687599.5,956044.0,775758.25,777642.75,780926.25,782378.75,791270.5,795350.25,783924.5,189.0,4.0,4.0,0.0,2.0,20.0,0.0,0.0,0.0,0.0,0.0,26.0,108.0,70.0,658527615.0,712.0,22.0,1579274.75,3907976.5
11200540,마장동,성동구,37.56741380833115,127.0406017762261,1035276,4723537000.0,2390662750.0,7351750.0,24205750.0,171587250.0,683934750.0,72654250.0,55821500.0,132948500.0,381103500.0,803267000.0,21556.0,10610.0,10946.0,2385.0,4066.0,3159.0,2625.0,3419.0,5902.0,10844.0,0.0,6924.0,4974.0,1950.0,526.0,1228.0,1600.0,2331.0,4931273.0,2391007.5,2540265.75,823071.75,795991.0,752868.75,816024.0,611883.5,781357.5,700387.25,704760.0,712155.5,711096.5,708198.25,699368.25,695309.0,111.0,6.0,5.0,0.0,0.0,8.0,0.0,0.0,0.0,0.0,1.0,29.0,125.0,57.0,313147656.0,161.0,8.0,1394677.25,3536597.5
11200550,사근동,성동구,37.558122788998226,127.04539545601999,1169216,5728153750.0,1125183000.0,22051500.0,6209000.0,707078750.0,23963750.0,40912000.0,515751750.0,292550000.0,466942000.0,2527512000.0,11936.0,6247.0,5689.0,987.0,4917.0,1611.0,1041.0,1286.0,2094.0,8185.0,0.0,438.0,330.0,108.0,6.0,73.0,161.0,145.0,4330811.75,2055251.75,2275559.0,1837777.0,537005.0,384339.5,388489.0,508915.5,670712.5,618603.0,627113.5,630169.25,634651.0,633607.75,604128.0,582538.0,128.0,5.0,3.0,1.0,0.0,10.0,0.0,1.0,0.0,0.0,2.0,34.0,102.0,44.0,170903029.0,33.0,11.0,1186666.0,3144144.5
11200560,행당1동,성동구,37.55909004189771,127.03617196567481,573566,7753781750.0,940658250.0,251694500.0,202976500.0,1444150250.0,139357250.0,518299000.0,70601750.0,462165250.0,769050750.0,2954828250.0,13629.0,6526.0,7103.0,1824.0,2164.0,2212.0,2056.0,2161.0,3212.0,6397.0,0.0,1709.0,1189.0,520.0,196.0,364.0,447.0,511.0,6119463.5,2850628.0,3268835.75,1255502.25,1001565.5,1002052.5,873318.5,793393.0,1142390.25,865955.75,874519.75,883647.75,885748.5,889167.5,876616.5,843808.0,130.0,9.0,4.0,0.0,2.0,13.0,0.0,1.0,1.0,0.0,4.0,30.0,84.0,68.0,483661187.0,352.0,15.0,1720424.5,4399039.25
11200570,행당2동,성동구,37.556677186775396,127.02965190700263,457669,1737949250.0,536503750.0,28138250.0,30250.0,287755500.0,37750.0,383826750.0,4829750.0,146995250.0,50300750.0,299531250.0,22851.0,10656.0,12195.0,3436.0,2579.0,3426.0,3583.0,3971.0,5856.0,9226.0,0.0,3.0,0.0,3.0,0.0,1.0,1.0,1.0,4522877.5,1993509.0,2529368.75,526095.75,717115.0,820828.25,658786.0,476159.5,719746.5,642522.25,638929.75,637538.0,636072.25,637458.5,656241.25,674116.75,79.0,2.0,2.0,0.0,0.0,4.0,0.0,0.0,0.0,0.0,1.0,24.0,97.0,79.0,645518275.0,788.0,4.0,1330358.0,3192520.75
11200580,응봉동,성동구,37.55088267778024,127.0337236035604,553662,496170250.0,219444500.0,21053250.0,182250.0,51273750.0,6825500.0,50226000.0,3121500.0,13834250.0,21125250.0,109084000.0,14940.0,7088.0,7852.0,2460.0,1666.0,2031.0,2607.0,2508.0,3668.0,5949.0,0.0,542.0,224.0,318.0,131.0,143.0,118.0,96.0,2715983.25,1204759.75,1511223.75,256907.5,421207.5,498518.0,439324.75,256940.5,386940.5,382820.5,383893.0,383410.5,383598.0,380957.5,395002.0,406301.25,56.0,3.0,0.0,0.0,0.0,2.0,0.0,0.0,0.0,0.0,1.0,30.0,215.0,56.0,269799393.0,411.0,2.0,801303.25,1914679.5
11200590,금호1가동,성동구,37.55358784630584,127.02497673950829,444872,1420875000.0,431739500.0,13104750.0,4625250.0,342578750.0,9537750.0,225089500.0,23233500.0,91705750.0,47668250.0,231592000.0,14750.0,7024.0,7726.0,2106.0,1524.0,2315.0,2474.0,2321.0,4010.0,6503.0,0.0,1732.0,633.0,1099.0,205.0,574.0,709.0,199.0,3192809.25,1398237.5,1794572.25,273634.25,548077.5,643844.25,461825.75,341060.5,553273.0,444739.5,442315.0,442566.75,442426.25,444516.25,482431.25,493813.75,88.0,2.0,0.0,0.0,0.0,6.0,0.0,0.0,0.0,0.0,1.0,45.0,193.0,54.0,308385556.0,505.0,6.0,976245.0,2216563.75
11200615,금호2?3가동,성동구,37.5513993732278,127.01997401737138,631196,2721913250.0,997949750.0,121961000.0,10135500.0,413345250.0,7011250.0,88526000.0,54605750.0,170655000.0,128900250.0,728823500.0,21946.0,10443.0,11503.0,2829.0,2463.0,3779.0,3570.0,3530.0,5775.0,9888.0,0.0,244.0,149.0,95.0,14.0,32.0,62.0,63.0,5610458.25,2572657.75,3037801.0,559650.75,934031.0,996573.25,879393.5,590014.5,939390.0,787429.75,784003.0,785730.5,783522.75,785312.5,838583.75,845877.25,135.0,3.0,2.0,0.0,0.0,13.0,0.0,0.0,0.0,0.0,0.0,46.0,227.0,60.0,365230604.0,566.0,13.0,1684461.0,3925998.5
11200620,금호4가동,성동구,37.54538892972044,127.02415926514722,832333,3118017000.0,1185106250.0,45794000.0,20296000.0,631321750.0,70741500.0,285593000.0,45098000.0,181814250.0,191540500.0,460711750.0,14142.0,6694.0,7448.0,2116.0,1311.0,2308.0,2621.0,2123.0,3663.0,6398.0,0.0,507.0,307.0,200.0,59.0,118.0,145.0,124.0,2617483.0,1215337.25,1402146.5,256663.75,474894.0,464872.75,407364.5,293077.25,457624.75,369074.75,368026.5,369254.25,368525.5,370616.25,386587.5,385398.25,84.0,3.0,3.0,0.0,0.0,6.0,0.0,0.0,0.0,0.0,1.0,27.0,82.0,77.0,803074557.0,713.0,6.0,771985.75,1845497.25
11200645,옥수동,성동구,37.540848569825286,127.02058221940472,1922027,3932126750.0,1293146250.0,73406000.0,5060250.0,675072250.0,47926250.0,327749750.0,38768500.0,268897750.0,242856000.0,959243750.0,25399.0,11775.0,13624.0,3895.0,2444.0,4547.0,4429.0,3813.0,6271.0,10753.0,0.0,3197.0,1245.0,1952.0,823.0,948.0,719.0,483.0,2868578.25,1305187.5,1563391.0,264687.5,502657.75,528396.0,405640.5,341384.5,521296.25,403673.0,405831.0,409155.75,407243.25,410575.5,421108.75,410990.75,129.0,4.0,2.0,0.0,0.0,10.0,0.0,0.0,0.0,0.0,2.0,45.0,126.0,93.0,884172349.0,1187.0,10.0,832099.5,2036478.5
11200650,성수1가1동,성동구,37.54078874107653,127.0422619717796,1885875,3258161500.0,696927750.0,260021750.0,27847750.0,275104500.0,199639000.0,107585750.0,85185000.0,220481750.0,220549750.0,1164818500.0,15394.0,7652.0,7742.0,1722.0,2196.0,2841.0,2013.0,2745.0,3877.0,7434.0,0.0,3325.0,2072.0,1253.0,412.0,704.0,746.0,896.0,3118957.5,1516971.5,1601986.25,551175.25,736625.75,508774.5,452899.5,458738.25,548972.75,452549.0,457705.25,462183.75,463445.5,461606.75,414588.5,406879.0,83.0,4.0,2.0,0.0,0.0,4.0,0.0,0.0,1.0,0.0,1.0,33.0,122.0,61.0,736732428.0,688.0,4.0,821467.5,2297490.25
11200660,성수1가2동,성동구,37.5490143598074,127.0436472117351,930086,20664076750.0,2147787750.0,350696000.0,65636000.0,816492750.0,430870750.0,245190750.0,132787000.0,12551373250.0,452254000.0,3470988500.0,11932.0,5820.0,6112.0,1337.0,1762.0,2314.0,1721.0,1844.0,2954.0,5899.0,0.0,8657.0,5972.0,2685.0,1383.0,1771.0,1828.0,1888.0,5555665.25,2696930.0,2858735.25,1156857.0,1382403.75,1018046.5,715010.5,959284.75,1080523.75,827223.75,846210.5,852617.0,853036.25,851140.75,682931.25,642506.0,79.0,3.0,6.0,0.0,0.0,6.0,0.0,0.0,0.0,0.0,1.0,12.0,68.0,57.0,465824238.0,278.0,6.0,1325437.25,4230228.25
11200670,성수2가1동,성동구,37.536350432277516,127.05530502567485,1184964,8216624250.0,2293261500.0,964194500.0,213195000.0,658148500.0,297730750.0,27655750.0,205246750.0,591137000.0,253772500.0,2712282000.0,14544.0,7539.0,7005.0,1301.0,1837.0,2399.0,1889.0,2557.0,4561.0,7587.0,0.0,7660.0,4923.0,2737.0,1778.0,2247.0,1788.0,1247.0,4927575.25,2458897.75,2468678.25,785162.5,979935.5,783374.5,837267.75,656808.75,857925.75,706076.0,707273.5,711899.5,714774.75,715278.25,691674.25,680600.25,109.0,3.0,3.0,0.0,0.0,13.0,0.0,2.0,0.0,1.0,0.0,38.0,110.0,59.0,579181643.0,519.0,13.0,1372274.5,3555302.0
11200690,성수2가3동,성동구,37.54556632538986,127.05808421418729,1054501,18067198750.0,2675484250.0,3018320500.0,188658000.0,2446193000.0,1525819000.0,320563750.0,368969750.0,1026458500.0,628896500.0,5867835500.0,10021.0,4999.0,5022.0,940.0,1628.0,1835.0,1322.0,1581.0,2715.0,5211.0,0.0,31123.0,19941.0,11182.0,5123.0,7926.0,7782.0,6246.0,5780053.5,2795605.5,2984448.0,1349138.25,1319090.0,1002122.25,778523.5,995608.0,1060809.5,870962.75,882554.75,891167.75,899914.0,886344.75,696197.25,652911.25,104.0,3.0,16.0,0.0,0.0,11.0,0.0,0.0,1.0,0.0,1.0,20.0,78.0,57.0,394279969.0,219.0,11.0,1349108.5,4430944.0
11200720,송정동,성동구,37.55150820919662,127.06697246477097,681916,870841000.0,247673250.0,28018000.0,15783000.0,106474000.0,242971000.0,13087000.0,27899250.0,50841250.0,17958250.0,120136000.0,9719.0,5095.0,4624.0,857.0,1443.0,1547.0,1314.0,1704.0,2854.0,5365.0,0.0,748.0,488.0,260.0,83.0,184.0,205.0,156.0,3214975.75,1628961.75,1586014.0,717464.0,617496.5,510114.5,439669.25,357036.25,456635.5,461660.0,461208.25,461593.5,459800.0,458181.25,450579.75,461953.0,44.0,2.0,0.0,0.0,1.0,5.0,0.0,0.0,0.0,0.0,0.0,17.0,68.0,50.0,229184261.0,10.0,6.0,912532.75,2302443.0
11200790,용답동,성동구,37.55891941552393,127.05747209575081,2377148,17048551500.0,941928250.0,71993750.0,6793500.0,2344540250.0,2442801000.0,35910250.0,93681500.0,286383750.0,9660772000.0,1163747250.0,11809.0,6118.0,5691.0,818.0,2551.0,1989.0,1397.0,1892.0,3162.0,7515.0,0.0,2556.0,1592.0,964.0,663.0,747.0,528.0,391.0,3052308.5,1496222.25,1556086.25,618054.5,552952.75,453885.25,511062.0,339545.0,462145.5,430961.0,432770.25,434948.75,431987.0,431715.25,439406.25,450520.0,82.0,7.0,2.0,0.0,0.0,8.0,0.0,1.0,0.0,0.0,2.0,11.0,54.0,56.0,255078831.0,12.0,8.0,889926.25,2162382.25
11215710,화양동,광진구,37.54326926538935,127.07339229382966,1166008,19530988500.0,2286142750.0,628336250.0,39379000.0,3194692500.0,1005302250.0,223291500.0,1519043500.0,1385139250.0,753747000.0,8495914500.0,24821.0,11760.0,13061.0,1242.0,10467.0,4995.0,2328.0,2294.0,3495.0,18696.0,0.0,872.0,621.0,251.0,86.0,118.0,230.0,300.0,8934240.5,4136018.5,4798222.75,3936426.0,1556798.25,945280.5,774907.5,992696.25,1586106.0,1239704.0,1245014.75,1254273.5,1261563.0,1288609.25,1343891.75,1301184.75,167.0,3.0,5.0,1.0,0.0,17.0,0.0,0.0,1.0,0.0,2.0,16.0,195.0,34.0,148077507.0,11.0,18.0,2645076.5,6289164.5
11215730,군자동,광진구,37.5530449035526,127.0737074372354,738025,6502511750.0,1542170250.0,38761750.0,155088000.0,1437461500.0,205774250.0,129471250.0,220163250.0,292841000.0,281144250.0,2199636250.0,19048.0,9394.0,9654.0,1577.0,4259.0,3440.0,2476.0,2640.0,4656.0,11293.0,0.0,1002.0,562.0,440.0,97.0,213.0,244.0,231.0,6655412.5,3202949.0,3452462.75,2038573.75,1160375.5,921678.5,741643.0,811257.75,1063757.75,959793.0,966112.75,975115.5,973286.0,951607.5,911613.75,917883.0,135.0,5.0,5.0,0.0,1.0,12.0,0.0,0.0,1.0,0.0,0.0,23.0,233.0,51.0,206472588.0,52.0,13.0,1829496.75,4825914.75
11215740,중곡1동,광진구,37.56209737181454,127.07768909152678,614505,5500819750.0,1820273000.0,85176750.0,302332000.0,605454250.0,839338250.0,60205500.0,215110750.0,276349000.0,165158250.0,1131422000.0,15218.0,7204.0,8014.0,1230.0,2805.0,3048.0,1945.0,2312.0,3878.0,8644.0,0.0,3866.0,1893.0,1973.0,1042.0,745.0,776.0,926.0,3616943.5,1733616.75,1883326.5,678293.5,748923.75,565069.5,517312.0,395802.25,606710.0,509808.75,506811.0,510258.0,508121.0,512453.25,532627.0,536865.25,74.0,2.0,0.0,0.0,0.0,10.0,0.0,1.0,0.0,0.0,0.0,19.0,249.0,51.0,188044024.0,0.0,10.0,1069492.25,2547452.0
11215750,중곡2동,광진구,37.55891211949285,127.08457835917311,545542,3941325750.0,909808000.0,92390250.0,77732750.0,704427000.0,136666750.0,197225000.0,106918500.0,266725000.0,147595750.0,1301836750.0,20512.0,9636.0,10876.0,2069.0,3304.0,3661.0,2825.0,3343.0,5310.0,10569.0,0.0,2251.0,1333.0,918.0,273.0,455.0,607.0,554.0,4538698.0,2097742.5,2440955.75,691415.5,812138.5,700420.5,697566.25,458959.25,663952.5,646180.25,640983.25,639521.5,641499.75,639926.5,656898.25,673688.25,104.0,2.0,4.0,0.0,0.0,14.0,0.0,0.0,0.0,0.0,2.0,21.0,387.0,50.0,185506401.0,0.0,14.0,1330586.5,3208111.25
11215760,중곡3동,광진구,37.567914877003595,127.08201907488169,601866,2432698250.0,628795750.0,32820750.0,101315250.0,400715500.0,369544500.0,86242000.0,90344750.0,110065750.0,142294500.0,470559500.0,15681.0,7737.0,7944.0,1436.0,2305.0,2714.0,2050.0,2676.0,4500.0,8495.0,0.0,515.0,378.0,137.0,28.0,136.0,167.0,130.0,4598012.5,2124612.75,2473400.0,623033.75,824827.5,680796.5,740440.5,468210.25,727488.75,644233.5,641717.25,647378.75,640782.25,642044.0,674153.25,707704.0,97.0,3.0,1.0,0.0,1.0,9.0,0.0,1.0,0.0,0.0,1.0,29.0,243.0,47.0,176263103.0,0.0,10.0,1381857.25,3216155.75
11215770,중곡4동,광진구,37.56387809623577,127.09449907328482,2313468,3838938250.0,1206756000.0,116723750.0,66661000.0,407378000.0,350758000.0,92008750.0,104771000.0,267143750.0,112084250.0,1114653750.0,27499.0,13389.0,14110.0,2662.0,3932.0,4025.0,3552.0,5090.0,8238.0,13022.0,0.0,2743.0,1350.0,1393.0,470.0,682.0,721.0,653.0,6415960.25,2931269.25,3484691.5,816900.25,975541.75,948964.25,1039684.5,668246.0,993996.25,907606.75,900127.5,896598.5,897301.0,895231.75,937659.25,981435.25,105.0,2.0,2.0,0.0,0.0,7.0,0.0,0.0,0.0,0.0,0.0,37.0,623.0,52.0,170253171.0,0.0,7.0,1919094.5,4496865.5
11215780,능동,광진구,37.55058887039526,127.08178506993116,1092105,6094311250.0,761078500.0,35471000.0,416551750.0,1191125500.0,1117655750.0,81619750.0,174532000.0,375491750.0,67317250.0,1873468000.0,11053.0,5063.0,5990.0,919.0,2217.0,2459.0,1604.0,1443.0,2411.0,6456.0,0.0,1414.0,899.0,515.0,198.0,339.0,375.0,285.0,2089426.0,944292.25,1145134.5,404698.25,430064.5,322961.5,262042.5,240027.0,347515.5,295358.25,297025.25,298232.5,299360.5,300820.0,299342.0,299288.75,47.0,4.0,0.0,0.0,1.0,5.0,0.0,0.0,0.0,0.0,1.0,5.0,170.0,44.0,203223348.0,1.0,6.0,598630.75,1490796.5
11215810,광장동,광진구,37.54782272294704,127.10470862656273,2393761,6006645250.0,2012848750.0,65527750.0,10664250.0,567367750.0,847147500.0,658551250.0,52233750.0,305771750.0,199347750.0,1287184750.0,33964.0,16438.0,17526.0,7792.0,3846.0,3310.0,6841.0,6054.0,6121.0,11851.0,0.0,8850.0,5370.0,3480.0,2760.0,2340.0,1714.0,1372.0,6227704.0,2835677.5,3392026.25,620597.0,659006.5,1168114.5,923070.5,707152.0,961443.5,892648.25,892496.25,897222.5,896595.75,897588.25,877434.0,873719.75,139.0,5.0,9.0,0.0,0.0,9.0,0.0,0.0,0.0,0.0,1.0,32.0,193.0,93.0,701037200.0,1393.0,9.0,1751153.75,4476551.0
11215820,자양1동,광진구,37.53558814490071,127.08045622273272,568868,6805857000.0,1941346750.0,209996750.0,51133500.0,2218871750.0,116359000.0,193701250.0,96338500.0,292600500.0,248018750.0,1437490250.0,21795.0,10556.0,11239.0,2105.0,3873.0,3812.0,3127.0,3377.0,5501.0,11960.0,0.0,11952.0,9440.0,2512.0,822.0,1690.0,3243.0,4879.0,7714602.0,3612588.75,4102013.25,1460763.0,1355534.25,1203945.5,1110033.5,889912.75,1274335.0,1099654.25,1097141.0,1094650.75,1096463.5,1095573.5,1111204.0,1119916.0,106.0,3.0,4.0,1.0,0.0,14.0,0.0,0.0,0.0,0.0,0.0,17.0,368.0,48.0,208444504.0,28.0,15.0,2231120.0,5483483.0
11215830,자양2동,광진구,37.52909935606437,127.0827458629586,1657523,3912722000.0,865319750.0,36344000.0,49566250.0,762166000.0,642160250.0,215744000.0,139538500.0,191251750.0,216143250.0,794488250.0,23591.0,11450.0,12141.0,2882.0,3208.0,3682.0,3540.0,3903.0,6376.0,10890.0,0.0,2506.0,1569.0,937.0,346.0,565.0,672.0,665.0,5148038.75,2428944.25,2719094.0,626617.0,871226.75,874988.75,745699.0,535646.0,773904.0,726812.0,725201.75,726419.25,726856.25,726048.0,752159.5,764543.0,95.0,2.0,1.0,0.0,0.0,8.0,0.0,1.0,0.0,0.0,0.0,21.0,410.0,54.0,266950759.0,262.0,8.0,1516702.5,3631337.25
11215840,자양3동,광진구,37.53136850519804,127.07101606905555,1196419,4905074750.0,1203494750.0,342124000.0,33896750.0,610378250.0,244078500.0,357367750.0,17998500.0,318708250.0,290253250.0,1486774750.0,27193.0,12991.0,14202.0,4362.0,3434.0,3864.0,4233.0,4540.0,6760.0,10951.0,0.0,1753.0,1311.0,442.0,196.0,468.0,506.0,452.0,6585016.25,3009350.75,3575665.0,922873.0,978732.0,1110577.5,935210.5,736768.75,1093163.25,933174.25,926991.25,928998.75,928272.0,934444.0,962331.0,970805.25,105.0,2.0,6.0,0.0,0.0,8.0,1.0,0.0,1.0,0.0,0.0,30.0,171.0,65.0,503185054.0,774.0,8.0,1933136.25,4651880.25
11215847,자양4동,광진구,37.53375136428935,127.06361893678418,1180023,8709155250.0,2404923250.0,186704500.0,24142250.0,1164387750.0,42654000.0,111939000.0,247628250.0,620334500.0,614675250.0,3291766500.0,19815.0,9797.0,10018.0,1688.0,3243.0,3332.0,2560.0,3149.0,5843.0,10929.0,0.0,513.0,449.0,64.0,0.0,22.0,133.0,165.0,8723210.25,4109765.25,4613445.25,1845009.25,1584318.25,1310500.75,1309504.75,988694.0,1562409.25,1219299.5,1217625.75,1224043.0,1228353.5,1250407.75,1299274.0,1284207.5,106.0,5.0,2.0,0.0,1.0,15.0,0.0,1.0,1.0,0.0,1.0,16.0,141.0,47.0,259534026.0,123.0,16.0,2583481.5,6139729.5
11215850,구의1동,광진구,37.5415038189961,127.08598440880375,565313,4538727750.0,884297000.0,70995000.0,152413000.0,636833750.0,81067500.0,81548000.0,261919000.0,212199250.0,117375000.0,2040080250.0,21448.0,10252.0,11196.0,1689.0,4498.0,4386.0,2917.0,3119.0,4839.0,12519.0,0.0,3506.0,2156.0,1350.0,481.0,915.0,1003.0,817.0,6794360.25,3174273.5,3620085.75,1316331.5,1336875.25,1064321.0,956523.75,733276.0,1053579.25,964378.25,967441.0,966595.0,969153.25,965543.25,978901.25,982347.0,77.0,2.0,4.0,0.0,0.0,9.0,0.0,0.0,0.0,0.0,1.0,16.0,421.0,48.0,182840088.0,49.0,9.0,1961248.25,4833110.75
11215860,구의2동,광진구,37.5511016720589,127.09485639020177,1388041,4702124000.0,1406399750.0,120675500.0,36853500.0,648693750.0,78011250.0,195047750.0,115046750.0,317305750.0,220126500.0,1563963500.0,25468.0,12150.0,13318.0,3443.0,3280.0,3587.0,3950.0,4410.0,6798.0,11380.0,0.0,2960.0,1873.0,1087.0,413.0,511.0,769.0,811.0,4932354.75,2189889.75,2742464.5,614903.5,716834.75,817130.5,761850.0,521422.5,769367.0,694734.5,692651.25,693407.25,692574.0,691802.5,724082.25,743102.5,112.0,3.0,2.0,0.0,1.0,9.0,0.0,0.0,0.0,0.0,1.0,24.0,569.0,59.0,218482807.0,142.0,10.0,1467184.75,3465169.5
11215870,구의3동,광진구,37.536956490128944,127.09422748484121,1027561,10048895000.0,2082827250.0,469488000.0,498571250.0,1533518500.0,100542750.0,948006500.0,109634750.0,965469250.0,1148481750.0,2192355000.0,27836.0,13145.0,14691.0,3858.0,4079.0,4489.0,4065.0,4687.0,6658.0,12048.0,0.0,11355.0,6943.0,4412.0,1329.0,2401.0,2748.0,2867.0,6256683.75,2847916.25,3408767.5,801896.0,941787.75,1067827.25,986925.25,720336.0,1100234.0,885455.0,879866.25,881187.0,883836.0,895868.75,925743.25,904727.5,133.0,5.0,4.0,0.0,0.0,16.0,0.0,1.0,1.0,0.0,1.0,25.0,319.0,60.0,306329165.0,610.0,16.0,1830470.75,4426213.0
11230536,용신동,동대문구,37.57556132503958,127.03245552682627,1618399,13412273250.0,3914073250.0,945201250.0,316249750.0,3819519250.0,641595250.0,199325500.0,176612500.0,545646500.0,166050250.0,2687999750.0,38362.0,18958.0,19404.0,3880.0,6996.0,7010.0,5542.0,5577.0,9357.0,21655.0,0.0,18615.0,9634.0,8981.0,2288.0,4133.0,4595.0,4562.0,14066266.5,6827840.25,7238426.5,2604874.5,2447381.0,2245275.25,2182188.25,1880336.0,2301554.25,2024432.0,2025319.25,2043488.5,2035911.75,2031987.5,1956197.75,1948930.5,231.0,10.0,8.0,1.0,4.0,20.0,0.0,1.0,0.0,5.0,5.0,41.0,212.0,57.0,263764070.0,235.0,25.0,3905128.25,10161139.0
11230545,제기동,동대문구,37.58374995175625,127.03722548288243,1181705,11847453500.0,6667496750.0,315792500.0,145424250.0,1640930250.0,546950250.0,80126250.0,72909250.0,324681000.0,131097250.0,1922045750.0,22962.0,11776.0,11186.0,1961.0,4356.0,2975.0,2601.0,3464.0,7605.0,12981.0,0.0,3687.0,2316.0,1371.0,372.0,976.0,970.0,811.0,12002903.75,5762994.5,6239909.0,2882419.0,1517400.25,1488508.0,1732924.0,1657084.0,1913220.5,1730343.75,1739353.0,1733963.5,1740970.75,1723147.75,1692508.25,1642615.75,288.0,4.0,5.0,0.0,1.0,22.0,0.0,3.0,0.0,14.0,1.0,30.0,276.0,56.0,199334932.0,54.0,23.0,3335124.0,8667778.75
11230560,전농1동,동대문구,37.57922183565485,127.05095551957609,1126695,6775495750.0,1899821750.0,162725250.0,34120000.0,1452514750.0,853317000.0,218715000.0,132428000.0,188844250.0,257374250.0,1575635500.0,32107.0,15979.0,16128.0,4034.0,4839.0,4460.0,4730.0,5311.0,8733.0,16020.0,0.0,308.0,267.0,41.0,9.0,22.0,122.0,129.0,11256888.75,5364102.25,5892786.75,2229093.5,1584592.0,1726104.25,1561630.75,1329456.5,1855323.25,1600364.5,1607296.25,1610061.25,1607016.75,1599167.75,1607184.75,1625798.75,152.0,5.0,2.0,0.0,1.0,13.0,0.0,0.0,1.0,5.0,3.0,35.0,236.0,53.0,298148257.0,405.0,14.0,3232983.5,8023906.5
11230570,전농2동,동대문구,37.58069463875391,127.06112292051264,977568,1684850000.0,451344000.0,32097000.0,10825250.0,243088250.0,14159250.0,189455250.0,22394750.0,163617250.0,50558000.0,507311000.0,17954.0,8555.0,9399.0,2542.0,2005.0,2090.0,2664.0,3152.0,5501.0,7541.0,0.0,713.0,371.0,342.0,81.0,152.0,190.0,192.0,2324346.25,1052682.0,1271664.25,272040.25,297467.25,368793.0,353659.5,283622.25,400424.0,329333.75,328858.75,329577.0,328729.5,327287.25,334763.0,345797.25,102.0,2.0,2.0,0.0,0.0,12.0,0.0,0.0,0.0,0.0,0.0,15.0,95.0,70.0,385704055.0,248.0,12.0,680560.25,1643786.25
11230600,답십리1동,동대문구,37.571274662047024,127.05187832254227,788242,4438254500.0,1395101250.0,72255000.0,152146000.0,629149250.0,42584750.0,528527000.0,61558500.0,305906000.0,112421000.0,1138605750.0,27834.0,13376.0,14458.0,4184.0,3822.0,4851.0,4651.0,4043.0,6283.0,12866.0,0.0,1750.0,840.0,910.0,255.0,359.0,489.0,472.0,6871706.5,3155886.0,3715820.75,901003.5,1169729.25,1227751.25,997093.0,782505.0,1104201.75,978293.75,975229.5,979081.25,976833.5,978265.75,989311.75,994691.5,124.0,4.0,5.0,0.0,0.0,9.0,0.0,0.0,0.0,0.0,0.0,25.0,123.0,64.0,481259336.0,668.0,9.0,1984003.25,4887703.75
11230610,답십리2동,동대문구,37.570783745453,127.06103558265633,875745,5236943750.0,1407248500.0,52839250.0,71024750.0,1006169000.0,962200250.0,175572500.0,123397500.0,275230000.0,224199500.0,939062500.0,27467.0,13247.0,14220.0,3293.0,3181.0,4231.0,3775.0,4588.0,8399.0,12454.0,0.0,4714.0,3462.0,1252.0,732.0,1065.0,1115.0,993.0,5696555.5,2668762.0,3027793.0,623662.75,950240.25,979459.5,899923.0,637427.25,964963.5,801803.25,795102.75,797118.25,795138.75,796374.25,848623.25,862395.5,108.0,3.0,2.0,0.0,2.0,13.0,0.0,3.0,0.0,0.0,0.0,19.0,128.0,69.0,367194404.0,190.0,15.0,1711018.75,3985537.25
11230650,장안1동,동대문구,37.566238618581984,127.06852502978793,1342167,12061304500.0,2645054750.0,191351250.0,173274250.0,3285836000.0,818048250.0,273640000.0,291007500.0,772463250.0,380232000.0,3230397250.0,37191.0,18358.0,18833.0,4598.0,4828.0,5838.0,6095.0,5762.0,10070.0,18136.0,0.0,10019.0,6324.0,3695.0,1354.0,1983.0,2166.0,2223.0,8856044.25,4261196.5,4594847.75,1192072.0,1592008.5,1675114.25,1344557.5,1061953.5,1447768.25,1268468.5,1263765.75,1278838.0,1272812.75,1272380.5,1248600.25,1251179.5,192.0,5.0,11.0,0.0,4.0,26.0,0.0,0.0,0.0,0.0,1.0,43.0,366.0,58.0,242312008.0,126.0,30.0,2499779.75,6356265.5
11230660,장안2동,동대문구,37.575642892297,127.07207692830465,996640,10731766500.0,3058357250.0,170661250.0,199087250.0,2148231250.0,170031750.0,1098092000.0,395187500.0,449692000.0,183045500.0,2859380750.0,32376.0,16042.0,16334.0,5322.0,3614.0,4637.0,5737.0,5003.0,8063.0,14170.0,0.0,5320.0,2870.0,2450.0,1665.0,1038.0,1090.0,999.0,7691079.75,3647098.0,4043982.0,884121.25,1155599.25,1379749.0,1149277.0,876335.25,1316124.5,1087136.25,1084929.5,1086244.0,1087735.25,1088250.25,1122669.75,1134115.75,168.0,3.0,2.0,0.0,2.0,21.0,0.0,0.0,1.0,1.0,0.0,38.0,278.0,59.0,269839336.0,266.0,23.0,2256785.5,5434295.25
11230705,청량리동,동대문구,37.58883777323814,127.04521030083602,1204398,4835031250.0,993283500.0,159268000.0,73999250.0,1131429000.0,402097500.0,76149500.0,139103500.0,260339000.0,134177500.0,1465184500.0,18688.0,9202.0,9486.0,1546.0,2215.0,2135.0,2155.0,3063.0,7574.0,10043.0,0.0,2337.0,1268.0,1069.0,399.0,726.0,447.0,425.0,6101235.25,2825154.75,3276080.5,924674.75,795829.5,840539.5,967958.25,801624.25,1033829.0,854575.25,856801.75,860306.0,860972.5,864071.25,896540.5,907968.75,154.0,9.0,4.0,1.0,0.0,16.0,0.0,0.0,0.0,2.0,0.0,34.0,111.0,63.0,259040718.0,131.0,17.0,1804509.25,4296726.75
11230710,회기동,동대문구,37.593718569706766,127.05150891260784,766917,10638964750.0,837010250.0,58711250.0,6359250.0,6716632750.0,1814000.0,89690000.0,199612750.0,479153250.0,165530750.0,2084450500.0,10313.0,4883.0,5430.0,996.0,3406.0,1479.0,1160.0,1219.0,2053.0,6575.0,0.0,51.0,21.0,30.0,1.0,12.0,16.0,13.0,4533961.25,1994851.25,2539110.0,1901423.5,509976.0,447887.25,407293.0,585566.25,768597.75,649707.25,661991.0,666276.5,665909.25,659798.75,620249.75,610028.75,84.0,3.0,5.0,1.0,0.0,10.0,0.0,0.0,0.0,0.0,0.0,10.0,79.0,54.0,195644398.0,42.0,11.0,1230278.5,3303682.75
11230720,휘경1동,동대문구,37.59195627228879,127.06260410145013,521796,3917140000.0,1165165250.0,26749250.0,246936250.0,550628000.0,54164750.0,153367250.0,85028500.0,313377250.0,270833750.0,1050889750.0,13580.0,6428.0,7152.0,1420.0,3601.0,2055.0,1613.0,1886.0,3005.0,7552.0,0.0,732.0,461.0,271.0,48.0,149.0,197.0,197.0,5815782.75,2593371.0,3222411.5,1809647.75,887646.0,694452.0,724933.0,644971.25,935515.5,815886.0,816036.25,817239.25,821133.75,819630.25,858251.5,867605.5,82.0,2.0,1.0,0.0,0.0,12.0,0.0,0.0,0.0,1.0,3.0,18.0,69.0,57.0,269364510.0,37.0,12.0,1725857.0,4089925.5
11230730,휘경2동,동대문구,37.58663866455317,127.06582643327617,1113609,2026408000.0,518102250.0,24468000.0,5250500.0,437830750.0,194914000.0,84588250.0,28520000.0,305672500.0,78194750.0,348867000.0,24158.0,12015.0,12143.0,2811.0,5838.0,3023.0,3127.0,3560.0,5799.0,12643.0,0.0,1097.0,562.0,535.0,135.0,243.0,296.0,273.0,4325199.25,2075121.25,2250078.25,1354870.75,539700.25,527225.25,516248.25,469189.75,632718.0,618162.5,618266.25,618799.5,617696.25,605835.75,611697.25,634742.25,84.0,5.0,1.0,1.0,0.0,5.0,0.0,0.0,0.0,0.0,0.0,27.0,210.0,59.0,240740232.0,122.0,6.0,1246439.5,3078760.25
11230740,이문1동,동대문구,37.59737235630449,127.06044581582486,1039602,3514724500.0,976546000.0,41346000.0,8177250.0,388260000.0,152278250.0,71400500.0,98435500.0,190042500.0,179169750.0,1409068750.0,17724.0,8739.0,8985.0,1705.0,5173.0,2026.0,1959.0,2472.0,4389.0,10654.0,0.0,1106.0,484.0,622.0,208.0,300.0,318.0,210.0,10193823.0,4617320.5,5576502.0,3653644.5,1372258.5,1148160.75,1176243.75,1199062.0,1577240.25,1453251.75,1470917.75,1470643.75,1468476.25,1442426.0,1435211.5,1452896.5,147.0,5.0,2.0,0.0,0.0,13.0,0.0,0.0,0.0,0.0,1.0,26.0,142.0,52.0,241674717.0,96.0,13.0,2888108.0,7305715.5
11230750,이문2동,동대문구,37.60284654638693,127.06751673938783,723890,1425951750.0,620182750.0,15562500.0,3931000.0,217095750.0,0.0,159385500.0,35298500.0,48457000.0,42053000.0,283985750.0,19385.0,9319.0,10066.0,2578.0,2642.0,2322.0,2758.0,3345.0,5740.0,8656.0,0.0,256.0,135.0,121.0,27.0,57.0,59.0,68.0,3384946.75,1585096.0,1799851.0,563815.75,409565.0,536985.5,523522.25,333291.0,513612.0,480466.75,477948.0,475197.75,474247.0,475056.75,494940.25,507091.5,71.0,2.0,0.0,0.0,0.0,6.0,0.0,0.0,0.0,0.0,1.0,17.0,83.0,69.0,392500480.0,131.0,6.0,1002031.75,2382916.25
11260520,면목2동,중랑구,37.58928928012044,127.07784189317407,763122,3371885250.0,811710250.0,48098500.0,209067750.0,683436250.0,769905750.0,65650750.0,59038250.0,79237250.0,99075500.0,546665000.0,23580.0,11697.0,11883.0,2277.0,2917.0,3417.0,3211.0,4445.0,7313.0,12221.0,0.0,737.0,450.0,287.0,16.0,114.0,178.0,266.0,5440290.75,2593496.25,2846795.5,676880.75,831432.5,840806.75,952560.0,586756.25,850016.0,767154.5,762665.5,764463.75,763582.75,763198.5,798648.0,820578.5,112.0,3.0,0.0,0.0,1.0,11.0,0.0,8.0,0.0,1.0,0.0,25.0,247.0,53.0,169038566.0,0.0,12.0,1619226.5,3821065.0
11260540,면목4동,중랑구,37.5736157956914,127.08537607090588,843466,1084213500.0,448720500.0,8753000.0,54612750.0,83935500.0,27511250.0,105738750.0,50146750.0,53817750.0,48175500.0,202801750.0,18121.0,9021.0,9100.0,1938.0,2212.0,2460.0,2636.0,3198.0,5677.0,8928.0,0.0,768.0,656.0,112.0,6.0,95.0,247.0,328.0,4657417.0,2246044.25,2411372.5,536288.25,687016.5,789776.75,754739.75,511559.75,741308.5,660055.0,656097.0,657563.0,657305.75,651876.0,675856.75,698661.25,61.0,2.0,0.0,0.0,0.0,5.0,0.0,0.0,0.0,0.0,1.0,15.0,195.0,54.0,193480097.0,45.0,5.0,1374518.0,3282896.75
11260550,면목5동,중랑구,37.582522137682346,127.0788764183158,704936,2557723500.0,339166500.0,9184000.0,21461250.0,129227500.0,1704950750.0,54902000.0,18574500.0,76533250.0,22358250.0,181365500.0,14564.0,7254.0,7310.0,2166.0,1503.0,2461.0,2370.0,2359.0,3705.0,6400.0,0.0,962.0,720.0,242.0,55.0,141.0,287.0,260.0,2383047.75,1125498.5,1257549.5,254796.75,379624.5,388605.75,403336.0,251712.0,375267.25,334513.0,332302.5,330758.25,331676.0,330197.5,354464.0,369137.25,42.0,2.0,1.0,0.0,0.0,3.0,0.0,4.0,0.0,0.0,0.0,13.0,150.0,51.0,161532570.0,22.0,3.0,723601.25,1659447.25
11260565,면목본동,중랑구,37.58831704664329,127.08937831220662,849019,4900168750.0,1511929750.0,133898500.0,122687500.0,793040750.0,43290250.0,106682250.0,196647250.0,218237000.0,136157500.0,1637598000.0,32648.0,16095.0,16553.0,2811.0,4744.0,5276.0,4441.0,5854.0,9522.0,17709.0,0.0,811.0,461.0,350.0,49.0,210.0,239.0,219.0,9810360.5,4556704.25,5253656.0,1421243.5,1650209.25,1446436.75,1737412.0,1013575.75,1522689.0,1388458.5,1376900.0,1373869.25,1376376.25,1374534.0,1442625.0,1477597.5,168.0,4.0,2.0,0.0,0.0,18.0,0.0,13.0,0.0,1.0,1.0,30.0,490.0,47.0,161046904.0,0.0,18.0,2920222.5,6890138.0
11260570,면목7동,중랑구,37.57714209472521,127.0927950997119,1236134,4413379500.0,1720772000.0,83338500.0,50427500.0,854228500.0,55909000.0,168852750.0,114887250.0,185965000.0,270058750.0,908940250.0,21190.0,10543.0,10647.0,2094.0,2678.0,3284.0,2861.0,3592.0,6681.0,10540.0,0.0,509.0,306.0,203.0,26.0,74.0,141.0,175.0,6114124.0,2907571.25,3206553.0,717173.5,942499.25,946961.0,1016571.75,645945.5,1000945.5,860983.25,853754.0,856159.5,852515.75,850446.0,906859.75,933407.25,108.0,2.0,2.0,0.0,1.0,11.0,0.0,1.0,0.0,0.0,0.0,18.0,208.0,55.0,206799710.0,0.0,12.0,1840267.0,4273858.5
11260575,면목3?8동,중랑구,37.58448970223218,127.09835186573734,1614117,4458498250.0,1273254000.0,114402250.0,34980250.0,679197000.0,21892500.0,88484750.0,316903500.0,267846500.0,215296750.0,1446240750.0,24375.0,12017.0,12358.0,2142.0,3312.0,3569.0,3169.0,4356.0,7827.0,12782.0,0.0,1762.0,1178.0,584.0,108.0,293.0,486.0,521.0,6242805.75,2941831.25,3300974.5,957841.5,968314.25,953265.0,1026805.5,719521.0,1051453.25,891166.5,888765.0,887545.5,886539.5,883005.5,896809.75,908974.75,150.0,4.0,1.0,1.0,0.0,17.0,0.0,0.0,0.0,1.0,1.0,34.0,244.0,51.0,162903032.0,0.0,18.0,1805784.5,4437022.0
11260580,상봉1동,중랑구,37.601723750827205,127.08943964601414,854219,5005702500.0,2389928500.0,53633750.0,25411500.0,713953250.0,43338500.0,121848750.0,41239000.0,95633250.0,284636750.0,1236079250.0,23195.0,11266.0,11929.0,3239.0,2914.0,3373.0,3269.0,3951.0,6449.0,10132.0,0.0,1611.0,1195.0,416.0,154.0,264.0,346.0,456.0,4635460.5,2159457.25,2476002.75,548529.5,763148.75,698338.75,696798.0,525294.75,746919.0,658644.25,656324.0,653409.75,654988.0,653908.75,670189.5,687995.25,78.0,3.0,1.0,0.0,1.0,8.0,0.0,0.0,0.0,0.0,4.0,12.0,237.0,56.0,232552683.0,24.0,9.0,1358184.75,3277274.75
11260590,상봉2동,중랑구,37.59432158968162,127.08401828830524,677445,9557685750.0,2036372500.0,194623000.0,57117750.0,1234031500.0,637101000.0,67448250.0,673858750.0,767745250.0,395031500.0,3494356250.0,20258.0,9631.0,10627.0,1387.0,4154.0,4749.0,2415.0,2869.0,4684.0,12531.0,0.0,4607.0,3264.0,1343.0,527.0,1201.0,1578.0,1063.0,6962484.75,3216027.25,3746456.75,1368803.25,1499091.0,1014126.25,1050854.5,791982.5,1219187.25,969903.25,965859.25,967734.0,970539.5,988967.5,1065692.75,1033788.5,127.0,4.0,3.0,0.0,1.0,10.0,0.0,0.0,2.0,2.0,1.0,18.0,284.0,41.0,164323561.0,24.0,11.0,2099481.25,4863003.5
11260600,중화1동,중랑구,37.60259335216246,127.08307633450134,641493,1718457750.0,690810500.0,53600500.0,33124250.0,387853750.0,58994500.0,138487250.0,15179000.0,44474250.0,80826750.0,215107000.0,18698.0,9211.0,9487.0,2064.0,2332.0,2956.0,2591.0,3007.0,5748.0,8901.0,0.0,1094.0,579.0,515.0,100.0,242.0,296.0,272.0,4844460.25,2280239.75,2564220.5,590829.25,763172.25,694502.25,727124.75,527520.0,728722.75,696331.5,690101.0,688676.0,686481.5,684104.25,688047.75,710718.5,79.0,2.0,1.0,0.0,1.0,7.0,0.0,0.0,0.0,0.0,0.0,14.0,270.0,54.0,176084174.0,0.0,8.0,1398766.25,3445694.25
11260610,중화2동,중랑구,37.59918398617633,127.07503253581206,1016955,4052176500.0,1297863500.0,68437250.0,68398750.0,417245000.0,58681250.0,47614000.0,187656250.0,373772000.0,117110000.0,1415398500.0,23768.0,12182.0,11586.0,1842.0,3254.0,3585.0,3023.0,4241.0,7823.0,13441.0,0.0,361.0,262.0,99.0,2.0,11.0,126.0,87.0,7723290.0,3795550.0,3927739.5,999378.0,1193613.75,1130836.0,1290917.5,843412.0,1334126.0,1085669.25,1080196.75,1080715.5,1077036.75,1083102.25,1144491.75,1172079.0,123.0,2.0,3.0,0.0,0.0,14.0,0.0,2.0,0.0,0.0,3.0,32.0,269.0,46.0,173970731.0,0.0,14.0,2316570.75,5406720.5
11260620,묵1동,중랑구,37.61372996106673,127.08253374020212,1238436,5025719750.0,1270888500.0,130164750.0,43685250.0,1460028500.0,66695000.0,225438500.0,129416750.0,241805500.0,270033000.0,1187564000.0,33661.0,16051.0,17610.0,4651.0,4688.0,4558.0,5110.0,5530.0,9124.0,14934.0,0.0,1165.0,548.0,617.0,89.0,292.0,366.0,296.0,6986751.25,3210484.25,3776267.25,919699.25,993008.0,1048929.75,1067449.5,767651.75,1143060.75,984529.75,980899.75,981156.0,979673.25,979796.5,1026735.75,1053961.25,144.0,4.0,2.0,0.0,2.0,11.0,0.0,0.0,0.0,0.0,0.0,34.0,451.0,58.0,211861425.0,173.0,13.0,2080697.0,4906055.25
11260630,묵2동,중랑구,37.61082503349898,127.07462517776843,669204,3795885750.0,836266750.0,110647750.0,154171250.0,695245750.0,265047750.0,76058000.0,246448750.0,280461750.0,89601750.0,1041936250.0,18004.0,8791.0,9213.0,1811.0,2385.0,2649.0,2549.0,3090.0,5520.0,9142.0,0.0,1255.0,888.0,367.0,176.0,319.0,303.0,364.0,5178414.0,2402647.5,2775766.5,754079.5,792552.25,813099.75,865946.25,578160.0,875459.5,724869.75,723834.75,726198.25,721558.25,726898.5,772405.5,782647.75,92.0,3.0,4.0,0.0,0.0,7.0,0.0,0.0,1.0,0.0,1.0,19.0,246.0,48.0,179173771.0,0.0,7.0,1555053.25,3623359.5
11260655,망우본동,중랑구,37.60213219711104,127.10744593079299,2948109,7087806750.0,1800184250.0,229315750.0,163665250.0,1925398250.0,194374500.0,288070500.0,288210250.0,309935250.0,235394500.0,1653258250.0,36438.0,17968.0,18470.0,4656.0,4442.0,6133.0,5059.0,5632.0,10516.0,18113.0,0.0,1426.0,768.0,658.0,100.0,257.0,342.0,486.0,11423050.5,5277334.0,6145716.5,1355434.0,1765001.5,1837133.0,1763379.0,1361494.5,1911415.0,1617697.25,1610284.75,1611976.75,1608979.25,1600167.5,1660416.5,1713528.5,238.0,9.0,4.0,1.0,4.0,25.0,0.0,9.0,0.0,2.0,2.0,54.0,270.0,57.0,184330011.0,0.0,30.0,3373945.0,8049105.5
11260660,망우3동,중랑구,37.59188302898037,127.10283411874144,962561,1843035500.0,470241750.0,15785750.0,10194500.0,275181000.0,587703500.0,30886000.0,25901000.0,72876750.0,25210250.0,329055000.0,15615.0,7869.0,7746.0,1418.0,1977.0,1954.0,1959.0,3002.0,5305.0,8150.0,0.0,223.0,129.0,94.0,0.0,13.0,61.0,95.0,3964733.75,1874889.75,2089843.75,497364.75,577193.75,577470.0,710738.75,407830.0,561664.25,566736.25,560772.75,556144.25,557286.0,553984.75,571439.75,598371.75,54.0,1.0,1.0,0.0,1.0,3.0,0.0,3.0,0.0,0.0,0.0,11.0,225.0,49.0,149287198.0,0.0,4.0,1169811.5,2794924.0
11260680,신내1동,중랑구,37.616473193912,127.11042279893698,2606949,5480448000.0,1641706750.0,50408250.0,63865500.0,805451500.0,412018000.0,469481500.0,87555500.0,293445250.0,187029250.0,1469486500.0,37757.0,18186.0,19571.0,6092.0,4249.0,4537.0,5613.0,6197.0,11069.0,14887.0,0.0,2688.0,1277.0,1411.0,473.0,588.0,485.0,724.0,4955296.25,2277664.0,2677633.0,477830.5,692439.0,748405.5,759789.75,532206.0,842343.75,703971.25,697530.0,698865.5,695782.0,702082.25,721251.25,735813.75,160.0,3.0,2.0,1.0,0.0,13.0,0.0,0.0,0.0,0.0,1.0,53.0,196.0,63.0,274216702.0,0.0,14.0,1457065.0,3498231.0
11260690,신내2동,중랑구,37.61098427331462,127.09159130020971,911281,3832026000.0,1720060500.0,52093500.0,22411250.0,513778750.0,18174250.0,506150750.0,34658500.0,215391250.0,148012000.0,601295250.0,19675.0,9292.0,10383.0,2434.0,2125.0,2704.0,2785.0,3320.0,6307.0,8897.0,0.0,1355.0,755.0,600.0,177.0,340.0,333.0,338.0,1695112.5,775637.75,919474.5,165061.5,243304.25,266911.5,269152.75,191948.75,271667.0,244122.75,241137.25,243269.25,241147.75,242153.75,240406.75,242874.25,104.0,6.0,3.0,0.0,0.0,12.0,0.0,0.0,0.0,0.0,0.0,21.0,77.0,68.0,356325541.0,20.0,12.0,483281.0,1211830.75
11290525,성북동,성북구,37.5966849155429,126.99413438628186,2879912,3720581500.0,895092750.0,146109500.0,20430750.0,488524500.0,16988500.0,316928250.0,30854000.0,186025750.0,260922750.0,1358704750.0,15875.0,7372.0,8503.0,1672.0,2533.0,2486.0,2202.0,2730.0,4252.0,8108.0,0.0,20512.0,15615.0,4897.0,2692.0,5039.0,5957.0,5940.0,4200586.0,1894600.0,2305986.5,674515.25,619821.0,641124.0,647184.75,518254.75,695766.5,595759.0,601044.75,603573.0,603619.75,601740.0,599115.0,595734.5,166.0,6.0,4.0,0.0,0.0,6.0,0.0,0.0,0.0,0.0,0.0,55.0,279.0,78.0,313604379.0,213.0,6.0,1194849.5,3005736.5
11290555,삼선동,성북구,37.586557329429894,127.01170699375595,926227,7285723250.0,2955049250.0,135150500.0,53230250.0,1018066000.0,130853000.0,292760250.0,236908750.0,246415500.0,206503000.0,2010786750.0,22125.0,10481.0,11644.0,2473.0,4178.0,3060.0,2974.0,3789.0,5651.0,11391.0,0.0,4986.0,2496.0,2490.0,497.0,1214.0,1546.0,1261.0,10101068.0,4557557.75,5543511.0,2284731.5,1496128.75,1493624.0,1529934.75,1246267.75,1897065.25,1439105.0,1444854.75,1454710.5,1453415.0,1460902.75,1441716.75,1406362.25,163.0,7.0,5.0,0.0,0.0,14.0,0.0,0.0,0.0,0.0,2.0,46.0,217.0,60.0,250711937.0,174.0,14.0,2848079.0,7252988.0
11290575,동선동,성북구,37.59364726779841,127.01851329837635,724957,11231758750.0,1445340500.0,480878750.0,81807000.0,2405818250.0,38875750.0,540186500.0,668536250.0,1133197500.0,571579750.0,3865538500.0,14977.0,6196.0,8781.0,1236.0,4651.0,2419.0,1762.0,1909.0,3000.0,9625.0,0.0,2040.0,1007.0,1033.0,261.0,423.0,468.0,516.0,7729481.75,3130998.25,4598483.0,2253347.75,1123802.25,974813.75,943583.5,961399.75,1421422.5,1082265.5,1095756.5,1105917.0,1102253.0,1112568.5,1123927.75,1106793.25,146.0,1.0,4.0,0.0,1.0,13.0,0.0,0.0,1.0,0.0,1.0,19.0,180.0,53.0,181189828.0,28.0,14.0,2230721.0,5498760.5
11290580,돈암1동,성북구,37.599754918077274,127.02440331435467,488898,982803250.0,277707750.0,18154750.0,1896750.0,194698500.0,4400750.0,148619000.0,680750.0,34386750.0,65413000.0,236845250.0,14260.0,6652.0,7608.0,1740.0,1842.0,1866.0,1829.0,2593.0,4390.0,6052.0,0.0,228.0,106.0,122.0,66.0,70.0,47.0,33.0,2278468.25,1014635.75,1263832.5,276164.0,284611.25,320326.25,373795.5,241002.0,355524.75,324233.0,323775.0,325423.5,323796.0,323224.25,328906.5,329109.25,42.0,1.0,0.0,0.0,0.0,2.0,0.0,0.0,0.0,0.0,0.0,15.0,90.0,68.0,335447080.0,98.0,2.0,658015.75,1620451.75
11290590,돈암2동,성북구,37.59708092788348,127.01159540593008,518335,902229750.0,223074250.0,15458750.0,0.0,98462250.0,187000.0,174622000.0,3160000.0,151676250.0,132898250.0,102691000.0,23417.0,11070.0,12347.0,4248.0,2683.0,2749.0,3857.0,4362.0,5518.0,8521.0,0.0,552.0,334.0,218.0,85.0,133.0,175.0,99.0,2782877.75,1254810.0,1528067.25,290537.0,345015.75,498124.0,442963.5,272523.5,445786.5,385663.0,383052.75,386347.75,383236.75,382901.75,421787.5,439888.5,88.0,4.0,2.0,0.0,0.0,4.0,0.0,0.0,1.0,0.0,0.0,38.0,130.0,78.0,419147665.0,225.0,4.0,861676.0,1921202.0
11290600,안암동,성북구,37.58772606240176,127.02721861973257,1379571,6788469250.0,1321940500.0,55634000.0,62764750.0,1166966250.0,64475500.0,79440000.0,256234250.0,454462250.0,297531250.0,3029020500.0,14869.0,7492.0,7377.0,1094.0,5477.0,2031.0,1398.0,1902.0,2967.0,9778.0,0.0,1916.0,1309.0,607.0,234.0,524.0,570.0,423.0,7634961.75,3726982.75,3907979.5,3080183.75,990613.5,742228.5,788382.0,1074554.25,1281377.5,1139330.5,1155292.0,1161681.75,1161297.0,1090964.75,969222.5,957174.5,167.0,4.0,6.0,1.0,1.0,10.0,0.0,0.0,0.0,0.0,1.0,35.0,131.0,56.0,192016146.0,26.0,12.0,1926397.0,5708566.0
11290610,보문동,성북구,37.58282624761276,127.01913329976148,553006,3153472500.0,597136500.0,43516000.0,24749000.0,196385500.0,1330455500.0,64812250.0,37888750.0,124955250.0,61126000.0,672447750.0,16145.0,7748.0,8397.0,1933.0,2644.0,2807.0,2275.0,2686.0,3800.0,8126.0,0.0,4757.0,3566.0,1191.0,459.0,1409.0,998.0,996.0,5282001.75,2428397.75,2853604.25,957977.25,837626.75,795368.5,829467.25,581811.25,830579.0,750687.25,747989.75,749120.5,748829.0,747544.0,758950.0,778881.5,77.0,4.0,4.0,0.0,0.0,6.0,0.0,0.0,0.0,1.0,2.0,10.0,128.0,57.0,253619175.0,142.0,6.0,1537831.5,3744170.5
11290620,정릉1동,성북구,37.60327909170645,127.01698686701162,412365,1614035750.0,525299500.0,5199000.0,11982500.0,204289750.0,142960000.0,153238500.0,14240500.0,127518500.0,51860250.0,377447250.0,17732.0,8501.0,9231.0,2848.0,2228.0,2325.0,2923.0,2859.0,4549.0,7342.0,0.0,489.0,277.0,212.0,41.0,87.0,114.0,149.0,4437720.75,2011042.25,2426679.25,500328.5,533758.75,754249.75,684991.75,469387.25,752259.5,624591.75,618643.25,619031.75,617390.25,616651.5,661417.75,679995.5,63.0,2.0,0.0,0.0,0.0,6.0,0.0,0.0,0.0,0.0,0.0,19.0,129.0,64.0,282449873.0,40.0,6.0,1341413.25,3096308.5
11290630,정릉2동,성북구,37.60367644346763,127.00850480334412,1094889,3786725000.0,1392431000.0,45944000.0,54592250.0,629244000.0,384156250.0,155737250.0,76267250.0,203169000.0,150410000.0,694774000.0,22510.0,10838.0,11672.0,2837.0,3023.0,2989.0,3163.0,3828.0,6670.0,9902.0,0.0,1084.0,446.0,638.0,152.0,281.0,308.0,245.0,5622647.75,2585646.25,3037001.5,754054.5,775484.0,900285.75,877288.25,553766.5,864302.75,791385.25,791326.5,790576.25,788641.75,784991.25,826442.75,849284.0,110.0,4.0,3.0,0.0,0.0,6.0,0.0,0.0,0.0,0.0,1.0,50.0,445.0,61.0,172918375.0,1.0,6.0,1675726.75,3946921.0
11290640,정릉3동,성북구,37.61210087867798,126.99458621233279,3327126,2218703250.0,857041500.0,26256750.0,20750500.0,87474750.0,109717000.0,82241750.0,82739250.0,89861500.0,58572750.0,804047500.0,14934.0,7431.0,7503.0,1346.0,3370.0,1799.0,1548.0,2287.0,4584.0,8201.0,0.0,281.0,234.0,47.0,36.0,97.0,75.0,51.0,2677771.5,1312650.75,1365121.25,762545.5,295105.25,299203.75,351262.25,301742.25,430261.0,377339.75,379169.75,379195.5,380310.75,375503.25,388539.25,397713.0,124.0,4.0,1.0,0.0,0.0,2.0,0.0,0.0,0.0,0.0,0.0,38.0,227.0,55.0,137578168.0,0.0,2.0,786252.25,1891519.0
11290650,정릉4동,성북구,37.6239488858616,126.99490252916794,3570914,3593458000.0,1066681500.0,46346250.0,10173750.0,517470250.0,787526250.0,125380500.0,51705000.0,128977500.0,84554250.0,774642750.0,24009.0,11457.0,12552.0,3160.0,3050.0,2863.0,3583.0,4243.0,7110.0,10737.0,0.0,1020.0,642.0,378.0,52.0,150.0,256.0,350.0,3357450.75,1526210.0,1831241.0,543335.5,401731.5,495962.0,510677.25,336426.5,495899.75,475374.5,479303.0,478132.75,476804.5,466321.5,483123.0,498391.0,133.0,7.0,3.0,0.0,0.0,12.0,0.0,0.0,0.0,0.0,1.0,40.0,375.0,63.0,191431798.0,0.0,12.0,981514.0,2375936.25
11290660,길음1동,성북구,37.608225098062775,127.01974004643085,797310,4598410000.0,2065248000.0,62416000.0,23927250.0,578822250.0,1872000.0,599966500.0,68183500.0,174101750.0,216104500.0,807768250.0,34792.0,16426.0,18366.0,7906.0,3417.0,3683.0,7214.0,5810.0,6762.0,12458.0,0.0,3772.0,1845.0,1927.0,1326.0,931.0,630.0,413.0,6217286.75,2767444.25,3449842.5,609273.25,653034.0,1168348.0,896532.75,653042.0,1072009.25,874027.5,874051.0,875205.0,876568.75,876280.75,915431.0,925721.25,129.0,3.0,4.0,0.0,0.0,10.0,0.0,1.0,0.0,0.0,1.0,26.0,168.0,80.0,555071069.0,878.0,10.0,1841152.25,4376133.0
11290685,길음2동,성북구,37.60828669338947,127.02715815844054,588002,5900544500.0,398707250.0,94039750.0,26404000.0,925476250.0,94888250.0,365057000.0,821500.0,2901258000.0,238151000.0,855741500.0,21666.0,10347.0,11319.0,4065.0,2507.0,2856.0,3847.0,3714.0,4677.0,8617.0,0.0,303.0,110.0,193.0,8.0,59.0,96.0,106.0,4976708.75,2212249.25,2764458.5,574804.75,667330.0,910629.0,781753.25,573954.0,882951.0,686948.0,687845.5,693154.75,688598.5,695557.25,760660.5,763944.25,112.0,5.0,0.0,0.0,3.0,14.0,0.0,0.0,0.0,0.0,0.0,23.0,64.0,72.0,503395171.0,313.0,17.0,1524604.75,3452104.0
11290705,종암동,성북구,37.59743703440874,127.03386916402484,1404527,6951724750.0,2509653250.0,50073500.0,40034500.0,1006311000.0,520393000.0,436892500.0,92688250.0,420403500.0,246382500.0,1628892750.0,37648.0,18608.0,19040.0,5498.0,5426.0,4572.0,5812.0,6302.0,10038.0,17012.0,0.0,17974.0,9486.0,8488.0,1535.0,4580.0,6381.0,5138.0,10952724.25,5068615.5,5884108.75,1850449.75,1384639.75,1629614.25,1650378.25,1226613.25,1779571.25,1551444.5,1551092.5,1552128.0,1554256.25,1541574.25,1587614.25,1614614.0,189.0,7.0,2.0,0.0,1.0,17.0,0.0,0.0,0.0,0.0,0.0,56.0,324.0,60.0,262472736.0,291.0,18.0,3202228.25,7750495.5
11290715,월곡1동,성북구,37.60783366466426,127.03654664097249,801757,2820820250.0,694353500.0,27654000.0,320659500.0,366037000.0,439213500.0,226855500.0,39551750.0,92276750.0,76309500.0,537909250.0,25580.0,12324.0,13256.0,4029.0,2818.0,3214.0,4144.0,4342.0,7033.0,10775.0,0.0,1348.0,854.0,494.0,39.0,147.0,285.0,292.0,8189933.5,3798960.75,4390972.0,1038817.0,1041833.5,1311660.0,1269261.25,1029077.5,1407253.75,1175063.25,1175353.0,1181112.0,1171854.0,1158686.5,1156626.0,1171238.25,108.0,2.0,3.0,0.0,0.0,10.0,0.0,0.0,0.0,1.0,0.0,30.0,165.0,65.0,327301568.0,113.0,10.0,2327864.25,5862068.75
11290725,월곡2동,성북구,37.60322653240499,127.0454002002377,1364901,5816435500.0,1681410750.0,179149250.0,24880000.0,857740000.0,498609250.0,144493250.0,148358500.0,360912000.0,254072750.0,1666809750.0,18900.0,8965.0,9935.0,2131.0,3483.0,2565.0,2489.0,2953.0,5279.0,9649.0,0.0,4503.0,2851.0,1652.0,732.0,1280.0,1101.0,798.0,6289909.25,2833194.75,3456714.0,1137576.5,877261.25,867374.75,952548.0,754372.0,1066016.0,893642.25,894216.25,901030.5,901166.5,886207.5,894711.75,918933.5,135.0,6.0,4.0,0.0,0.0,12.0,0.0,0.0,0.0,0.0,2.0,34.0,112.0,62.0,258710010.0,80.0,12.0,1813645.25,4476263.0
11290760,장위1동,성북구,37.61510185456549,127.0446598787933,708546,1664034500.0,517466000.0,15454750.0,20501250.0,145482250.0,266612500.0,62010250.0,70589000.0,79970750.0,55142750.0,430805000.0,23354.0,11327.0,12027.0,3194.0,3016.0,3150.0,3511.0,4103.0,6380.0,10588.0,0.0,394.0,220.0,174.0,68.0,85.0,110.0,85.0,6552491.0,2995607.5,3556883.0,785500.75,879799.25,964996.5,1111739.25,679570.0,950277.75,933067.0,927179.5,925342.5,924242.5,916826.25,943890.75,981942.75,103.0,4.0,1.0,0.0,0.0,8.0,0.0,0.0,0.0,0.0,0.0,37.0,481.0,50.0,155488309.0,0.0,8.0,1925833.5,4626657.75
11290770,장위2동,성북구,37.612350879105215,127.05189551729269,679894,2295591750.0,543760000.0,57856750.0,115708000.0,307697750.0,592876500.0,34228250.0,51165750.0,69157750.0,55557500.0,467583500.0,13080.0,6397.0,6683.0,1253.0,1748.0,1781.0,1629.0,2262.0,4407.0,6575.0,0.0,608.0,423.0,185.0,3.0,94.0,182.0,166.0,5577223.0,2496282.5,3080940.75,759167.5,853251.5,835105.25,910327.25,603164.0,882549.5,795767.5,788052.25,798899.0,790657.5,792047.5,792247.5,819552.0,89.0,3.0,2.0,0.0,0.0,11.0,0.0,0.0,0.0,0.0,1.0,27.0,202.0,53.0,179903942.0,0.0,11.0,1611799.5,3965423.75
11290780,장위3동,성북구,37.618260668448144,127.05345140283231,652601,1525154000.0,537267000.0,17846000.0,20770000.0,142509000.0,280615750.0,96160750.0,6658500.0,58546750.0,34876500.0,329903750.0,15519.0,7611.0,7908.0,2784.0,1948.0,2233.0,2635.0,2529.0,3390.0,6445.0,0.0,275.0,169.0,106.0,31.0,53.0,62.0,73.0,3703049.25,1782319.0,1920730.0,511661.75,542816.25,600201.5,586669.75,417807.75,609186.0,524611.25,522456.5,525146.5,522016.75,522734.0,538090.5,547994.25,82.0,1.0,0.0,0.0,0.0,5.0,0.0,1.0,0.0,0.0,0.0,39.0,85.0,63.0,326278598.0,151.0,5.0,1086084.75,2616965.0
11290810,석관동,성북구,37.60827386641208,127.06136066360749,1705061,6260089250.0,1907569750.0,69144000.0,98123000.0,893731250.0,62002000.0,482413750.0,287000500.0,275748750.0,226301000.0,1958055250.0,33768.0,16684.0,17084.0,3630.0,4580.0,4600.0,4597.0,5650.0,10711.0,16597.0,0.0,1564.0,1222.0,342.0,13.0,172.0,268.0,323.0,10243020.5,4770050.25,5472970.0,1614518.0,1437145.75,1466363.0,1661551.75,1103940.75,1632569.0,1453663.25,1452131.75,1452196.75,1453984.5,1447321.0,1473518.75,1510204.25,154.0,6.0,3.0,0.0,0.0,16.0,0.0,1.0,0.0,2.0,2.0,32.0,402.0,51.0,200562779.0,153.0,16.0,2983723.0,7259297.25
11305534,삼양동,강북구,37.623803893509766,127.01492989664489,924092,3511321250.0,1640619250.0,39491000.0,95860000.0,773736250.0,223764000.0,169389750.0,43303500.0,133006250.0,84396250.0,307755000.0,22402.0,11147.0,11255.0,2574.0,2809.0,2595.0,3062.0,4170.0,7192.0,10805.0,0.0,115.0,89.0,26.0,3.0,11.0,28.0,35.0,11149774.25,5275569.5,5874205.25,1359409.5,1391757.75,1790009.0,1838701.0,1206559.25,1828782.25,1569410.25,1555805.0,1556258.75,1548212.25,1549971.75,1657453.0,1712663.5,165.0,4.0,1.0,0.0,0.0,14.0,0.0,0.0,0.0,0.0,3.0,34.0,389.0,54.0,154930571.0,4.0,14.0,3370116.5,7779658.0
11305535,미아동,강북구,37.62864018743246,127.02638390140943,841204,5718548000.0,1036640750.0,301229500.0,98329500.0,1928426750.0,284785000.0,70828500.0,187211750.0,192200750.0,206550750.0,1412344750.0,20841.0,9966.0,10875.0,1702.0,3520.0,2708.0,2628.0,3535.0,6748.0,11645.0,0.0,602.0,363.0,239.0,27.0,98.0,215.0,196.0,7761570.0,3491121.25,4270448.5,1388312.0,1048655.0,1075210.5,1302374.25,901321.75,1230396.25,1107218.75,1104590.25,1104394.5,1104779.0,1104256.5,1116434.0,1119897.25,144.0,3.0,3.0,0.0,1.0,14.0,0.0,0.0,0.0,0.0,1.0,28.0,445.0,48.0,135422312.0,0.0,15.0,2236331.25,5525239.0
11305545,송중동,강북구,37.617673512388606,127.0329835271576,1075796,8787232250.0,1389769500.0,151705500.0,469859750.0,2529910750.0,251977250.0,182497250.0,462620000.0,424089750.0,343643500.0,2581159000.0,28576.0,13737.0,14839.0,3126.0,3770.0,3735.0,4089.0,4933.0,8923.0,13802.0,0.0,998.0,495.0,503.0,39.0,141.0,339.0,302.0,11641666.25,5236198.25,6405467.5,1561977.0,1537416.0,1763519.0,1966257.25,1336581.0,1956829.0,1648218.25,1646358.25,1648405.0,1642090.75,1650053.0,1706655.25,1699886.75,212.0,4.0,1.0,0.0,2.0,18.0,1.0,0.0,1.0,0.0,0.0,69.0,518.0,54.0,173873411.0,177.0,20.0,3406542.0,8235125.25
11305555,송천동,강북구,37.61818905650258,127.02490771890918,929913,4602172750.0,1339098000.0,100182250.0,27219000.0,939145000.0,144854000.0,188775750.0,93329000.0,232150000.0,241131750.0,1296288000.0,24748.0,12287.0,12461.0,2087.0,2986.0,2909.0,3147.0,4586.0,9033.0,13030.0,0.0,388.0,236.0,152.0,0.0,19.0,52.0,134.0,10740467.25,4897924.0,5842543.0,1164143.0,1276564.25,1577786.75,1864581.25,1277461.5,1729542.5,1536456.75,1528219.75,1528343.5,1523147.0,1521571.0,1536476.0,1566254.0,164.0,9.0,5.0,0.0,1.0,17.0,0.0,2.0,0.0,0.0,1.0,24.0,374.0,51.0,191442343.0,78.0,18.0,3102730.0,7637738.0
11305575,삼각산동,강북구,37.617163401594155,127.01652563113765,621911,2677963500.0,1092031250.0,26493250.0,26917500.0,313621250.0,1242750.0,325812500.0,19593000.0,101684000.0,167199000.0,603369000.0,30604.0,14688.0,15916.0,6040.0,3295.0,3197.0,5643.0,5510.0,6919.0,11515.0,0.0,374.0,201.0,173.0,65.0,106.0,125.0,56.0,2999863.5,1372112.0,1627751.25,271531.5,317617.5,514354.5,479305.25,341328.75,509390.25,420315.75,418439.25,419922.0,416894.0,416286.0,447350.25,460657.25,114.0,2.0,1.0,0.0,0.0,9.0,0.0,0.0,0.0,0.0,0.0,36.0,132.0,84.0,526437193.0,414.0,9.0,908007.5,2091857.0
11305595,번1동,강북구,37.63755892469418,127.03061306222838,627036,7402336000.0,837720750.0,174728750.0,36344250.0,2330621500.0,579077750.0,212244000.0,269007000.0,716109750.0,479836000.0,1766646250.0,17358.0,8652.0,8706.0,1339.0,2827.0,2519.0,2518.0,2901.0,5254.0,10159.0,0.0,1944.0,1235.0,709.0,176.0,398.0,383.0,558.0,6527570.5,3031940.75,3495630.0,1240644.25,954763.0,966753.75,1066453.5,763880.5,1074096.25,928133.25,925391.25,924979.75,925027.5,930456.75,941541.75,952040.25,136.0,3.0,3.0,0.0,1.0,14.0,0.0,0.0,1.0,0.0,0.0,30.0,202.0,49.0,128086833.0,0.0,15.0,1893582.0,4633988.5
11305603,번2동,강북구,37.629484948872644,127.03474467194721,974298,1093011500.0,246202000.0,3115750.0,12113500.0,129688000.0,391556500.0,36038000.0,5701000.0,122251000.0,19022750.0,127323000.0,14866.0,7134.0,7732.0,1327.0,1830.0,1585.0,1928.0,2530.0,5666.0,7425.0,0.0,364.0,174.0,190.0,40.0,37.0,110.0,126.0,2747258.5,1291583.5,1455675.25,333317.25,343795.0,381631.0,468747.0,281506.5,394200.25,389984.5,387675.0,384986.75,385051.0,383291.25,400099.5,416170.25,110.0,5.0,0.0,0.0,0.0,7.0,0.0,0.0,0.0,1.0,0.0,54.0,501.0,45.0,101304348.0,0.0,7.0,816269.75,1930988.5
11305608,번3동,강북구,37.62368917919007,127.04218425533922,1081177,1848028500.0,937085750.0,58680000.0,8670750.0,138985750.0,71201500.0,81743250.0,13694000.0,101356750.0,14250750.0,422360000.0,16356.0,7614.0,8742.0,1795.0,1693.0,1605.0,2139.0,2765.0,6359.0,7665.0,0.0,262.0,143.0,119.0,26.0,40.0,65.0,77.0,3133813.75,1418804.75,1715008.25,307189.5,346746.5,457082.25,534735.25,327319.25,488040.5,447988.0,446869.75,445433.0,442446.0,441439.25,448591.75,461045.5,95.0,3.0,1.0,0.0,0.0,8.0,0.0,0.0,0.0,0.0,0.0,37.0,90.0,58.0,229654462.0,0.0,8.0,909637.25,2224176.0
11305615,수유1동,강북구,37.629732905721454,127.01001447423751,1649963,4851875000.0,2046402000.0,187772000.0,139718000.0,412679000.0,584461750.0,27481750.0,50174500.0,349812750.0,201112500.0,852260750.0,19842.0,9710.0,10132.0,1918.0,2797.0,2644.0,2591.0,3325.0,6567.0,10418.0,0.0,944.0,421.0,523.0,49.0,139.0,286.0,327.0,5756902.25,2699176.5,3057725.75,839054.5,742746.25,822301.0,925413.0,658461.75,851132.5,822501.25,816199.75,813927.5,813129.25,810631.5,825209.75,855302.75,153.0,4.0,2.0,0.0,0.0,12.0,0.0,1.0,0.0,0.0,1.0,40.0,472.0,50.0,125457938.0,0.0,12.0,1680512.5,4076389.25
11305625,수유2동,강북구,37.64541789161528,127.01936463190101,581617,2306310500.0,778309000.0,52856750.0,34748750.0,272700250.0,98113750.0,71463750.0,67273250.0,162659000.0,70925750.0,697260250.0,20502.0,9717.0,10785.0,2064.0,2590.0,2319.0,2733.0,3547.0,7249.0,9767.0,0.0,1314.0,728.0,586.0,1.0,14.0,255.0,435.0,5223599.0,2344033.0,2879565.75,701500.5,612251.25,795230.25,899034.75,606539.25,937954.75,738175.25,733106.0,728892.0,728272.25,727892.75,769185.5,798075.75,85.0,3.0,0.0,0.0,0.0,12.0,0.0,0.0,0.0,0.0,1.0,15.0,382.0,52.0,139567075.0,0.0,12.0,1567261.25,3656338.25
11305635,수유3동,강북구,37.64049777793631,127.0234422357564,745645,11215877250.0,1829982500.0,202759500.0,92717500.0,1797887250.0,448716750.0,77359750.0,1057706000.0,811752500.0,547993750.0,4349001750.0,22988.0,11301.0,11687.0,1593.0,4229.0,3326.0,2913.0,3923.0,7004.0,13528.0,0.0,2732.0,1420.0,1312.0,178.0,698.0,755.0,791.0,9418944.0,4401073.5,5017870.5,2013960.75,1406790.0,1424117.75,1494153.0,1110537.0,1713544.5,1316889.0,1313827.0,1325651.25,1326668.75,1358205.5,1401305.75,1376396.25,158.0,4.0,6.0,0.0,1.0,16.0,0.0,0.0,1.0,0.0,1.0,30.0,389.0,50.0,125310129.0,0.0,17.0,2777702.0,6641241.5
11305645,우이동,강북구,37.66034876374321,127.00048732938123,10587752,3684482750.0,902399750.0,48101750.0,23575250.0,181681250.0,71114000.0,19661000.0,81479500.0,197114750.0,557615750.0,1601739750.0,19766.0,9445.0,10321.0,2065.0,2304.0,2383.0,2607.0,3519.0,6888.0,9518.0,0.0,1810.0,1172.0,638.0,30.0,78.0,239.0,466.0,3834373.5,1675856.25,2158517.5,543991.75,464047.75,584597.0,625424.75,434421.5,593348.25,538520.5,536810.5,537563.75,535274.0,530161.25,569441.0,586603.0,132.0,2.0,0.0,0.0,0.0,7.0,0.0,0.0,0.0,0.0,3.0,54.0,545.0,58.0,144599549.0,11.0,7.0,1156044.0,2678330.0
11305660,인수동,강북구,37.637400665631354,127.00354621327511,2998011,2611875500.0,1023863500.0,49467750.0,50094500.0,295214500.0,234455750.0,97682750.0,71668250.0,79685750.0,79418250.0,630324500.0,29069.0,14019.0,15050.0,3074.0,3468.0,3443.0,3874.0,4989.0,10221.0,14159.0,0.0,2893.0,1782.0,1111.0,194.0,570.0,800.0,921.0,8105140.5,3721222.5,4383917.5,970298.75,966105.5,1189615.25,1304614.0,854436.5,1237605.5,1152087.0,1144219.5,1141586.0,1137067.5,1134942.5,1179369.75,1215868.25,175.0,13.0,2.0,1.0,2.0,14.0,0.0,1.0,0.0,0.0,0.0,57.0,770.0,54.0,133012223.0,0.0,17.0,2395238.0,5709902.5
11320511,창1동,도봉구,37.647087273938055,127.0435459008094,1122171,3697629250.0,892134750.0,34195000.0,24303250.0,915122500.0,142778250.0,100466000.0,85670000.0,192924250.0,211510000.0,1098525250.0,23774.0,11340.0,12434.0,3055.0,2927.0,3114.0,3534.0,4185.0,6959.0,10766.0,0.0,785.0,351.0,434.0,101.0,161.0,216.0,220.0,3516314.75,1634966.5,1881348.0,456441.5,507488.0,517254.5,574381.75,414366.25,584021.5,498518.5,496427.25,499347.75,496046.75,499839.5,507478.5,518657.0,94.0,3.0,2.0,0.0,0.0,7.0,0.0,0.0,0.0,0.0,1.0,28.0,171.0,66.0,259467213.0,6.0,7.0,1026135.5,2490179.75
11320512,창2동,도봉구,37.642512582863006,127.03676757307781,654442,3426495250.0,1138668500.0,46627500.0,13258500.0,808820000.0,212251250.0,117530250.0,91603750.0,225148000.0,137801000.0,634786500.0,28172.0,13658.0,14514.0,3392.0,3737.0,3782.0,4103.0,4947.0,8211.0,12509.0,0.0,1070.0,633.0,437.0,112.0,255.0,307.0,263.0,10733855.25,4973173.0,5760681.75,1510388.0,1565711.0,1654222.75,1655078.5,1075947.5,1640275.75,1516809.75,1505527.5,1503058.25,1500072.0,1493061.75,1580627.25,1634699.25,95.0,3.0,0.0,0.0,1.0,8.0,0.0,0.0,0.0,0.0,0.0,44.0,456.0,53.0,155108707.0,0.0,9.0,3215326.5,7518529.25
11320513,창3동,도봉구,37.63729423171835,127.0417274267324,655485,1410860000.0,494061500.0,26853500.0,11568750.0,166223250.0,15883000.0,43720250.0,63659250.0,55370500.0,65188750.0,468331250.0,13163.0,6549.0,6614.0,1407.0,1487.0,1503.0,1893.0,2437.0,4436.0,6402.0,0.0,491.0,275.0,216.0,0.0,90.0,226.0,166.0,3485485.75,1615863.5,1869622.5,369977.75,379200.0,546988.75,633052.75,379002.5,561213.0,492790.5,488826.0,490666.25,489401.0,484721.5,508287.0,530794.0,66.0,1.0,0.0,0.0,0.0,7.0,0.0,1.0,0.0,0.0,0.0,25.0,179.0,50.0,134179521.0,0.0,7.0,1039081.0,2446405.25
11320514,창4동,도봉구,37.65271546809183,127.05091503929981,1140172,3871428750.0,731347250.0,36698750.0,45139250.0,353687500.0,677513250.0,302945750.0,209300250.0,186242500.0,120553750.0,1208000500.0,26168.0,12513.0,13655.0,3711.0,3414.0,3341.0,3902.0,4742.0,7058.0,10984.0,0.0,1820.0,1144.0,676.0,191.0,347.0,451.0,504.0,3586743.75,1678527.25,1908216.0,424358.75,475008.0,544083.25,611618.5,410689.0,545712.0,504805.25,504841.25,506495.75,504928.0,512037.0,523583.75,530052.0,130.0,7.0,4.0,0.0,0.0,8.0,0.0,0.0,0.0,0.0,0.0,51.0,100.0,75.0,445354697.0,116.0,8.0,1053635.75,2533107.25
11320515,창5동,도봉구,37.655367583048815,127.04279145964306,701480,6483958500.0,1154311500.0,191098750.0,83139250.0,1771619250.0,235884750.0,769101750.0,167376750.0,332902750.0,268812750.0,1509711000.0,23884.0,11392.0,12492.0,2882.0,3199.0,3393.0,3183.0,4238.0,6989.0,10262.0,0.0,4983.0,3174.0,1809.0,554.0,1117.0,1227.0,1077.0,3776961.75,1717669.75,2059292.5,480538.5,547342.75,551764.25,604654.25,469295.75,714933.5,534482.0,532364.0,531818.0,532078.0,537641.75,557393.75,551183.25,119.0,7.0,3.0,0.0,3.0,12.0,0.0,0.0,2.0,0.0,2.0,24.0,223.0,59.0,240547350.0,181.0,15.0,1108577.0,2668383.75
11320521,도봉1동,도봉구,37.68532087610572,127.02680076230415,8451468,4931265750.0,1496564750.0,45310000.0,22440750.0,261783750.0,885682000.0,33174250.0,161871750.0,495653750.0,89715250.0,1439069500.0,20030.0,9993.0,10037.0,1627.0,2142.0,2046.0,2499.0,3524.0,8192.0,10228.0,0.0,1435.0,1066.0,369.0,0.0,70.0,372.0,604.0,3707496.25,1814700.75,1892796.5,357644.25,423864.5,493337.5,662351.0,426886.5,595105.25,520379.0,520410.5,520740.5,518787.5,517937.0,542161.0,567081.0,122.0,4.0,1.0,0.0,0.0,9.0,0.0,1.0,0.0,0.0,0.0,38.0,420.0,49.0,107137629.0,0.0,9.0,1109242.0,2598254.5
11320522,도봉2동,도봉구,37.681250862632965,127.04770365637533,1119031,2744876500.0,980105500.0,143711250.0,15501750.0,194010250.0,443491500.0,150261500.0,45900250.0,145508750.0,64619000.0,561766750.0,25990.0,12683.0,13307.0,2824.0,2705.0,3335.0,3398.0,4204.0,9524.0,11766.0,0.0,1070.0,694.0,376.0,30.0,118.0,183.0,276.0,3081511.75,1455746.75,1625765.0,302594.5,399736.75,455889.5,515328.25,339414.0,497177.0,438729.0,438106.5,438298.25,435175.0,434603.75,443128.75,453471.0,127.0,8.0,3.0,0.0,0.0,7.0,0.0,0.0,0.0,1.0,3.0,49.0,125.0,65.0,251620881.0,0.0,7.0,896599.75,2184912.5
11320660,쌍문1동,도봉구,37.65306721503059,127.01951393584567,1175774,1887701000.0,821228250.0,21747500.0,34100750.0,209204250.0,161440250.0,84637000.0,18480500.0,136487750.0,19091750.0,381283000.0,20484.0,9807.0,10677.0,2281.0,2632.0,2371.0,2743.0,3678.0,6779.0,9257.0,0.0,872.0,415.0,457.0,72.0,124.0,259.0,273.0,4582060.5,2016714.25,2565346.25,717762.25,528929.25,628442.75,708174.75,511164.0,711848.0,653821.0,654467.5,653349.25,649735.25,629780.0,654676.25,686231.25,126.0,6.0,1.0,0.0,1.0,4.0,0.0,0.0,0.0,0.0,0.0,54.0,382.0,54.0,142247864.0,0.0,5.0,1340907.5,3241153.0
11320670,쌍문2동,도봉구,37.65710846171442,127.03692209518749,541193,4434894000.0,875411250.0,83882000.0,314545750.0,545319000.0,680941000.0,203640250.0,89968500.0,270305250.0,252933750.0,1117947250.0,17905.0,8522.0,9383.0,1919.0,2161.0,2304.0,2455.0,3145.0,5921.0,8451.0,0.0,851.0,508.0,343.0,71.0,138.0,210.0,276.0,4362104.0,1990798.5,2371305.5,511089.25,602352.75,644468.0,709454.5,496596.5,703455.75,623482.0,621823.0,620008.0,619367.5,619250.75,621457.0,636714.5,87.0,3.0,1.0,0.0,1.0,10.0,0.0,0.0,0.0,2.0,0.0,19.0,291.0,53.0,136819848.0,0.0,11.0,1258171.5,3103931.25
11320680,쌍문3동,도봉구,37.64765896613047,127.03058321327215,504805,3134999000.0,866550250.0,87377750.0,90331250.0,562780250.0,29917250.0,36368500.0,101141750.0,168067000.0,181102500.0,1011362500.0,16449.0,7872.0,8577.0,1590.0,2375.0,2361.0,2240.0,2788.0,5095.0,8192.0,0.0,1058.0,475.0,583.0,232.0,249.0,273.0,257.0,5397132.5,2424989.25,2972144.0,749898.25,760864.75,804729.5,831479.0,619257.5,883821.0,768500.0,765721.5,765537.25,761614.25,763396.25,777849.25,794514.25,78.0,3.0,3.0,1.0,0.0,12.0,0.0,0.0,0.0,1.0,1.0,17.0,240.0,54.0,148931274.0,0.0,13.0,1572363.5,3824769.25
11320681,쌍문4동,도봉구,37.65542548189623,127.03041641107438,554868,1746173500.0,848018000.0,26317750.0,82237500.0,164343750.0,0.0,323069500.0,2633750.0,78766500.0,27707750.0,193079000.0,18061.0,8536.0,9525.0,2733.0,2180.0,2113.0,2651.0,3212.0,5172.0,7093.0,0.0,265.0,141.0,124.0,22.0,64.0,78.0,72.0,2391935.75,1107427.5,1284508.25,209977.0,274281.75,357164.0,358614.0,261640.75,384544.0,341754.25,340274.75,335303.0,336473.0,334838.5,344448.5,358843.0,64.0,1.0,0.0,0.0,0.0,4.0,0.0,0.0,0.0,0.0,0.0,23.0,113.0,64.0,226052436.0,1.0,4.0,703291.5,1688643.5
11320690,방학1동,도봉구,37.665043874150136,127.04347705127039,1040857,9318537000.0,3464192000.0,200821000.0,176498750.0,894097750.0,1336754000.0,279662250.0,250167000.0,383071250.0,346480000.0,1986793000.0,27745.0,13722.0,14023.0,3234.0,3491.0,3050.0,3788.0,5097.0,9085.0,12911.0,0.0,3898.0,2269.0,1629.0,390.0,861.0,959.0,1181.0,6462037.75,3023614.75,3438423.25,744856.25,804646.0,990049.5,1149115.75,788999.25,1167382.0,908098.25,903542.75,905386.5,902282.0,905659.5,964329.25,972740.0,148.0,6.0,6.0,0.0,2.0,15.0,0.0,0.0,0.0,0.0,1.0,39.0,286.0,58.0,194926966.0,118.0,17.0,1937069.25,4524969.0
11320700,방학2동,도봉구,37.66918285777328,127.03268894171384,1092814,2596263000.0,1221866750.0,34090000.0,48940250.0,385751250.0,268803500.0,53096500.0,25817000.0,52458000.0,66191500.0,439248250.0,18535.0,9360.0,9175.0,1901.0,2134.0,1972.0,2338.0,3524.0,6666.0,9126.0,0.0,424.0,186.0,238.0,0.0,90.0,111.0,90.0,2653096.75,1268026.25,1385070.5,259423.75,297711.5,374343.75,474291.25,297142.0,448698.25,374986.0,372043.0,370374.25,369454.0,368379.5,393417.0,404442.5,64.0,3.0,0.0,0.0,0.0,7.0,0.0,0.0,0.0,0.0,0.0,23.0,403.0,49.0,115891080.0,0.0,7.0,797859.5,1855236.75
11320710,방학3동,도봉구,37.66319351247468,127.02356270788486,1951026,1812351750.0,365482500.0,16097750.0,3327250.0,285713750.0,16177750.0,131489750.0,24737000.0,137555000.0,89259000.0,742512000.0,26077.0,12624.0,13453.0,4026.0,2742.0,2845.0,3723.0,4468.0,8273.0,9923.0,0.0,1090.0,659.0,431.0,190.0,249.0,255.0,254.0,3256078.75,1528526.25,1727553.0,275966.5,345241.25,478376.25,485880.0,328946.75,474507.25,461427.25,457346.5,455497.75,455860.5,452677.0,476518.5,496751.75,112.0,3.0,3.0,0.0,0.0,6.0,0.0,0.0,0.0,0.0,0.0,47.0,131.0,71.0,252092055.0,0.0,6.0,973270.25,2282809.0
11350560,월계1동,노원구,37.62188938530012,127.05823416319859,1107461,5396729000.0,1209329750.0,48660750.0,19016500.0,1051458500.0,239583000.0,157058750.0,224400250.0,442571000.0,229473250.0,1775177250.0,20526.0,10528.0,9998.0,2380.0,3591.0,2369.0,2836.0,3322.0,6028.0,9969.0,0.0,1264.0,683.0,581.0,192.0,307.0,338.0,248.0,4534764.0,2398134.0,2136630.0,1104672.75,522790.25,577309.5,589120.75,571682.25,766136.25,654567.5,656227.5,661445.0,659547.0,645017.25,630878.0,627083.25,159.0,4.0,2.0,0.0,0.0,10.0,0.0,0.0,0.0,0.0,0.0,59.0,293.0,54.0,174087257.0,0.0,10.0,1257961.25,3276804.25
11350570,월계2동,노원구,37.63397483256615,127.05129877305738,2004785,1863700750.0,720732250.0,25010750.0,4015250.0,233088000.0,0.0,422010000.0,13754750.0,50655750.0,88279750.0,306154250.0,25485.0,12230.0,13255.0,3245.0,2758.0,2828.0,3747.0,4300.0,8607.0,11694.0,0.0,29.0,12.0,17.0,2.0,7.0,8.0,10.0,3653399.0,1630947.75,2022451.25,404907.75,422677.0,571602.25,543101.75,347221.5,466565.75,528632.75,527805.25,526364.0,524201.5,513517.75,505626.75,527251.25,136.0,4.0,0.0,0.0,0.0,5.0,0.0,0.0,0.0,0.0,1.0,64.0,134.0,65.0,314200953.0,114.0,5.0,1032878.0,2620521.25
11350580,월계3동,노원구,37.624417770080306,127.06473828267481,1168283,6836802000.0,5496213750.0,46897250.0,6043750.0,196442500.0,4419000.0,172334250.0,7271250.0,147346750.0,173391750.0,586441750.0,28721.0,13754.0,14967.0,3604.0,3167.0,4255.0,4140.0,4550.0,9005.0,12872.0,0.0,100.0,50.0,50.0,11.0,17.0,27.0,28.0,2402464.5,1103841.0,1298623.75,270058.25,344332.75,371238.0,363413.5,254231.5,380696.25,338374.5,335134.0,334426.25,334611.75,335476.0,360450.75,363991.75,135.0,5.0,3.0,0.0,0.0,8.0,0.0,0.0,0.0,0.0,2.0,47.0,106.0,60.0,403325496.0,69.0,8.0,724442.5,1678022.5
11350595,공릉1동,노원구,37.62421500596216,127.07255425519504,1263261,13771168500.0,3525397750.0,227372500.0,226725000.0,2903004000.0,1569844250.0,218428500.0,244253000.0,695975250.0,480070000.0,3680098250.0,35959.0,17381.0,18578.0,3930.0,6593.0,4943.0,4951.0,5445.0,10097.0,18517.0,0.0,6065.0,3288.0,2777.0,640.0,921.0,1336.0,1667.0,10197529.25,4748740.0,5448789.0,1953910.5,1381664.25,1465392.0,1479317.0,1154634.75,1711734.25,1436580.5,1433813.0,1436314.0,1437349.5,1447313.25,1502098.5,1504061.25,211.0,4.0,6.0,0.0,4.0,21.0,0.0,1.0,0.0,0.0,3.0,54.0,376.0,56.0,179781904.0,0.0,25.0,3006159.75,7191370.25
11350600,공릉2동,노원구,37.63162374762954,127.09431289674852,6983449,8535533500.0,2515939750.0,51659250.0,65806750.0,805210750.0,631921750.0,683430250.0,220521500.0,1057997000.0,336672250.0,2166374250.0,41435.0,20163.0,21272.0,7053.0,6862.0,5438.0,6599.0,6387.0,9096.0,17741.0,0.0,1031.0,479.0,552.0,175.0,257.0,250.0,240.0,8247482.25,3889899.0,4357582.5,1648210.0,1054020.75,1220588.5,1079008.5,930927.75,1317882.0,1168216.0,1168665.25,1171848.25,1172327.25,1171437.25,1189201.5,1205787.0,271.0,7.0,6.0,1.0,0.0,14.0,0.0,1.0,0.0,0.0,1.0,63.0,264.0,67.0,298785366.0,172.0,15.0,2394988.5,5852494.0
11350611,하계1동,노원구,37.63851207605814,127.07507206853384,1527061,7383567500.0,3288394000.0,26811750.0,5419000.0,1065306500.0,521684750.0,349917250.0,15150250.0,310067000.0,334036250.0,1466780750.0,26128.0,12492.0,13636.0,3719.0,4532.0,2631.0,3348.0,4814.0,7084.0,12129.0,0.0,994.0,630.0,364.0,115.0,205.0,254.0,282.0,3607974.25,1700930.25,1907044.0,544939.5,383045.0,494526.75,597630.75,461655.0,567821.0,514783.75,518376.25,520879.75,517758.75,511212.0,503571.25,521391.75,133.0,4.0,3.0,1.0,0.0,9.0,0.0,0.0,0.0,0.0,0.0,41.0,137.0,71.0,319439476.0,139.0,10.0,1024963.0,2583010.5
11350612,하계2동,노원구,37.63504928301639,127.06496276368706,500023,685059500.0,357614000.0,24503000.0,10994250.0,5577500.0,2531750.0,117217250.0,4034750.0,48441000.0,21341250.0,92804750.0,21306.0,10129.0,11177.0,3682.0,2596.0,2462.0,3461.0,3825.0,5280.0,8207.0,0.0,0.0,0.0,0.0,0.0,0.0,0.0,0.0,2482761.0,1110981.5,1371779.75,287150.0,328656.25,419150.0,421147.0,264232.75,396676.5,350094.25,347373.75,350709.25,346510.25,346485.75,366912.5,374676.0,67.0,2.0,1.0,0.0,0.0,4.0,0.0,0.0,0.0,0.0,1.0,28.0,68.0,70.0,430000223.0,146.0,4.0,741588.5,1741173.25
11350619,중계본동,노원구,37.64863166312262,127.08601711008188,2183234,6470693500.0,1668277750.0,38436750.0,5270750.0,771072000.0,411216250.0,2092564500.0,37373750.0,355021250.0,215851000.0,875609500.0,23040.0,11163.0,11877.0,5334.0,2899.0,1645.0,4258.0,4637.0,4267.0,8133.0,0.0,821.0,385.0,436.0,78.0,160.0,216.0,262.0,3816486.5,1732336.75,2084150.0,366436.0,251610.0,687749.0,617611.75,458020.0,737030.75,527623.25,526568.0,525439.5,529013.0,528093.5,592245.0,587504.75,95.0,5.0,2.0,0.0,0.0,7.0,0.0,0.0,0.0,0.0,0.0,21.0,190.0,70.0,302852523.0,382.0,7.0,1179749.75,2636737.25
11350621,중계1동,노원구,37.650144641816766,127.0737013104592,623451,4671801750.0,717425750.0,68356750.0,198536250.0,442190500.0,57402750.0,1888322500.0,16482500.0,372008500.0,76258250.0,834818000.0,26318.0,12840.0,13478.0,6900.0,2811.0,1858.0,5725.0,4881.0,4143.0,8923.0,0.0,1184.0,653.0,531.0,155.0,260.0,357.0,297.0,3773250.25,1741992.5,2031257.5,360997.5,279292.5,663747.5,593001.75,419217.75,652587.0,533378.0,532752.25,532940.75,535285.5,535970.25,555030.25,547891.75,85.0,2.0,3.0,0.0,0.0,7.0,0.0,0.0,0.0,0.0,0.0,18.0,79.0,78.0,588563712.0,429.0,7.0,1102922.0,2670326.75
11350624,중계4동,노원구,37.65936486322478,127.08251623449821,1519449,6471158750.0,2466149000.0,38208250.0,95356500.0,1078834500.0,4382250.0,251798500.0,162977500.0,272399500.0,222418750.0,1878634000.0,19114.0,9151.0,9963.0,2800.0,2288.0,1812.0,2878.0,3591.0,5745.0,8209.0,0.0,1196.0,660.0,536.0,106.0,246.0,285.0,325.0,2831815.75,1328605.5,1503211.0,312838.25,275650.75,412990.75,492617.0,319866.25,481707.0,401313.25,399684.25,398623.0,399502.25,401981.75,415335.75,415377.25,81.0,2.0,3.0,0.0,0.0,14.0,0.0,0.0,0.0,0.0,0.0,6.0,73.0,64.0,296200668.0,12.0,14.0,830713.0,2001104.5
11350625,중계2?3동,노원구,37.64343693097218,127.06589918224572,919083,8900703500.0,5706384250.0,133516750.0,156704750.0,567840750.0,140362250.0,322249750.0,96049750.0,351658750.0,291210750.0,1134725750.0,32502.0,14828.0,17674.0,4195.0,3658.0,3820.0,4805.0,5565.0,10459.0,14980.0,0.0,1194.0,663.0,531.0,158.0,312.0,305.0,305.0,4332230.0,1899650.5,2432579.75,458933.25,548622.5,698513.75,714181.5,483273.0,658026.5,615743.75,613959.25,616242.25,612866.75,610616.25,623179.0,639622.25,142.0,7.0,2.0,0.0,0.0,10.0,0.0,0.0,2.0,0.0,1.0,39.0,90.0,56.0,319511608.0,29.0,10.0,1262801.25,3069428.25
11350630,상계1동,노원구,37.683386860842326,127.06511826338297,5402614,9216686000.0,3098372250.0,51982000.0,200962750.0,930118750.0,326999750.0,279683750.0,178941000.0,367495250.0,364162500.0,3417968000.0,36834.0,17688.0,19146.0,4724.0,4544.0,4401.0,5069.0,6715.0,11381.0,15534.0,0.0,3606.0,2296.0,1310.0,414.0,755.0,866.0,915.0,6781890.25,3102976.0,3678914.75,706394.5,822755.75,965606.25,1142017.0,785247.5,1163169.5,950379.0,941940.5,943049.75,941926.25,943106.0,1015807.25,1045681.0,190.0,5.0,2.0,0.0,0.0,14.0,0.0,0.0,1.0,0.0,1.0,38.0,299.0,63.0,227647807.0,0.0,14.0,2061488.25,4720401.5
11350640,상계2동,노원구,37.656653674401156,127.06710079288861,623125,19775217000.0,1961551750.0,341712750.0,129640500.0,2657659000.0,481698750.0,423908000.0,962460500.0,6095531500.0,858623500.0,5862430750.0,19105.0,9426.0,9679.0,2261.0,2910.0,2133.0,2514.0,3737.0,5550.0,8558.0,0.0,1731.0,857.0,874.0,169.0,276.0,477.0,479.0,10133741.5,4704637.0,5429104.75,1540922.0,1343765.75,1434542.5,1689385.25,1260743.0,1912257.5,1402977.5,1407656.5,1414378.75,1415768.5,1446026.75,1525156.5,1521777.0,182.0,2.0,1.0,0.0,2.0,19.0,0.0,0.0,1.0,0.0,2.0,33.0,160.0,57.0,214606401.0,92.0,21.0,3046933.5,7086808.0
11350665,상계3?4동,노원구,37.67577951652711,127.08422341168567,5211708,1433156500.0,602347000.0,33726500.0,78254500.0,160485000.0,13872000.0,103646500.0,39405500.0,57755250.0,29246000.0,314418250.0,27489.0,13675.0,13814.0,3585.0,3100.0,2909.0,3876.0,4953.0,9066.0,12412.0,0.0,500.0,392.0,108.0,2.0,16.0,138.0,223.0,8335692.0,3897579.75,4438113.0,855406.25,920502.25,1242154.25,1483008.25,912608.25,1410508.0,1165438.5,1156868.75,1155017.5,1153142.75,1151231.5,1259864.75,1294129.25,107.0,4.0,1.0,0.0,0.0,9.0,0.0,0.0,0.0,2.0,1.0,11.0,255.0,55.0,197056774.0,0.0,9.0,2553994.0,5781699.0
11350670,상계5동,노원구,37.66601318533668,127.06999941345407,906891,2560583500.0,975958750.0,65355500.0,128968250.0,142148250.0,52144000.0,136548250.0,93649750.0,136550250.0,123907750.0,705352750.0,22979.0,11152.0,11827.0,2533.0,2909.0,2567.0,2991.0,4369.0,7610.0,10900.0,0.0,1381.0,696.0,685.0,4.0,49.0,246.0,407.0,5482254.5,2490167.5,2992086.75,626003.25,623120.25,766837.25,983643.0,593891.75,923441.75,773546.75,768044.0,767527.75,765031.75,767582.0,810132.0,830391.0,105.0,2.0,1.0,0.0,0.0,11.0,0.0,0.0,0.0,3.0,1.0,36.0,238.0,51.0,146806589.0,0.0,11.0,1640523.0,3841732.25
11350695,상계6?7동,노원구,37.648665731816386,127.06010209231592,1450295,15481279000.0,1675325000.0,187928250.0,71127250.0,8223808750.0,10282250.0,1004035000.0,407484000.0,867607000.0,929980000.0,2103701500.0,31400.0,14467.0,16933.0,4531.0,4011.0,4657.0,4833.0,5511.0,7857.0,13887.0,0.0,4965.0,2197.0,2768.0,701.0,1166.0,1280.0,1265.0,6258197.0,2726538.5,3531658.75,840232.0,922989.0,973704.75,1040986.25,842246.25,1093735.75,895631.75,894576.25,901429.25,900458.5,909276.5,894763.0,862062.0,253.0,9.0,11.0,1.0,1.0,29.0,0.0,0.0,1.0,0.0,0.0,40.0,153.0,56.0,391339869.0,20.0,31.0,1756825.0,4501372.25
11350700,상계8동,노원구,37.666526368099404,127.05350866498591,666348,1783933000.0,581950750.0,50481500.0,13782000.0,316234750.0,3310250.0,269574500.0,7192250.0,160405500.0,36722000.0,344279500.0,21848.0,10388.0,11460.0,3644.0,2362.0,4739.0,3591.0,3102.0,4410.0,9129.0,0.0,561.0,295.0,266.0,76.0,163.0,139.0,128.0,982329.75,437863.0,544466.75,95099.5,168308.0,151329.0,133329.75,95778.0,150220.0,139917.25,139069.25,139721.5,138883.75,139291.75,141085.0,144361.0,92.0,3.0,3.0,0.0,0.0,7.0,0.0,0.0,0.0,0.0,1.0,15.0,73.0,54.0,334857306.0,0.0,7.0,285446.0,696883.5
11350710,상계9동,노원구,37.6676032920724,127.06218021049642,719445,1889283750.0,639827750.0,36270000.0,1410000.0,394365500.0,2048500.0,218545250.0,24283500.0,113399000.0,156690250.0,302444000.0,19664.0,9212.0,10452.0,2759.0,2386.0,2669.0,2975.0,3517.0,5358.0,8358.0,0.0,1074.0,675.0,399.0,135.0,270.0,270.0,304.0,1777642.25,794677.0,982965.0,179146.75,244736.75,255257.0,258456.0,192343.25,273978.0,255735.25,253198.5,253291.5,252092.25,252077.0,252405.75,258841.75,78.0,3.0,4.0,0.0,0.0,6.0,0.0,0.0,0.0,0.0,0.0,18.0,71.0,59.0,354541080.0,0.0,6.0,511247.5,1266394.5
11350720,상계10동,노원구,37.659721646634786,127.05838836607508,809214,1052574750.0,359246000.0,29965250.0,67762250.0,136741750.0,11462250.0,127521750.0,572250.0,111514000.0,69906250.0,137883000.0,18184.0,8356.0,9828.0,2697.0,2279.0,2871.0,2783.0,3188.0,4366.0,7648.0,0.0,413.0,174.0,239.0,63.0,88.0,110.0,120.0,1913035.0,839457.5,1073577.5,262720.25,297229.5,282797.75,296367.25,229419.0,342785.0,266068.5,265791.0,265972.5,266115.5,271734.0,289287.5,288065.75,64.0,3.0,0.0,0.0,0.0,1.0,0.0,0.0,0.0,0.0,0.0,30.0,52.0,62.0,427110577.0,96.0,1.0,577353.25,1335681.5
11380510,녹번동,은평구,37.605307427951566,126.93457613990927,1794215,5272473000.0,1379226500.0,42293000.0,102132500.0,905608500.0,495356500.0,240041000.0,114924000.0,219177250.0,138309250.0,1635404500.0,36092.0,16943.0,19149.0,4214.0,4495.0,5670.0,5379.0,5807.0,10527.0,17617.0,0.0,4336.0,2305.0,2031.0,472.0,1015.0,1194.0,1163.0,6369595.0,2784762.25,3584832.75,806958.75,1041385.5,1028783.5,1031983.0,655113.0,968296.0,904454.25,901492.75,901631.25,900099.0,900145.75,923937.5,937834.25,148.0,8.0,3.0,0.0,2.0,12.0,0.0,1.0,1.0,0.0,2.0,35.0,701.0,54.0,194168619.0,394.0,14.0,1861771.75,4507823.0
11380520,불광1동,은평구,37.616869307390246,126.93865492691033,3124927,7061843000.0,1607702500.0,119705000.0,415194500.0,2260596000.0,16289750.0,321211000.0,246789750.0,393737000.0,288218250.0,1392399250.0,37509.0,17625.0,19884.0,4225.0,4651.0,5222.0,5340.0,6443.0,11628.0,17726.0,0.0,1769.0,744.0,1025.0,237.0,428.0,497.0,411.0,5331185.25,2389033.75,2942152.0,660001.5,778072.5,777651.0,842778.75,570644.5,853516.5,751381.5,746867.75,742236.25,742661.5,744584.75,791629.75,811823.0,198.0,6.0,4.0,0.0,1.0,17.0,0.0,0.0,1.0,0.0,3.0,49.0,704.0,55.0,213958560.0,241.0,18.0,1603452.75,3727731.75
11380530,불광2동,은평구,37.62427884144315,126.92870306420275,1396089,5027513750.0,1782612500.0,93805750.0,78109750.0,851105000.0,633929000.0,135979500.0,72575750.0,113047000.0,127342000.0,1139007500.0,26600.0,12782.0,13818.0,2240.0,3809.0,3761.0,3318.0,4614.0,8858.0,13965.0,0.0,2497.0,1189.0,1308.0,64.0,342.0,413.0,559.0,5293673.25,2439195.25,2854478.0,701608.75,752478.5,742074.25,874142.75,566245.5,810202.75,752190.25,745632.5,743704.5,742388.0,742949.0,769675.5,797132.75,113.0,6.0,1.0,0.0,0.0,5.0,0.0,3.0,0.0,0.0,0.0,32.0,700.0,50.0,142334183.0,1.0,5.0,1566808.25,3726864.25
11380551,갈현1동,은평구,37.62519759123378,126.91473488632758,961071,5625848000.0,858159000.0,72608000.0,11060250.0,1063589000.0,12758750.0,161530750.0,723922000.0,337951250.0,226462250.0,2157806750.0,14470.0,7022.0,7448.0,1417.0,2099.0,2044.0,1968.0,2507.0,4435.0,7340.0,0.0,2238.0,1134.0,1104.0,370.0,537.0,542.0,520.0,5350503.5,2466201.0,2884302.5,793225.5,825529.5,820638.25,827386.0,643884.0,949031.25,758122.0,753076.25,757674.75,756947.5,767637.75,781432.5,775612.75,133.0,2.0,2.0,1.0,0.0,13.0,0.0,0.0,0.0,0.0,2.0,48.0,565.0,54.0,208463816.0,0.0,14.0,1557045.25,3793458.25
11380552,갈현2동,은평구,37.617979013946865,126.91245511588517,985165,6373850750.0,1885657750.0,178305500.0,112471250.0,553982000.0,63104750.0,922837250.0,268798500.0,393664750.0,260367250.0,1734661750.0,27415.0,12947.0,14468.0,3291.0,3884.0,3568.0,4064.0,4876.0,7732.0,12523.0,0.0,3191.0,1660.0,1531.0,265.0,637.0,877.0,889.0,5774351.0,2610493.75,3163857.5,781006.75,766031.75,921596.0,901706.0,618829.75,924073.25,820702.25,815363.75,814091.25,815596.5,817633.5,839265.25,851699.75,121.0,3.0,1.0,0.0,1.0,15.0,0.0,0.0,0.0,0.0,1.0,34.0,732.0,53.0,153952135.0,0.0,16.0,1690965.0,4083387.25
11380560,구산동,은평구,37.611064504480815,126.90731000319286,1389775,2718652250.0,824691000.0,26394000.0,16237000.0,769494500.0,82570000.0,369889250.0,19671750.0,100813250.0,82296500.0,426595000.0,31429.0,15279.0,16150.0,3813.0,4234.0,3793.0,4530.0,5645.0,9414.0,13477.0,0.0,1973.0,1056.0,917.0,225.0,366.0,445.0,641.0,5413255.75,2358721.0,3054534.75,638022.0,683389.75,823278.5,871355.5,578923.25,809096.75,770307.75,768809.25,767473.25,764825.25,758407.75,777406.5,806026.5,127.0,3.0,0.0,0.0,1.0,8.0,0.0,0.0,0.0,0.0,0.0,38.0,784.0,56.0,151231930.0,0.0,9.0,1583433.0,3829823.25
11380570,대조동,은평구,37.61225618022568,126.92315350861104,851692,8234430000.0,1812567000.0,211358500.0,122238250.0,2336244000.0,75011000.0,295695250.0,203594250.0,537326750.0,362195500.0,2278199500.0,27359.0,12627.0,14732.0,2350.0,5092.0,4895.0,3556.0,4097.0,7369.0,15341.0,0.0,1871.0,924.0,947.0,163.0,420.0,546.0,470.0,12893379.0,5722162.0,7171215.75,1838459.25,2305536.25,2090052.5,1947424.5,1397125.75,2104884.0,1824919.25,1825841.25,1832079.25,1827149.75,1829705.75,1885408.0,1868275.0,205.0,3.0,5.0,0.0,1.0,24.0,0.0,0.0,1.0,0.0,0.0,32.0,605.0,50.0,149585430.0,0.0,25.0,3753683.0,9139695.25
11380580,응암1동,은평구,37.59834737843492,126.92706321251218,1109863,6513861750.0,1124111500.0,63229250.0,47974250.0,2252770000.0,20330500.0,614013500.0,134445000.0,328671750.0,369005750.0,1559310250.0,32659.0,15258.0,17401.0,4871.0,4200.0,5235.0,5463.0,5059.0,7831.0,15086.0,0.0,2298.0,1290.0,1008.0,201.0,375.0,554.0,537.0,5168038.75,2247454.75,2920583.25,708714.5,841268.75,932026.5,754225.0,535306.75,822151.75,730669.5,724730.0,723107.0,721926.5,729603.75,767202.25,770798.5,133.0,5.0,5.0,0.0,1.0,20.0,0.0,0.0,0.0,0.0,0.0,27.0,472.0,55.0,167372789.0,0.0,21.0,1538000.75,3630036.75
11380590,응암2동,은평구,37.59209184653542,126.92289117509014,755247,1731551500.0,616325000.0,21622500.0,20440000.0,214886250.0,73325000.0,331501250.0,35161250.0,59612250.0,79266500.0,279411500.0,27329.0,13188.0,14141.0,5321.0,2477.0,4191.0,5549.0,3913.0,5878.0,11014.0,0.0,481.0,332.0,149.0,47.0,47.0,126.0,151.0,3843262.0,1771372.25,2071890.0,307648.0,561343.5,777396.25,523757.75,412425.5,631484.5,539059.5,534424.5,537355.0,536584.75,534306.0,571773.5,589759.0,91.0,3.0,1.0,0.0,1.0,10.0,0.0,0.0,0.0,0.0,0.0,37.0,221.0,58.0,279039358.0,374.0,11.0,1161532.5,2681729.75
11380600,응암3동,은평구,37.588925754519096,126.91755026855205,752773,8461424250.0,4029588250.0,221755000.0,39974750.0,820464750.0,367500750.0,174587500.0,413958750.0,180427500.0,170765250.0,2042401750.0,23429.0,11287.0,12142.0,1971.0,3287.0,3255.0,3038.0,3863.0,8015.0,12504.0,0.0,1446.0,702.0,744.0,71.0,372.0,468.0,385.0,7669971.75,3508076.75,4161895.0,1013528.25,1147388.25,1268017.75,1211296.0,826774.5,1238147.0,1084453.25,1085504.5,1083966.75,1082057.0,1086421.5,1115456.75,1132110.75,138.0,3.0,3.0,0.0,1.0,16.0,0.0,2.0,0.0,0.0,0.0,31.0,577.0,49.0,132152795.0,0.0,17.0,2247567.5,5422403.0
11380625,역촌동,은평구,37.60457388799247,126.91462253445145,1157542,7106540000.0,2356339250.0,52014000.0,213805750.0,1197165750.0,221615750.0,399873000.0,175239500.0,399720750.0,302932750.0,1787833500.0,43767.0,20483.0,23284.0,4868.0,5864.0,5966.0,6675.0,7550.0,12844.0,20617.0,0.0,3452.0,1640.0,1812.0,553.0,700.0,925.0,813.0,11259391.25,5044773.0,6214618.25,1442851.5,1638888.5,1844973.0,1807327.5,1189559.25,1841214.75,1582956.75,1568713.5,1569541.5,1566986.75,1573606.5,1680106.25,1717480.25,176.0,5.0,5.0,0.0,2.0,18.0,0.0,0.0,0.0,0.0,0.0,51.0,1242.0,54.0,155478218.0,0.0,20.0,3397586.5,7861805.0
11380631,신사1동,은평구,37.59913633076466,126.90850249307356,808314,4515160500.0,1268504500.0,63107500.0,45936500.0,453252750.0,706849500.0,112767500.0,156964750.0,263776500.0,239547750.0,1204453250.0,26462.0,12698.0,13764.0,2997.0,3592.0,3776.0,3864.0,4436.0,7797.0,12059.0,0.0,1400.0,758.0,642.0,110.0,304.0,334.0,363.0,5963699.0,2672848.25,3290849.5,745524.25,897076.5,982044.75,949276.25,607470.5,945155.0,837096.0,829183.0,829199.5,826868.5,829613.25,889898.25,921841.5,94.0,3.0,0.0,0.0,0.0,8.0,0.0,0.0,0.0,0.0,1.0,22.0,639.0,55.0,162425905.0,2.0,8.0,1811739.75,4151960.25
11380632,신사2동,은평구,37.592854615391595,126.90620029351606,1046222,1426609500.0,757676000.0,23798250.0,16252000.0,140275750.0,5606750.0,151060500.0,9071250.0,25918000.0,31533500.0,265417500.0,18907.0,9370.0,9537.0,2190.0,2440.0,2592.0,2704.0,3220.0,5761.0,8700.0,0.0,863.0,641.0,222.0,79.0,170.0,232.0,227.0,2643608.75,1245440.25,1398168.25,294785.25,380791.75,410896.5,396034.5,292322.0,416280.5,374818.25,372916.0,372592.5,372625.5,370229.75,383096.75,397329.0,82.0,4.0,0.0,0.0,0.0,5.0,0.0,0.0,0.0,0.0,1.0,35.0,368.0,53.0,156384400.0,0.0,5.0,780425.75,1863182.0
11380640,증산동,은평구,37.58413280264272,126.90593951784857,807409,2256348500.0,425691000.0,64066250.0,105792000.0,290500000.0,695531250.0,103384750.0,13678500.0,135000750.0,42448250.0,380255750.0,18240.0,8840.0,9400.0,2403.0,2357.0,2626.0,2570.0,3089.0,5195.0,7933.0,0.0,1939.0,1292.0,647.0,239.0,530.0,543.0,454.0,2935481.25,1338757.0,1596723.5,361078.0,454148.0,473858.75,487788.25,307533.0,455929.0,415626.25,413878.0,415388.25,415084.75,413079.75,426485.75,435937.75,83.0,3.0,0.0,0.0,0.0,8.0,0.0,2.0,0.0,0.0,1.0,16.0,261.0,60.0,264412580.0,5.0,8.0,862423.5,2073057.0
11380650,수색동,은평구,37.58559178366748,126.89453653524302,1290258,884228000.0,136805250.0,19988750.0,91922250.0,93623750.0,209248250.0,40761250.0,15140250.0,27340250.0,24061500.0,225336500.0,20440.0,9936.0,10504.0,3213.0,2561.0,3587.0,2992.0,3554.0,4533.0,8249.0,0.0,176.0,113.0,63.0,22.0,48.0,43.0,35.0,2587829.5,1211388.5,1376439.25,326235.5,512424.75,475025.75,435978.25,271346.0,406645.0,365191.0,367042.25,366333.25,364987.5,363547.75,376701.75,384025.75,60.0,5.0,2.0,0.0,0.0,5.0,0.0,2.0,0.0,0.0,1.0,22.0,91.0,57.0,285969087.0,4.0,5.0,760727.5,1827101.75
11380690,진관동,은평구,37.639681845341414,126.93782040730473,11565110,18381749000.0,1959380000.0,2775823500.0,279141500.0,6995879750.0,720154500.0,809998750.0,59508250.0,848857500.0,886698250.0,3046307000.0,54368.0,25288.0,29080.0,10415.0,6706.0,6109.0,9196.0,9113.0,12829.0,21360.0,0.0,1216.0,637.0,579.0,99.0,309.0,346.0,299.0,6731113.75,3024429.0,3706685.0,688100.0,732959.75,1131782.5,1004209.75,716808.25,1034751.5,951895.75,946429.25,944703.75,943736.5,946000.5,987927.5,1010421.75,242.0,6.0,6.0,0.0,0.0,22.0,0.0,0.0,1.0,0.0,1.0,81.0,377.0,97.0,532753479.0,1364.0,22.0,1998349.25,4732765.75
11410520,천연동,서대문구,37.57132315392149,126.95665672530488,982817,2603649750.0,1227791500.0,46459250.0,11995250.0,200239750.0,21001750.0,152047250.0,33964250.0,129082750.0,39657500.0,741410500.0,16547.0,7796.0,8751.0,2273.0,1936.0,2301.0,2399.0,2915.0,4723.0,7609.0,0.0,1130.0,610.0,520.0,73.0,180.0,306.0,417.0,3295904.0,1496854.75,1799050.0,403632.5,449531.25,542077.75,568729.25,392727.5,527751.0,473179.25,478051.5,476663.25,478279.5,472179.25,461164.5,456387.25,127.0,4.0,1.0,0.0,0.0,4.0,0.0,0.0,0.0,1.0,0.0,44.0,107.0,63.0,397400487.0,332.0,4.0,917551.75,2378352.75
11410555,북아현동,서대문구,37.55929424518772,126.95502259620307,458945,2325119500.0,1017091250.0,28877750.0,105411750.0,289337000.0,43362000.0,169521750.0,25686000.0,100450750.0,162315250.0,383066000.0,15401.0,7379.0,8022.0,2242.0,1925.0,2786.0,2525.0,2474.0,3449.0,7031.0,0.0,918.0,674.0,244.0,94.0,212.0,259.0,262.0,22888194.25,10798031.0,12090163.0,3587105.0,4767784.0,4982445.25,3659345.0,3467877.75,3371330.75,3510056.0,3610740.0,3636982.75,3612230.0,3513881.25,2571611.5,2432693.25,76.0,2.0,2.0,0.0,1.0,7.0,0.0,0.0,0.0,0.0,0.0,17.0,108.0,64.0,602036398.0,439.0,8.0,5004304.75,17883890.0
11410565,충현동,서대문구,37.5639445956383,126.95831351907644,1116001,4092127500.0,824533500.0,60095500.0,32412750.0,441661000.0,688123500.0,70741250.0,86070250.0,474755250.0,89491500.0,1324243000.0,19682.0,9454.0,10228.0,2309.0,3004.0,3356.0,2797.0,3158.0,5058.0,10070.0,0.0,11142.0,6941.0,4201.0,1372.0,2856.0,2964.0,2654.0,10903191.5,5039476.25,5863715.0,1750564.25,2164261.0,2183112.25,1766177.75,1695463.25,1776520.5,1652861.0,1681840.25,1693094.75,1684832.5,1623243.0,1296971.5,1270349.0,184.0,9.0,8.0,0.0,0.0,7.0,0.0,0.0,0.0,0.0,3.0,58.0,259.0,69.0,381899901.0,281.0,7.0,2567320.5,8335871.5
11410585,신촌동,서대문구,37.564072647477865,126.94157317998902,2720364,41497593000.0,3172332000.0,286047250.0,153382750.0,24842521750.0,253473750.0,1111821750.0,877760750.0,1446421750.0,1394859250.0,7958972000.0,20135.0,8693.0,11442.0,1336.0,8441.0,3650.0,1859.0,1895.0,2954.0,14750.0,0.0,1629.0,871.0,758.0,246.0,464.0,425.0,364.0,10491431.75,4305787.5,6185644.5,4906739.25,1672376.0,1033218.75,876235.5,1435151.0,2095024.75,1458053.0,1482631.5,1493684.5,1517232.75,1545815.25,1549046.75,1444968.25,368.0,6.0,10.0,1.0,0.0,22.0,1.0,0.0,4.0,3.0,2.0,60.0,218.0,49.0,177165248.0,65.0,23.0,2994015.0,7497417.0
11410615,연희동,서대문구,37.572230995998346,126.9327939053264,2929172,53131519000.0,2146751500.0,327795750.0,190086000.0,46521899750.0,541460500.0,268616750.0,81150750.0,494751000.0,208788250.0,2350218750.0,33724.0,16100.0,17624.0,3331.0,7365.0,5355.0,4424.0,4927.0,8322.0,18420.0,0.0,9207.0,6166.0,3041.0,1431.0,2325.0,1994.0,2623.0,8747067.0,3956300.25,4790766.5,2010061.75,1398511.0,1354869.25,1240536.5,1046914.0,1368184.0,1232097.25,1240292.75,1239903.5,1243696.0,1239435.5,1270532.75,1281109.0,201.0,7.0,7.0,0.0,1.0,16.0,0.0,0.0,1.0,1.0,0.0,70.0,661.0,66.0,207240534.0,233.0,17.0,2551641.75,6195425.0
11410620,홍제1동,서대문구,37.58340031222398,126.94432054000058,1235632,3482923000.0,752310500.0,31262500.0,30788750.0,992401500.0,338204500.0,92366000.0,103137500.0,157043500.0,138252250.0,847156000.0,24704.0,11553.0,13151.0,3208.0,3100.0,3607.0,3586.0,4205.0,6998.0,11038.0,0.0,1814.0,933.0,881.0,180.0,267.0,470.0,647.0,5567056.0,2448752.0,3118304.0,687461.0,762914.25,815718.5,914251.75,614805.75,887519.25,785664.0,780097.5,778997.75,780103.25,785163.0,824093.25,832937.0,135.0,3.0,2.0,0.0,0.0,10.0,0.0,0.0,0.0,1.0,1.0,40.0,337.0,62.0,217602474.0,188.0,10.0,1657030.25,3910025.5
11410640,홍제3동,서대문구,37.592395480919414,126.95173035658189,1192508,4374198500.0,1535911750.0,92973500.0,47086500.0,1058342000.0,70166250.0,167065250.0,53715750.0,167748500.0,164797750.0,1016391250.0,17665.0,8453.0,9212.0,2103.0,2224.0,2424.0,2312.0,3090.0,5512.0,7996.0,0.0,821.0,398.0,423.0,34.0,71.0,170.0,238.0,3694885.5,1666045.75,2028840.0,460210.25,508950.75,528652.25,622927.75,428373.75,637912.75,521996.25,522798.25,523779.0,522370.5,522330.0,536525.75,545085.75,129.0,3.0,3.0,0.0,2.0,14.0,0.0,4.0,0.0,6.0,1.0,46.0,180.0,55.0,167360192.0,0.0,16.0,1081611.5,2613274.0
11410655,홍제2동,서대문구,37.584385976342816,126.95251672697694,699978,1555637500.0,290277500.0,72967750.0,3940000.0,293790500.0,352654250.0,84149750.0,13100250.0,69349000.0,34367750.0,341040750.0,13186.0,6166.0,7020.0,1523.0,1559.0,1871.0,1680.0,2414.0,4139.0,5752.0,0.0,334.0,168.0,166.0,44.0,70.0,92.0,80.0,2198254.25,969309.0,1228945.25,257237.75,326227.25,331801.0,374955.25,228281.75,395021.75,309511.75,305989.75,304599.75,305430.75,309324.25,327490.5,335908.5,56.0,1.0,0.0,0.0,0.0,6.0,0.0,0.0,0.0,1.0,0.0,15.0,118.0,67.0,314983342.0,75.0,6.0,663399.0,1534856.25
11410660,홍은1동,서대문구,37.60054737302956,126.9468896728921,1615140,1375357750.0,492666000.0,25161000.0,58190250.0,167846750.0,6304750.0,115591000.0,12457000.0,140750250.0,48869500.0,307521250.0,22158.0,10677.0,11481.0,2755.0,2645.0,2973.0,3146.0,3932.0,6707.0,9694.0,0.0,3106.0,591.0,2515.0,86.0,224.0,857.0,1505.0,3811727.0,1724759.0,2086968.25,452621.0,545765.5,579714.0,646971.5,398280.75,616903.75,532077.5,527948.75,527677.75,525029.75,523948.75,573538.5,601506.0,86.0,3.0,0.0,0.0,0.0,7.0,0.0,0.0,0.0,1.0,0.0,32.0,191.0,61.0,233400398.0,109.0,7.0,1175044.5,2636682.5
11410685,홍은2동,서대문구,37.587169095847806,126.93213511532542,2075085,3676488750.0,879217000.0,32174500.0,21825500.0,527423250.0,393086250.0,625277500.0,54540000.0,274116500.0,57572750.0,811255500.0,28505.0,13661.0,14844.0,3665.0,4137.0,3981.0,4039.0,4803.0,7880.0,13166.0,0.0,1790.0,1177.0,613.0,284.0,495.0,452.0,386.0,4478564.0,2015892.0,2462671.5,758081.25,567185.5,664921.5,687945.75,507704.5,665852.75,639654.5,639935.0,640235.75,638987.25,628336.0,635206.5,656209.75,161.0,4.0,2.0,1.0,0.0,8.0,0.0,0.0,0.0,0.0,0.0,83.0,642.0,60.0,154661428.0,35.0,9.0,1291416.25,3187148.5
11410690,남가좌1동,서대문구,37.5718149913034,126.9162786769141,475536,3092818750.0,791719750.0,65903750.0,770000.0,1225140000.0,20624750.0,116434250.0,56179500.0,136503750.0,170677750.0,508865250.0,16699.0,7994.0,8705.0,3810.0,1559.0,2235.0,3430.0,2364.0,3301.0,6161.0,0.0,1312.0,791.0,521.0,92.0,168.0,231.0,329.0,1288693.0,568033.5,720659.5,123371.75,176032.5,231719.0,181154.25,154472.5,243681.5,179289.5,178742.0,177346.75,178865.75,182044.0,198778.0,193625.75,94.0,2.0,3.0,0.0,1.0,9.0,0.0,1.0,0.0,1.0,1.0,20.0,71.0,80.0,679160100.0,611.0,10.0,392403.75,896288.0
11410700,남가좌2동,서대문구,37.577927216905486,126.92134352287883,783775,5550889000.0,1971899500.0,74266500.0,38467500.0,717635500.0,221823250.0,421340000.0,95876000.0,335643500.0,256314000.0,1417623250.0,29083.0,14033.0,15050.0,4681.0,4083.0,4081.0,4720.0,4487.0,7031.0,13349.0,0.0,1052.0,541.0,511.0,75.0,219.0,328.0,334.0,6115267.5,2738000.5,3377267.0,1344791.25,821788.5,890031.5,796663.5,729525.75,1003862.5,870968.5,875820.0,881521.75,877779.5,851635.5,875339.75,882202.5,117.0,4.0,4.0,0.0,0.0,12.0,0.0,0.0,0.0,0.0,0.0,24.0,301.0,54.0,227969844.0,363.0,12.0,1757542.25,4357725.25
11410710,북가좌1동,서대문구,37.57541288721553,126.90810135396329,577979,1992303500.0,480150250.0,16954000.0,20688750.0,702384000.0,46395750.0,258345000.0,7802000.0,139124750.0,118771250.0,201687750.0,17563.0,8389.0,9174.0,3067.0,1862.0,2117.0,2988.0,3001.0,4528.0,6782.0,0.0,537.0,447.0,90.0,1.0,13.0,59.0,120.0,2582258.5,1175567.75,1406691.25,246629.75,343721.5,452599.0,406297.5,263886.75,408286.25,364960.75,362967.25,363397.75,362296.5,363258.0,377290.0,388087.25,60.0,1.0,2.0,0.0,0.0,5.0,0.0,0.0,0.0,0.0,0.0,13.0,188.0,65.0,410754253.0,422.0,5.0,765377.25,1816880.25
11410720,북가좌2동,서대문구,37.581174197065444,126.91333600028541,824866,3829499750.0,1066049500.0,32922500.0,116128750.0,474007750.0,65376250.0,400655000.0,118159500.0,246217000.0,148343500.0,1161640000.0,30673.0,14859.0,15814.0,3326.0,4272.0,4121.0,4325.0,5190.0,9439.0,14579.0,0.0,1071.0,537.0,534.0,135.0,217.0,250.0,282.0,9577079.75,4292998.75,5284080.75,1299822.75,1405024.5,1539904.75,1484567.75,1017291.75,1595791.0,1348331.75,1342049.75,1339361.25,1336246.25,1338590.25,1416085.75,1456414.0,115.0,3.0,3.0,0.0,0.0,12.0,0.0,0.0,0.0,0.0,0.0,39.0,872.0,54.0,167757926.0,40.0,12.0,2872499.75,6704579.25
11440555,아현동,마포구,37.55183308979032,126.95272977223213,744328,6396546750.0,2024532250.0,91531250.0,48822250.0,1477191750.0,29393750.0,386832500.0,36843500.0,510862250.0,420613500.0,1369923750.0,28335.0,13175.0,15160.0,4932.0,3170.0,5561.0,4986.0,4207.0,5479.0,11924.0,0.0,5852.0,3226.0,2626.0,1117.0,1898.0,1674.0,987.0,7831431.25,3357845.0,4473586.5,924346.5,1433564.0,1434673.75,1100079.25,977755.75,1256587.75,1139943.25,1142203.0,1147914.0,1142270.25,1136157.0,1061387.25,1061556.5,145.0,5.0,8.0,0.0,0.0,16.0,0.0,0.0,0.0,1.0,2.0,23.0,106.0,76.0,921140791.0,907.0,16.0,2122943.75,5708487.5
11440565,공덕동,마포구,37.549321278274334,126.95794822293418,1019197,5783877250.0,1114030250.0,60413250.0,176493250.0,975960250.0,266358750.0,248951250.0,127153000.0,778862750.0,274637250.0,1761017250.0,36426.0,16993.0,19433.0,4002.0,5749.0,6487.0,4980.0,6129.0,9079.0,18559.0,0.0,9286.0,5387.0,3899.0,2085.0,2579.0,2544.0,1630.0,12437463.5,5717417.0,6720047.0,1774788.25,2315394.0,2116904.0,1925758.75,1426201.0,1941933.5,1788461.75,1780869.25,1791408.5,1784139.75,1775871.5,1749076.75,1767635.5,172.0,7.0,9.0,0.0,0.0,21.0,0.0,2.0,0.0,0.0,4.0,39.0,415.0,57.0,396354330.0,744.0,21.0,3516712.25,8920750.75
11440585,도화동,마포구,37.538640956435955,126.94910605233989,625018,8352968250.0,777633000.0,48239750.0,73669000.0,1920887500.0,518790500.0,127549000.0,347333750.0,842684250.0,649757250.0,3046424250.0,20443.0,9697.0,10746.0,2696.0,2579.0,3498.0,2876.0,3292.0,5502.0,9219.0,0.0,13155.0,8000.0,5155.0,2428.0,3216.0,3317.0,2949.0,3969814.0,1840102.25,2129712.0,550900.75,811575.75,717268.75,615745.25,527393.25,771846.25,566241.75,564576.25,565842.0,566016.5,572779.75,575185.0,559173.25,144.0,4.0,7.0,0.0,0.0,15.0,0.0,0.0,1.0,1.0,1.0,38.0,122.0,77.0,517528938.0,677.0,15.0,1134358.25,2835456.25
11440590,용강동,마포구,37.54152999419625,126.94221311320157,790602,7612605000.0,1379858250.0,36928000.0,116892500.0,1480758250.0,372905500.0,635886000.0,217475500.0,627085000.0,235836250.0,2508979750.0,21098.0,9951.0,11147.0,3985.0,1997.0,3386.0,4218.0,3157.0,4355.0,9236.0,0.0,15056.0,8974.0,6082.0,2190.0,3721.0,3571.0,2989.0,5652901.0,2611339.0,3041562.0,586541.0,931468.25,1127362.25,847229.25,695845.75,970460.5,816292.0,819749.5,818400.0,822665.75,821023.5,789401.5,765368.5,90.0,7.0,6.0,0.0,1.0,10.0,0.0,0.0,0.0,0.0,1.0,24.0,136.0,64.0,497352990.0,598.0,11.0,1554770.0,4098130.75
11440600,대흥동,마포구,37.552053322483815,126.94152597994783,858570,5931293500.0,1065341000.0,59184250.0,68267000.0,1350546500.0,11834750.0,1220885750.0,77678750.0,467765250.0,238633750.0,1371156500.0,14719.0,7124.0,7595.0,1471.0,3656.0,2555.0,2017.0,2108.0,2912.0,8823.0,0.0,3405.0,1675.0,1730.0,1423.0,786.0,486.0,458.0,7056837.0,3161322.75,3895514.25,2173675.75,1115090.0,1013425.0,794348.25,934828.0,1279610.75,1007622.5,1021427.5,1027232.0,1027791.5,1020986.25,1000565.25,951212.5,209.0,5.0,5.0,0.0,0.0,18.0,0.0,0.0,0.0,3.0,3.0,38.0,73.0,41.0,290729719.0,93.0,18.0,1951777.75,5105059.75
11440610,염리동,마포구,37.54987575053771,126.94758200437364,491468,69945671750.0,330285750.0,30214000.0,103502250.0,173739500.0,400377000.0,320911750.0,24853000.0,67104156250.0,43269000.0,1414363250.0,16719.0,7963.0,8756.0,2922.0,2412.0,2746.0,3054.0,2505.0,3080.0,7762.0,0.0,2245.0,1512.0,733.0,431.0,512.0,456.0,501.0,5634695.0,2503130.25,3131564.25,725371.5,959865.0,1155647.25,798666.75,649957.25,900656.5,811372.5,813115.0,816616.5,815746.5,808264.0,782560.75,787020.75,52.0,3.0,1.0,0.0,0.0,3.0,0.0,0.0,0.0,2.0,0.0,10.0,99.0,49.0,314172668.0,148.0,3.0,1569581.5,4065114.5
11440630,신수동,마포구,37.545652709609676,126.93479804705561,797879,2992317750.0,713150250.0,24063500.0,67210750.0,1030039750.0,67329250.0,166529250.0,36347000.0,129479750.0,64576500.0,693591750.0,22046.0,10753.0,11293.0,3231.0,3303.0,3353.0,3486.0,3769.0,4904.0,9989.0,0.0,3516.0,1996.0,1520.0,438.0,973.0,984.0,866.0,4878931.5,2340955.75,2537976.0,842133.5,738133.0,807548.75,704923.75,592398.5,810601.0,692808.25,694858.25,694593.5,697704.0,693532.0,699777.0,705658.5,76.0,4.0,1.0,0.0,1.0,5.0,0.0,0.0,0.0,0.0,0.0,24.0,205.0,60.0,385870186.0,604.0,6.0,1405435.5,3473496.0
11440655,서강동,마포구,37.546728739512844,126.92602719784018,1478577,5967361500.0,1372975500.0,265764250.0,26964250.0,153471000.0,280042750.0,596202500.0,197242000.0,855633750.0,298436500.0,1920629000.0,24556.0,11694.0,12862.0,3262.0,4707.0,4051.0,3790.0,3723.0,5023.0,12147.0,0.0,3223.0,2051.0,1172.0,544.0,797.0,778.0,639.0,6171295.25,2921305.25,3249990.0,1515605.5,1050119.5,954553.25,738395.5,753180.25,1057409.5,862936.5,869214.5,879157.75,882361.5,888768.25,901035.25,887821.25,156.0,6.0,4.0,0.0,0.0,7.0,0.0,0.0,0.0,0.0,2.0,64.0,317.0,57.0,361808135.0,886.0,7.0,1788856.5,4382438.5
11440660,서교동,마포구,37.55474432506864,126.92093784067974,1678981,60523846750.0,6979352250.0,4847270500.0,901061750.0,8056500500.0,144308500.0,2331608000.0,4591114750.0,8134285250.0,3730549250.0,20807796000.0,24037.0,10999.0,13038.0,1635.0,5914.0,5368.0,3403.0,3103.0,4614.0,15244.0,0.0,25701.0,13133.0,12568.0,5382.0,7250.0,5986.0,4237.0,17272745.25,7654622.75,9618122.5,5820435.5,3577192.0,2588774.75,1681196.25,2578995.0,3936170.5,2325857.5,2344918.25,2387521.0,2438271.75,2574430.0,2745541.25,2456206.0,358.0,13.0,22.0,0.0,0.0,31.0,0.0,0.0,5.0,3.0,7.0,88.0,471.0,51.0,212792253.0,65.0,31.0,5201747.25,12070998.5
11440680,합정동,마포구,37.54696008575363,126.90896236646482,1712389,10028440250.0,1799040500.0,310307250.0,287819500.0,1040224250.0,108497250.0,192772000.0,434364500.0,787729000.0,532022500.0,4535663500.0,16310.0,7512.0,8798.0,1356.0,3011.0,3574.0,2448.0,2205.0,3716.0,9188.0,0.0,4480.0,2513.0,1967.0,736.0,1306.0,1206.0,812.0,4485020.5,2071668.5,2413351.5,1018213.0,1096233.75,769825.75,544175.75,612527.25,858896.5,623668.25,629528.75,632951.5,641901.75,659398.25,662125.75,635446.25,109.0,4.0,3.0,0.0,0.0,10.0,0.0,0.0,0.0,0.0,0.0,32.0,523.0,49.0,226954603.0,60.0,10.0,1297572.0,3187448.5
11440690,망원1동,마포구,37.55362001265407,126.8997534996997,1101005,7918460250.0,2374186500.0,297935500.0,116636750.0,737590000.0,49764250.0,108091750.0,263441250.0,374097750.0,294824500.0,3301892000.0,19151.0,8899.0,10252.0,1831.0,3093.0,3611.0,2937.0,2888.0,4791.0,10174.0,0.0,3418.0,1953.0,1465.0,986.0,995.0,707.0,493.0,6750778.0,2978759.25,3772018.75,1293250.75,1492389.25,1170363.5,873886.25,723016.0,1107460.0,918212.75,919738.75,923401.0,932597.25,947766.5,1051141.25,1057919.0,95.0,2.0,2.0,0.0,0.0,11.0,0.0,0.0,0.0,1.0,0.0,23.0,511.0,48.0,212810124.0,102.0,11.0,2109060.25,4641716.25
11440700,망원2동,마포구,37.55899031399904,126.90017638433787,676411,3731910000.0,1339794250.0,84473250.0,85770250.0,259826750.0,122820500.0,120440000.0,77275250.0,374071500.0,131040250.0,1136398000.0,17917.0,8341.0,9576.0,2213.0,2552.0,2870.0,2842.0,2916.0,4524.0,8348.0,0.0,3947.0,2383.0,1564.0,491.0,736.0,848.0,1213.0,5620799.5,2526309.75,3094490.25,791677.25,1018263.5,1001719.0,882772.0,592131.75,900156.75,781849.5,779170.25,777596.25,779508.0,783763.75,844626.75,874284.25,83.0,4.0,1.0,0.0,0.0,6.0,0.0,0.0,0.0,0.0,0.0,33.0,415.0,50.0,204295370.0,30.0,6.0,1718911.0,3901887.75
11440710,연남동,마포구,37.563015878489466,126.92154029818883,647438,8217474250.0,1602452750.0,398109250.0,38078000.0,162505000.0,38964250.0,87456000.0,355020000.0,267671250.0,310605750.0,4956612000.0,14202.0,6690.0,7512.0,1131.0,2880.0,2925.0,2106.0,1935.0,3225.0,8339.0,0.0,3795.0,2412.0,1383.0,592.0,921.0,961.0,827.0,6489017.0,2863797.0,3625220.0,1646494.75,1450651.5,1084678.0,745163.75,792976.5,1193366.5,890325.25,887588.0,898553.5,907029.0,926496.0,1002535.25,976490.75,52.0,2.0,1.0,0.0,0.0,2.0,0.0,0.0,0.0,0.0,0.0,23.0,388.0,50.0,208713210.0,51.0,2.0,1979026.0,4509991.75
11440720,성산1동,마포구,37.56199991897573,126.91184156004186,859254,5268894250.0,2458085500.0,97017000.0,38408250.0,370249000.0,580607500.0,213179000.0,39133250.0,294063000.0,123068250.0,1055083500.0,18543.0,8632.0,9911.0,1968.0,3017.0,3275.0,2964.0,2958.0,4361.0,9475.0,0.0,5565.0,3706.0,1859.0,693.0,1164.0,1282.0,1097.0,5936728.75,2659165.75,3277563.25,949666.25,1166079.5,1155479.25,859042.5,697719.75,949992.5,843205.0,840427.25,842944.25,840553.0,841228.5,856839.5,871530.5,86.0,4.0,2.0,0.0,0.0,5.0,0.0,0.0,0.0,1.0,0.0,29.0,568.0,55.0,188218762.0,4.0,5.0,1728370.0,4208358.0
11440730,성산2동,마포구,37.56832613063574,126.90196369221974,1978724,8290737000.0,4907829750.0,124200250.0,48742750.0,412914500.0,419142750.0,417778500.0,58182000.0,356159750.0,567050000.0,978736750.0,38537.0,17159.0,21378.0,4756.0,6487.0,6726.0,5575.0,5968.0,9025.0,19332.0,0.0,1511.0,675.0,836.0,103.0,292.0,424.0,501.0,6489677.0,2867891.0,3621786.25,1037866.5,1168534.0,1108863.5,947821.5,662920.75,980287.75,916099.0,914335.25,912424.25,912409.0,911705.5,950069.25,972635.25,158.0,6.0,3.0,0.0,0.0,13.0,0.0,1.0,1.0,0.0,2.0,47.0,363.0,53.0,254866913.0,646.0,13.0,1922704.5,4566973.0
11440740,상암동,마포구,37.57072942215392,126.87989855888374,8402415,13969417500.0,1705962750.0,89423250.0,53446750.0,1306314750.0,88062750.0,2158007000.0,159132000.0,4233748500.0,747016750.0,3428303000.0,29662.0,13937.0,15725.0,5608.0,4228.0,3533.0,5087.0,5046.0,6160.0,12700.0,0.0,16189.0,9996.0,6193.0,3426.0,5957.0,4431.0,1808.0,5268329.25,2539341.25,2728988.0,825816.25,1060611.25,1075553.25,761630.0,760807.75,874359.0,796646.75,807156.75,806626.0,811331.5,782506.0,646265.25,617797.5,247.0,10.0,11.0,0.0,0.0,14.0,0.0,1.0,0.0,0.0,4.0,104.0,190.0,66.0,476838167.0,900.0,14.0,1264062.75,4004267.0
11470510,목1동,양천구,37.52752088177435,126.8744357571103,1433111,26294809250.0,2351310750.0,127439500.0,140108250.0,6092568250.0,106937000.0,3446783000.0,278107000.0,7171076250.0,1517373250.0,5063106000.0,30276.0,14544.0,15732.0,7467.0,2982.0,2754.0,6476.0,5153.0,5444.0,10349.0,0.0,16732.0,10843.0,5889.0,2914.0,4564.0,4190.0,3406.0,4570164.25,2102927.5,2467236.75,483657.25,517892.75,897594.0,651752.0,646697.5,942739.75,640602.0,643958.0,645345.5,651047.5,665877.25,688188.25,635147.0,190.0,5.0,12.0,0.0,1.0,21.0,0.0,0.0,2.0,0.0,2.0,29.0,102.0,74.0,796337543.0,821.0,22.0,1323335.25,3246830.25
11470520,목2동,양천구,37.54363060277917,126.87428427264103,1021355,4535886000.0,1147612000.0,74645250.0,65102750.0,690131500.0,610176250.0,295996250.0,60346500.0,239169000.0,88307250.0,1264399250.0,28816.0,13924.0,14892.0,3551.0,4299.0,5100.0,4253.0,4698.0,6915.0,13299.0,0.0,3311.0,1852.0,1459.0,453.0,814.0,882.0,764.0,6469867.75,2980167.0,3489701.5,847136.75,1137337.75,1032477.75,950953.25,636968.25,983646.5,910522.75,903997.0,903817.25,900905.75,900706.75,960151.75,989767.0,97.0,3.0,2.0,0.0,1.0,13.0,0.0,0.0,0.0,1.0,1.0,18.0,785.0,53.0,188087838.0,187.0,14.0,1949918.75,4519949.5
11470530,목3동,양천구,37.54517069417376,126.86554590848546,531850,6563182000.0,2873793250.0,173429500.0,146992000.0,1167924000.0,28034000.0,215422750.0,184712000.0,308211000.0,254129500.0,1210534000.0,21206.0,10060.0,11146.0,2379.0,3090.0,3786.0,2997.0,3368.0,5586.0,10074.0,0.0,1687.0,940.0,747.0,212.0,371.0,463.0,416.0,4930660.0,2248638.5,2682021.25,583422.25,828195.25,780722.25,737285.75,528650.25,812533.75,697383.5,691057.0,693341.25,691790.75,693584.5,720309.5,743192.75,96.0,3.0,4.0,0.0,0.0,11.0,0.0,0.0,0.0,0.0,0.0,7.0,453.0,52.0,184229085.0,215.0,11.0,1463502.25,3467157.0
11470540,목4동,양천구,37.53535139766359,126.86695519731316,577493,5385742000.0,2203901750.0,54092000.0,74736250.0,975481750.0,13424500.0,550089750.0,86461250.0,272458500.0,114754750.0,1040341500.0,24428.0,11899.0,12529.0,3976.0,3730.0,2695.0,3867.0,4890.0,5270.0,9964.0,0.0,2148.0,1354.0,794.0,226.0,490.0,664.0,557.0,5545375.5,2624945.0,2920431.25,683044.25,657036.25,899800.0,947083.25,560800.5,825229.75,787755.5,781960.5,777321.0,779785.0,782311.0,809101.75,827142.25,84.0,3.0,3.0,0.0,0.0,9.0,0.0,0.0,0.0,0.0,0.0,14.0,505.0,55.0,189827888.0,191.0,9.0,1636244.0,3909133.0
11470550,목5동,양천구,37.53605001799943,126.879886311553,1766361,13943764500.0,2014407000.0,82861750.0,28915000.0,5263122000.0,8384500.0,4523582750.0,22798750.0,509351500.0,221394500.0,1268946750.0,40702.0,20159.0,20543.0,10213.0,3947.0,3450.0,8541.0,6786.0,7765.0,13447.0,0.0,15114.0,9195.0,5919.0,2457.0,3913.0,3662.0,3167.0,4744095.0,2197652.25,2546442.25,395690.0,395715.75,918879.0,649365.25,528411.5,834314.0,665175.5,663761.25,664303.0,665724.0,671872.5,706439.25,706819.5,143.0,8.0,9.0,1.0,0.0,12.0,0.0,0.0,0.0,0.0,0.0,52.0,191.0,100.0,1342723822.0,2292.0,13.0,1413258.75,3330836.25
11470560,신월1동,양천구,37.53126487272668,126.83449222083617,622400,3954693250.0,2053374250.0,74164750.0,96638000.0,316673250.0,87441000.0,77141000.0,153690500.0,212206000.0,83560000.0,799804500.0,19365.0,9957.0,9408.0,1836.0,2238.0,2462.0,2677.0,3485.0,6667.0,10008.0,0.0,2220.0,1482.0,738.0,145.0,385.0,531.0,783.0,3901348.75,1915738.0,1985611.25,414381.25,580854.25,642082.5,619883.5,417921.25,610332.75,550501.25,546149.75,542820.75,544033.5,545412.0,577009.75,595422.5,71.0,3.0,3.0,0.0,0.0,12.0,0.0,0.0,0.0,0.0,0.0,9.0,380.0,49.0,125505363.0,0.0,12.0,1172432.25,2728917.25
11470570,신월2동,양천구,37.52342414120445,126.846331090338,606811,3001776500.0,1306976750.0,33719750.0,44264500.0,608600250.0,198932500.0,156578500.0,10866750.0,127003750.0,52055500.0,462778250.0,20779.0,10130.0,10649.0,2995.0,2437.0,2722.0,3270.0,3235.0,6120.0,8702.0,0.0,1994.0,1152.0,842.0,162.0,324.0,540.0,549.0,3533258.75,1652065.25,1881193.25,346861.25,500838.0,590147.25,504481.75,372914.25,550421.5,500102.0,497251.25,497817.5,498143.25,495071.75,512802.75,532071.25,65.0,3.0,1.0,0.0,0.0,6.0,0.0,0.0,0.0,0.0,0.0,12.0,358.0,56.0,169126179.0,86.0,6.0,1044874.0,2488385.75
11470580,신월3동,양천구,37.5324441338088,126.82746371641082,918039,2524096750.0,567807500.0,27310500.0,16026750.0,260512250.0,1133673500.0,72338750.0,26570750.0,49411750.0,66541500.0,303903500.0,14261.0,7502.0,6759.0,1565.0,1685.0,1854.0,1910.0,2539.0,4708.0,7693.0,0.0,1178.0,713.0,465.0,85.0,219.0,272.0,388.0,2642979.25,1317746.25,1325233.25,267753.0,366970.0,419754.75,440856.25,301159.25,399278.5,377577.0,376016.25,373859.25,373823.25,371012.75,378918.25,391772.0,70.0,2.0,1.0,0.0,0.0,7.0,0.0,0.0,0.0,0.0,0.0,8.0,231.0,46.0,114670938.0,0.0,7.0,770690.25,1872288.5
11470590,신월4동,양천구,37.522154130799024,126.83985175060229,469873,3385364250.0,556895500.0,11990250.0,16556500.0,422386250.0,1057714750.0,183593250.0,132153750.0,63857000.0,76838500.0,863378500.0,17445.0,8478.0,8967.0,2650.0,1940.0,2047.0,2818.0,2796.0,5194.0,6839.0,0.0,1153.0,803.0,350.0,27.0,128.0,284.0,394.0,3305206.75,1558405.75,1746801.5,294953.25,405299.0,546347.0,476317.0,337376.0,513584.25,469656.75,466876.0,465661.25,465206.0,467686.5,478214.5,491905.0,63.0,2.0,1.0,0.0,0.0,6.0,0.0,0.0,0.0,0.0,0.0,11.0,278.0,57.0,168479350.0,0.0,6.0,970119.5,2335086.5
11470600,신월5동,양천구,37.540898373457786,126.82943569861497,638302,3439038000.0,469400250.0,16036250.0,83952250.0,366545750.0,1108355500.0,121944750.0,77771750.0,300016500.0,156341250.0,738673750.0,13979.0,6915.0,7064.0,1821.0,1815.0,1906.0,2083.0,2344.0,4010.0,6352.0,0.0,1313.0,750.0,563.0,135.0,346.0,350.0,349.0,2767750.0,1316834.75,1450915.75,314494.75,414738.0,432112.5,403535.5,339761.75,435174.25,396721.5,395253.75,394257.75,397769.5,394483.5,388101.0,401164.5,54.0,3.0,0.0,0.0,1.0,3.0,0.0,0.0,0.0,0.0,0.0,12.0,299.0,53.0,141762970.0,9.0,4.0,789265.5,1978486.0
11470610,신월6동,양천구,37.515985373747085,126.84216114046095,444286,2466963000.0,899856250.0,64748000.0,47408000.0,430574250.0,6030500.0,164757500.0,28043750.0,145344000.0,77581500.0,602619250.0,13867.0,6764.0,7103.0,2649.0,1421.0,2209.0,2369.0,2064.0,3155.0,5367.0,0.0,597.0,353.0,244.0,59.0,112.0,138.0,161.0,885727.5,426135.75,459591.25,81387.5,134164.5,151837.0,145974.5,110949.0,161061.75,125810.25,125724.0,125838.25,125471.25,124806.75,128015.75,130060.5,47.0,1.0,2.0,0.0,1.0,5.0,0.0,0.0,0.0,0.0,0.0,15.0,133.0,57.0,274722385.0,220.0,6.0,258076.25,627650.5
11470611,신월7동,양천구,37.51905079452027,126.83060531087266,1230628,2150100250.0,1075265750.0,23811000.0,44323000.0,149744500.0,94113500.0,73209000.0,58427250.0,168937250.0,69741500.0,392527500.0,18588.0,9029.0,9559.0,1852.0,2130.0,2501.0,2418.0,3218.0,6469.0,8930.0,0.0,2610.0,1717.0,893.0,272.0,428.0,535.0,628.0,2039471.75,975332.5,1064139.0,198979.25,277258.25,288298.25,335562.25,229777.5,354830.75,287707.5,286678.75,285404.5,285078.0,285178.5,300712.5,308711.0,74.0,6.0,1.0,0.0,0.0,10.0,0.0,0.0,0.0,0.0,0.0,21.0,616.0,42.0,100738599.0,0.0,10.0,609423.5,1430047.25
11470620,신정1동,양천구,37.51890869706325,126.85966565751397,747568,4279372000.0,1058810000.0,87712500.0,204879750.0,547144500.0,426408500.0,342674500.0,160316250.0,196112000.0,162144000.0,1093170000.0,19716.0,9582.0,10134.0,4413.0,2061.0,1765.0,3859.0,3370.0,4248.0,6958.0,0.0,12831.0,7494.0,5337.0,2263.0,3222.0,3223.0,2732.0,3083216.0,1444675.75,1638541.0,312783.5,353168.5,567336.25,464008.75,369112.75,558761.75,436041.5,434856.5,435425.0,435949.0,438398.75,453811.5,448733.25,94.0,7.0,3.0,0.0,0.0,9.0,0.0,0.0,0.0,0.0,0.0,26.0,116.0,83.0,857356012.0,935.0,9.0,902544.75,2180670.75
11470630,신정2동,양천구,37.5194032286939,126.87478871746364,525899,4251773250.0,1189395500.0,28975000.0,12814250.0,633590000.0,110791750.0,878520500.0,34343500.0,240804750.0,100745250.0,1021792750.0,18773.0,9207.0,9566.0,3948.0,2123.0,1564.0,3465.0,3405.0,4268.0,6828.0,0.0,14182.0,8150.0,6032.0,2570.0,4619.0,3801.0,2509.0,4363168.0,2017162.75,2346005.25,430710.5,436375.75,782141.0,664185.5,495008.25,736530.5,612260.25,612391.0,610468.5,613793.5,619473.0,644974.5,649808.0,71.0,3.0,1.0,0.0,0.0,7.0,0.0,0.0,0.0,0.0,0.0,20.0,99.0,65.0,447255961.0,444.0,7.0,1294782.5,3068386.25
11470640,신정3동,양천구,37.51180329044341,126.8410954280885,2756536,5502103250.0,1564288250.0,88033500.0,24720500.0,1797341750.0,349867500.0,421250000.0,68480250.0,375702500.0,110625500.0,701793500.0,49523.0,23946.0,25577.0,8452.0,6003.0,5992.0,7797.0,8974.0,12305.0,19703.0,0.0,2055.0,1493.0,562.0,155.0,397.0,525.0,436.0,7200580.5,3327058.75,3873522.5,731134.0,950752.25,1147217.75,1128495.0,725695.5,989195.5,1033111.5,1028974.25,1025219.25,1022981.5,1023373.25,1010711.75,1056208.0,203.0,4.0,1.0,0.0,0.0,15.0,0.0,0.0,0.0,0.0,1.0,81.0,335.0,65.0,361746184.0,320.0,15.0,2066919.75,5133659.75
11470650,신정4동,양천구,37.525411479927584,126.85761717556312,997144,10334753500.0,2023915500.0,231622000.0,132088500.0,2561177000.0,385795250.0,714147750.0,347813250.0,620031250.0,409490750.0,2908672250.0,31687.0,15407.0,16280.0,3158.0,4945.0,4794.0,4564.0,5229.0,8997.0,16216.0,0.0,6204.0,3442.0,2762.0,1036.0,1099.0,1194.0,1323.0,10718590.25,5062920.5,5655670.0,1490922.5,1604594.0,1783946.0,1605432.75,1192258.25,1709594.75,1522672.25,1520511.5,1521129.0,1519226.5,1522282.25,1556804.5,1555965.0,161.0,3.0,8.0,1.0,1.0,16.0,0.0,0.0,0.0,0.0,1.0,18.0,745.0,52.0,157597172.0,11.0,18.0,3112769.5,7605821.5
11470670,신정6동,양천구,37.515883893266725,126.86977235769862,940885,2863491750.0,692251500.0,23250250.0,0.0,187480250.0,30485500.0,1300788500.0,24760000.0,252334750.0,72946500.0,279194500.0,23959.0,11598.0,12361.0,5302.0,2631.0,2449.0,4474.0,4245.0,4858.0,8185.0,0.0,0.0,0.0,0.0,0.0,0.0,0.0,0.0,1955787.25,876809.75,1078977.25,160957.75,202488.75,378897.75,273497.5,223143.5,329832.25,278336.25,278469.5,278206.75,279422.25,278581.25,280462.25,282308.0,72.0,7.0,6.0,0.0,0.0,2.0,0.0,0.0,0.0,0.0,0.0,31.0,83.0,97.0,1106384082.0,993.0,2.0,562770.25,1393016.0
11470680,신정7동,양천구,37.50987831468797,126.86540565002163,1234130,4602008500.0,1335276500.0,22652000.0,21698750.0,1053348750.0,613659750.0,511015500.0,11370500.0,204862500.0,80954000.0,747170250.0,28275.0,13546.0,14729.0,4859.0,2968.0,2931.0,4625.0,4979.0,7913.0,11507.0,0.0,349.0,206.0,143.0,39.0,83.0,108.0,79.0,2941767.0,1336875.75,1604891.0,252894.0,300521.5,495368.75,435899.0,300057.0,472251.25,415973.5,414738.75,411851.0,416421.0,415883.5,429104.75,437794.25,107.0,3.0,2.0,0.0,0.0,8.0,0.0,0.0,0.0,0.0,1.0,30.0,121.0,70.0,582260300.0,837.0,8.0,866899.0,2074867.75
11500510,염창동,강서구,37.554539029008225,126.8718101199864,1732856,6734162250.0,1873596750.0,81217500.0,206206250.0,696483250.0,771314000.0,718073750.0,53226500.0,624811250.0,386482500.0,1322750500.0,41250.0,19807.0,21443.0,7769.0,5314.0,7231.0,7299.0,6159.0,7478.0,16592.0,0.0,2625.0,1223.0,1402.0,408.0,777.0,786.0,443.0,8212814.5,3829116.0,4383698.0,849693.5,1602784.25,1559731.0,1030903.0,851180.0,1265481.0,1171452.5,1166577.5,1167892.75,1172390.5,1171069.25,1169348.5,1194084.0,147.0,5.0,3.0,0.0,1.0,15.0,0.0,0.0,0.0,0.0,2.0,35.0,248.0,70.0,416686264.0,619.0,16.0,2363432.5,5849382.5
11500520,등촌1동,강서구,37.55585862609211,126.85960771313442,650741,5512758750.0,1063768500.0,153375500.0,96746750.0,1294389000.0,376475750.0,172600500.0,131009000.0,451075750.0,242022250.0,1531295750.0,24933.0,11521.0,13412.0,2379.0,4735.0,6640.0,3456.0,3071.0,4652.0,14262.0,0.0,6016.0,3636.0,2380.0,1202.0,1576.0,1339.0,1070.0,4744456.75,2182026.75,2562430.0,736791.0,1214794.25,813169.0,592105.5,529977.5,704799.5,681487.75,679069.25,680594.0,679527.75,676961.75,667176.25,679640.5,95.0,1.0,5.0,0.0,1.0,10.0,0.0,0.0,1.0,0.0,0.0,20.0,182.0,54.0,234537129.0,10.0,11.0,1346816.75,3397640.5
11500530,등촌2동,강서구,37.54584002476165,126.86002255940238,910666,2490131000.0,428746500.0,446645250.0,122772000.0,226090750.0,464790250.0,98977750.0,41192750.0,75436750.0,46896750.0,538582250.0,19312.0,9398.0,9914.0,2375.0,2697.0,3298.0,2778.0,2997.0,5167.0,8505.0,0.0,2781.0,1634.0,1147.0,324.0,559.0,677.0,721.0,3771357.5,1746143.25,2025214.75,490007.0,738077.0,608203.0,504655.25,400596.0,553870.5,537945.5,532975.75,534106.0,532874.5,529337.75,544876.5,559243.0,58.0,3.0,0.0,0.0,1.0,6.0,0.0,0.0,0.0,0.0,0.0,8.0,391.0,56.0,218053706.0,330.0,7.0,1104119.5,2667239.5
11500535,등촌3동,강서구,37.56120284670086,126.84619694088194,1060362,8658098500.0,1449754000.0,34745750.0,111733500.0,2825565250.0,244461000.0,585715500.0,90936000.0,515143750.0,758192500.0,2041851250.0,29390.0,13848.0,15542.0,3050.0,3235.0,4582.0,3612.0,4479.0,10432.0,15092.0,0.0,12234.0,6484.0,5750.0,1532.0,2610.0,2740.0,3030.0,7055015.0,3270074.75,3784940.0,907288.0,1269594.5,1144076.5,952847.25,870740.25,1115219.0,1009296.75,1010802.0,1014159.5,1011342.5,1015435.75,995436.75,998542.25,184.0,6.0,3.0,1.0,2.0,18.0,0.0,0.0,1.0,0.0,0.0,55.0,125.0,57.0,342211620.0,168.0,21.0,1993979.0,5061036.5
11500540,화곡1동,강서구,37.533778492505945,126.8409243599755,1197746,11699839500.0,2792967500.0,255747750.0,152295000.0,2173306000.0,507214000.0,229846500.0,934712250.0,810673000.0,603523500.0,3239554000.0,50743.0,24632.0,26111.0,4171.0,8918.0,10251.0,7286.0,7176.0,12941.0,28118.0,0.0,3939.0,2263.0,1676.0,315.0,829.0,1006.0,1174.0,16361273.25,7719931.75,8641341.25,2823017.5,3266314.75,2696070.0,2265091.5,1853611.75,2777267.25,2308335.75,2295963.75,2293312.25,2296945.75,2299637.5,2407266.5,2459812.5,226.0,3.0,2.0,0.0,2.0,26.0,0.0,0.0,1.0,0.0,2.0,27.0,1192.0,49.0,140481784.0,0.0,28.0,4867079.0,11494195.0
11500550,화곡2동,강서구,37.532264149877726,126.85437971009935,454621,2412094250.0,454237000.0,35013500.0,185335500.0,228525000.0,313140250.0,101062250.0,15206000.0,851193500.0,47344250.0,181037000.0,17041.0,8180.0,8861.0,2091.0,2333.0,2600.0,2758.0,2777.0,4482.0,8150.0,0.0,1788.0,1119.0,669.0,215.0,507.0,473.0,435.0,3627487.5,1656082.75,1971405.0,456315.75,543687.75,608814.25,553837.5,373027.25,567426.25,509582.25,506495.75,505344.75,504514.25,504821.5,539061.25,557668.25,65.0,2.0,0.0,0.0,0.0,3.0,0.0,0.0,0.0,0.0,0.0,30.0,517.0,50.0,127620236.0,0.0,3.0,1096729.5,2530758.5
11500560,화곡3동,강서구,37.54399573251715,126.83430566241293,521858,4512418750.0,828288500.0,49383500.0,22117000.0,1072891000.0,14733000.0,351514750.0,172919000.0,333432000.0,182482500.0,1484657500.0,21093.0,10044.0,11049.0,2563.0,2979.0,3092.0,3065.0,3165.0,6229.0,9685.0,0.0,2985.0,1846.0,1139.0,413.0,722.0,764.0,687.0,3651998.0,1657918.5,1994079.5,500772.75,596447.75,584612.25,496968.5,420535.25,642867.25,512999.5,512709.5,515472.25,511366.25,515535.25,538836.75,545079.0,87.0,4.0,3.0,0.0,0.0,8.0,0.0,0.0,0.0,0.0,0.0,12.0,344.0,62.0,234116665.0,521.0,8.0,1083915.75,2568082.75
11500570,화곡4동,강서구,37.53608050018333,126.85859256040077,852049,4554008500.0,1171576250.0,131673750.0,182912750.0,523103250.0,819190250.0,107708000.0,127113000.0,364129750.0,197532750.0,929068750.0,19720.0,9668.0,10052.0,2041.0,2499.0,2933.0,3042.0,3276.0,5929.0,9641.0,0.0,2098.0,912.0,1186.0,495.0,596.0,433.0,397.0,4121004.0,1886731.25,2234273.5,499388.75,594698.25,653620.0,612020.25,439004.0,630385.75,584846.75,582282.0,579862.5,582011.25,578353.75,599922.5,613724.25,101.0,4.0,2.0,0.0,0.0,14.0,0.0,0.0,0.0,0.0,0.0,30.0,537.0,49.0,134309833.0,0.0,14.0,1213646.75,2907356.25
11500590,화곡본동,강서구,37.542635772107474,126.84811344518943,972735,6017235750.0,1971586000.0,76931000.0,77567750.0,942054500.0,940415500.0,202818500.0,158352250.0,185818000.0,135601250.0,1326091000.0,32956.0,15959.0,16997.0,3601.0,5536.0,6108.0,5100.0,4798.0,7813.0,17412.0,0.0,2037.0,1201.0,836.0,171.0,396.0,521.0,521.0,8066067.5,3776984.0,4289083.5,1209681.0,1445195.75,1304512.0,1074341.5,807682.5,1215586.5,1133235.75,1125492.75,1121519.25,1122296.0,1120308.0,1195701.5,1247513.75,145.0,3.0,0.0,0.0,1.0,11.0,0.0,0.0,0.0,0.0,0.0,31.0,1170.0,50.0,123876906.0,0.0,12.0,2443215.25,5622851.75
11500591,화곡6동,강서구,37.55172180034683,126.85122975169051,1037911,7676778750.0,1307680000.0,77445750.0,27206250.0,1749289750.0,1396248250.0,47428250.0,552612250.0,505294750.0,177095000.0,1836478500.0,24357.0,11645.0,12712.0,2370.0,4127.0,4399.0,3369.0,3688.0,6404.0,12808.0,0.0,6872.0,4389.0,2483.0,961.0,1852.0,1767.0,1570.0,5425529.5,2515961.25,2909568.25,913821.25,1157746.75,927951.25,728366.75,609806.25,880894.25,761775.0,760232.75,763089.5,758680.75,766263.75,798963.25,816524.75,118.0,7.0,5.0,0.0,0.0,8.0,0.0,0.0,0.0,0.0,0.0,29.0,448.0,55.0,170034732.0,253.0,8.0,1615488.0,3810041.75
11500593,화곡8동,강서구,37.53426633689339,126.84877532554383,593322,4610469250.0,1936486000.0,165598750.0,34505500.0,449958750.0,8539500.0,180575000.0,131902000.0,241763000.0,196817500.0,1264323250.0,23468.0,11313.0,12155.0,2351.0,3535.0,3798.0,3576.0,3586.0,6622.0,11692.0,0.0,1853.0,1041.0,812.0,224.0,532.0,574.0,323.0,9922519.5,4664246.25,5258274.0,1312319.25,1643828.75,1792433.0,1385538.25,1130638.0,1650332.5,1406322.5,1408670.25,1406524.0,1409916.5,1405416.75,1443284.75,1442385.75,95.0,2.0,3.0,0.0,0.0,8.0,0.0,0.0,0.0,0.0,1.0,33.0,816.0,52.0,130703775.0,0.0,8.0,2885670.5,7036850.0
11500603,가양1동,강서구,37.57165686791526,126.83469719178287,4970691,80636917250.0,3155395250.0,161550000.0,158800000.0,5976217250.0,20125807750.0,414050750.0,993559250.0,28725207250.0,10454793500.0,10471536250.0,33880.0,15206.0,18674.0,3024.0,7788.0,8937.0,4444.0,4089.0,5598.0,20930.0,0.0,5314.0,3339.0,1975.0,557.0,1115.0,1222.0,1290.0,3084066.0,1519571.0,1564495.0,489941.0,734854.5,555155.75,418541.25,459128.5,506531.75,463316.0,465252.75,467614.25,466374.75,458371.0,388599.75,374537.5,279.0,5.0,13.0,0.0,0.0,20.0,0.0,0.0,1.0,2.0,5.0,69.0,148.0,66.0,396996811.0,403.0,20.0,763137.25,2320928.75
11500604,가양2동,강서구,37.56677233849349,126.85435783656128,823874,3097589000.0,1692176000.0,66692750.0,22635500.0,593812500.0,256534250.0,33237000.0,12139000.0,138968750.0,67430500.0,213962750.0,13460.0,6313.0,7147.0,815.0,1307.0,2213.0,1362.0,1635.0,6128.0,8004.0,0.0,0.0,0.0,0.0,0.0,0.0,0.0,0.0,2005234.5,911298.5,1093936.25,201403.5,363358.25,289154.25,254333.75,240697.25,337293.75,287639.0,286776.0,286552.0,286207.25,285709.5,284539.5,287811.75,75.0,4.0,3.0,0.0,0.0,7.0,0.0,0.0,0.0,0.0,1.0,14.0,53.0,52.0,317356775.0,98.0,7.0,572351.25,1432883.75
11500605,가양3동,강서구,37.56079786970286,126.86111507604798,474228,522134000.0,233775750.0,7343500.0,31155750.0,55850000.0,5719750.0,28038000.0,260250.0,62151750.0,27193500.0,70645750.0,14189.0,6504.0,7685.0,1059.0,1248.0,2945.0,1794.0,1889.0,5254.0,7735.0,0.0,265.0,171.0,94.0,44.0,58.0,75.0,56.0,1650211.5,784651.5,865560.25,185624.75,404786.5,291067.25,221858.75,185224.75,235397.5,240888.25,239808.75,241458.25,240751.25,235508.25,225526.75,226270.0,52.0,3.0,0.0,0.0,0.0,4.0,0.0,0.0,0.0,0.0,1.0,13.0,60.0,49.0,336108207.0,34.0,4.0,451796.75,1198414.75
11500611,발산1동,강서구,37.55050591840841,126.8252606243117,2887669,26042329500.0,4046171500.0,140510250.0,189017500.0,10415059250.0,4282663250.0,1864287250.0,31920500.0,1210808750.0,839487250.0,3022404000.0,35643.0,16815.0,18828.0,7192.0,4277.0,3772.0,6448.0,6052.0,7902.0,13557.0,0.0,6493.0,3818.0,2675.0,319.0,922.0,1780.0,2186.0,5419363.75,2406266.5,3013096.75,602015.0,642783.75,916959.25,782529.5,639805.25,801234.25,789270.25,787699.5,783389.25,787214.25,781509.25,743565.0,746716.0,246.0,3.0,9.0,1.0,2.0,33.0,0.0,1.0,0.0,0.0,0.0,63.0,398.0,59.0,271140993.0,371.0,36.0,1490281.0,3929082.5
11500615,우장산동,강서구,37.550609421333775,126.8411262444883,1261588,7063471500.0,2207836750.0,135804250.0,126656500.0,1652611750.0,121502750.0,1061363000.0,75372250.0,363581750.0,391838500.0,926904000.0,43709.0,20877.0,22832.0,8547.0,5208.0,5251.0,8190.0,7110.0,9403.0,16799.0,0.0,3048.0,1696.0,1352.0,663.0,691.0,659.0,640.0,6954644.5,3169539.0,3785105.5,936130.25,1016732.25,1209319.75,967081.0,791162.25,1159758.25,988619.5,985379.0,987401.75,988054.75,989135.75,1009683.5,1006369.75,158.0,4.0,4.0,0.0,3.0,12.0,0.0,0.0,0.0,0.0,1.0,33.0,507.0,63.0,319276578.0,1367.0,15.0,2016053.25,4938590.75
11500620,공항동,강서구,37.55581753376041,126.79462340376412,10861768,7896721250.0,1676854750.0,117481000.0,180352000.0,1478537250.0,1092379250.0,187541750.0,145558250.0,955754500.0,202030750.0,1860231750.0,29436.0,14868.0,14568.0,5076.0,3657.0,4857.0,5192.0,4101.0,6553.0,13691.0,0.0,5425.0,2853.0,2572.0,908.0,1800.0,1501.0,1054.0,5393891.5,2698481.5,2695410.0,629275.25,846188.75,964305.5,687974.0,586011.25,787678.5,774413.75,775451.0,775614.75,774522.75,770409.25,758727.5,764751.0,176.0,6.0,7.0,1.0,0.0,11.0,0.0,0.0,0.0,0.0,2.0,39.0,368.0,47.0,207503846.0,305.0,12.0,1523478.5,3870411.5
11500630,방화1동,강서구,37.56860431514873,126.81757781779172,1475606,7078545500.0,2111548000.0,88979750.0,116388500.0,1146105000.0,442655500.0,751507500.0,131666250.0,430957750.0,246599500.0,1612137750.0,41828.0,20397.0,21431.0,7374.0,4497.0,5808.0,7134.0,6376.0,10639.0,17118.0,0.0,4242.0,3399.0,843.0,401.0,909.0,1063.0,1240.0,7151921.75,3365235.0,3786686.5,710949.75,1142213.75,1204933.5,1023535.25,810071.75,1154349.75,1015199.75,1012243.75,1013482.25,1011323.75,1015841.5,1035044.5,1048786.5,200.0,2.0,3.0,0.0,2.0,21.0,0.0,0.0,0.0,1.0,1.0,46.0,394.0,60.0,323331374.0,713.0,23.0,2083831.0,5068091.0
11500640,방화2동,강서구,37.58271016973055,126.80402559812032,6157541,9305667500.0,1275770750.0,3709415250.0,53836250.0,680042250.0,676137000.0,36179250.0,92393250.0,520593750.0,1027960000.0,1233339750.0,22596.0,11171.0,11425.0,2247.0,3015.0,3725.0,3014.0,3425.0,7170.0,12052.0,0.0,1301.0,937.0,364.0,83.0,248.0,306.0,385.0,4231855.75,2048834.0,2183022.0,577662.0,812471.0,688971.25,623840.75,501460.5,671291.0,594444.0,596143.0,595647.25,596926.5,596807.0,618167.0,633721.75,124.0,4.0,0.0,0.0,0.0,7.0,0.0,2.0,1.0,0.0,5.0,37.0,248.0,51.0,195195964.0,12.0,7.0,1251888.75,2979967.75
11500641,방화3동,강서구,37.5821192354174,126.8175901318185,2558908,1738982500.0,775090250.0,2142750.0,3174250.0,232127750.0,1536000.0,60915500.0,23199250.0,180700500.0,68891250.0,391205000.0,21991.0,10634.0,11357.0,2422.0,1964.0,3367.0,3227.0,3271.0,7740.0,11216.0,0.0,2019.0,1311.0,708.0,205.0,431.0,510.0,552.0,2381065.75,1122582.25,1258482.5,220308.75,383705.25,407003.0,356388.0,245322.75,353199.75,336553.25,335742.0,334690.75,333737.75,334120.25,347240.25,358981.25,83.0,5.0,1.0,0.0,0.0,5.0,0.0,0.0,0.0,0.0,1.0,22.0,139.0,63.0,262029835.0,0.0,5.0,706221.5,1674844.0
11530510,신도림동,구로구,37.51003138664776,126.88217879953199,1392788,9823096000.0,1492089250.0,81951250.0,31240500.0,1176127500.0,105389000.0,785033750.0,140672250.0,2365732000.0,1535516000.0,2109344500.0,35977.0,17321.0,18656.0,6560.0,4183.0,5844.0,6488.0,5387.0,7515.0,14249.0,0.0,9248.0,6073.0,3175.0,1514.0,2874.0,2251.0,1686.0,6346223.5,2904991.75,3441231.0,693905.0,1063920.25,1160347.0,852088.0,770373.5,1077958.75,888430.0,887169.0,890527.25,892052.75,896760.5,941259.25,950023.5,168.0,5.0,4.0,0.0,0.0,12.0,0.0,2.0,1.0,1.0,3.0,43.0,134.0,85.0,636584154.0,995.0,12.0,1891282.75,4454939.5
11530520,구로1동,구로구,37.493139588613694,126.8753979707312,1008892,1883143500.0,778457250.0,18118250.0,16705250.0,237980250.0,51646500.0,252547500.0,11339000.0,82804000.0,98263000.0,335282500.0,20519.0,10005.0,10514.0,3469.0,2418.0,3563.0,3529.0,3000.0,4540.0,8356.0,0.0,0.0,0.0,0.0,0.0,0.0,0.0,0.0,1915796.0,923040.75,992754.5,190568.25,326486.25,331854.5,266431.5,217686.25,290487.25,276328.25,275670.5,276680.0,277386.25,274046.75,264186.5,271497.0,88.0,4.0,1.0,0.0,0.0,5.0,0.0,4.0,0.0,0.0,0.0,25.0,69.0,73.0,399227070.0,0.0,5.0,535683.5,1380111.75
11530530,구로2동,구로구,37.496874432896426,126.87991515923407,1703350,15106037500.0,1261411500.0,69629250.0,569249750.0,10418156750.0,500181000.0,54948750.0,168451500.0,358339250.0,85101750.0,1620568000.0,22380.0,11215.0,11165.0,1783.0,2819.0,2668.0,2758.0,4223.0,8129.0,12099.0,0.0,10594.0,6583.0,4011.0,1221.0,2488.0,2693.0,2703.0,9021469.25,4374887.0,4646582.75,1003886.0,1459378.5,1571438.0,1792203.0,1080374.5,1436688.0,1299369.5,1289853.25,1291312.5,1284668.75,1273081.0,1265654.75,1317528.0,197.0,6.0,12.0,1.0,1.0,21.0,0.0,7.0,0.0,16.0,1.0,48.0,265.0,49.0,177466374.0,0.0,23.0,2583182.75,6438285.0
11530540,구로3동,구로구,37.484869293515956,126.89491572157205,1040120,1929141662750.0,2289759250.0,392768750.0,200863250.0,4507980500.0,355099750.0,374292750.0,614792250.0,1914256032750.0,580020250.0,5570053250.0,23287.0,12033.0,11254.0,2277.0,4387.0,4623.0,3707.0,3168.0,5125.0,13633.0,0.0,62687.0,41149.0,21538.0,13038.0,21165.0,15911.0,7771.0,7289977.25,3706780.25,3583197.25,1096402.5,1513790.5,1416002.75,1134195.25,966282.5,1244185.5,1094531.0,1089796.5,1095567.25,1091630.5,1078488.75,921013.5,918950.25,187.0,7.0,18.0,0.0,0.0,15.0,0.0,0.0,0.0,5.0,2.0,47.0,459.0,48.0,138758246.0,44.0,15.0,1839963.75,5450014.0
11530550,구로4동,구로구,37.491604637847516,126.89030405609384,524507,5557349000.0,2153087000.0,281133250.0,35786500.0,813266250.0,90621500.0,176305500.0,199344750.0,244234000.0,147890500.0,1415679750.0,18646.0,8980.0,9666.0,1480.0,2506.0,2746.0,2349.0,3122.0,6443.0,10345.0,0.0,1298.0,735.0,563.0,78.0,277.0,351.0,346.0,7323244.25,3617921.75,3705322.75,787779.75,1188503.25,1335766.25,1388634.75,877696.5,1300594.5,1055085.25,1047733.25,1051303.75,1048874.5,1041826.5,1030801.0,1047620.25,139.0,5.0,3.0,0.0,0.0,15.0,0.0,1.0,0.0,19.0,0.0,13.0,539.0,46.0,114177005.0,0.0,15.0,2078421.25,5244823.25
11530560,구로5동,구로구,37.50199159469519,126.88854723628783,1012473,18675775500.0,5681765750.0,98465000.0,519956000.0,2573383250.0,190001000.0,194318000.0,374801250.0,4576486750.0,998183250.0,3468415250.0,28952.0,14052.0,14900.0,2914.0,4871.0,5547.0,3904.0,4379.0,7337.0,15519.0,0.0,12925.0,8170.0,4755.0,1815.0,3059.0,3363.0,2870.0,6887783.75,3308788.25,3578995.5,1056083.75,1300165.25,1124942.0,1086218.25,870284.75,1208443.25,972898.5,970160.5,977060.75,976018.75,982569.75,1003807.75,1005268.0,167.0,5.0,4.0,0.0,2.0,18.0,1.0,0.0,3.0,0.0,1.0,49.0,131.0,65.0,291594059.0,218.0,20.0,2009075.75,4878708.25
11530595,가리봉동,구로구,37.48269156337733,126.88805581858973,410996,1426207500.0,549139500.0,8336250.0,19787500.0,140263750.0,199191750.0,3168750.0,95533750.0,56904000.0,24160250.0,329722000.0,8713.0,4797.0,3916.0,403.0,1587.0,1426.0,892.0,1567.0,2838.0,5988.0,0.0,577.0,264.0,313.0,6.0,94.0,142.0,130.0,3067525.0,1698070.0,1369455.25,575436.25,682984.25,592002.75,530394.25,398342.25,500281.25,447100.25,446904.75,448029.25,446232.25,438664.0,409360.5,431233.75,74.0,0.0,0.0,0.0,0.0,6.0,0.0,0.0,0.0,23.0,0.0,8.0,178.0,69.0,185911126.0,8.0,6.0,840594.25,2226930.5
11530720,고척1동,구로구,37.50070413514469,126.8637031420373,1151238,7191826000.0,1716107500.0,92987000.0,113176000.0,1648690750.0,116253000.0,272500500.0,168390250.0,719610250.0,138705250.0,2205405500.0,26314.0,13106.0,13208.0,3502.0,3309.0,5100.0,3600.0,4025.0,6778.0,11516.0,0.0,2091.0,1505.0,586.0,178.0,424.0,560.0,637.0,4671827.0,2199283.0,2472543.75,615636.75,707148.25,709284.0,734862.5,537119.25,764529.5,652735.25,656923.25,656212.5,657895.25,658038.75,692389.75,697632.5,135.0,5.0,4.0,1.0,1.0,9.0,0.0,8.0,0.0,4.0,0.0,31.0,181.0,59.0,238203387.0,0.0,11.0,1390022.25,3281805.0
11530730,고척2동,구로구,37.50589068275934,126.85346961648177,1025572,3323490000.0,1182713750.0,32764500.0,50124000.0,643822250.0,388243500.0,161622250.0,58692000.0,94561750.0,77294500.0,633651500.0,25749.0,12684.0,13065.0,3300.0,3084.0,3007.0,3629.0,4710.0,8019.0,11447.0,0.0,1601.0,1052.0,549.0,131.0,373.0,436.0,471.0,5183357.25,2410110.5,2773247.5,503068.25,658753.75,787451.25,847424.25,540647.0,778681.5,734486.0,729774.25,724604.75,725964.5,726870.5,757917.25,783741.5,128.0,5.0,2.0,0.0,1.0,11.0,0.0,0.0,0.0,0.0,0.0,40.0,276.0,56.0,189698484.0,26.0,12.0,1541658.75,3641700.0
11530740,개봉1동,구로구,37.50000165460349,126.84912717835932,1320319,4815231750.0,1822968500.0,69153750.0,92952500.0,576191500.0,678541000.0,115855250.0,90516250.0,209143250.0,241179250.0,918730500.0,33122.0,16420.0,16702.0,4134.0,3960.0,5015.0,4572.0,5483.0,9958.0,14958.0,0.0,5014.0,2924.0,2090.0,400.0,1088.0,1214.0,1351.0,7479451.75,3534025.25,3945425.75,815726.75,1141619.25,1138016.0,1217625.0,808411.5,1203416.25,1055517.75,1048460.25,1040260.0,1044541.0,1044808.5,1107305.25,1138558.0,163.0,5.0,3.0,0.0,1.0,11.0,0.0,1.0,0.0,0.0,1.0,57.0,415.0,55.0,170691909.0,54.0,12.0,2245863.25,5233587.5
11530750,개봉2동,구로구,37.4925685083559,126.85648091405727,782524,3550366750.0,1082411500.0,40003250.0,45417250.0,779698000.0,17339500.0,278564250.0,84457750.0,165063500.0,118749000.0,938662750.0,29724.0,14398.0,15326.0,3680.0,3251.0,3930.0,4387.0,4747.0,9729.0,12314.0,0.0,7366.0,3651.0,3715.0,1312.0,1791.0,1758.0,1758.0,3727007.0,1690138.5,2036869.25,439268.0,601866.75,591524.5,575475.25,371715.75,624157.0,520597.25,516368.25,515571.5,513778.75,515217.5,564874.5,580601.0,116.0,3.0,3.0,0.0,0.0,10.0,0.0,1.0,1.0,0.0,0.0,26.0,479.0,58.0,193683448.0,34.0,10.0,1145475.5,2581533.25
11530760,개봉3동,구로구,37.48653551692018,126.85221843930331,828418,2914922250.0,1493524750.0,48616750.0,73364750.0,246406750.0,143269250.0,90687750.0,43183500.0,110522750.0,78577750.0,586768250.0,19544.0,9486.0,10058.0,2153.0,2163.0,2439.0,2872.0,3410.0,6507.0,8664.0,0.0,2665.0,1685.0,980.0,314.0,681.0,711.0,590.0,4501525.0,2120929.5,2380595.0,449578.5,662667.0,800647.0,713132.0,512110.5,828262.5,632829.0,631319.75,632826.5,630759.25,635291.25,662294.5,676203.5,81.0,3.0,2.0,0.0,0.0,9.0,0.0,1.0,1.0,0.0,0.0,23.0,431.0,53.0,155760606.0,0.0,9.0,1338498.0,3163025.75
11530770,오류1동,구로구,37.49686537587967,126.84164727524184,727414,3740669000.0,996865000.0,97052750.0,10043750.0,687273000.0,435480750.0,106426750.0,194399500.0,217697500.0,65046750.0,930383250.0,22559.0,10732.0,11827.0,2051.0,4022.0,4550.0,2980.0,3031.0,5925.0,12645.0,0.0,3372.0,2148.0,1224.0,430.0,635.0,834.0,982.0,4055840.0,1876058.5,2179781.75,662470.5,717377.0,600055.25,587381.0,432081.25,692407.0,564640.25,564022.5,566103.5,566511.75,565600.0,609076.0,619886.25,122.0,5.0,4.0,0.0,0.0,11.0,0.0,0.0,0.0,0.0,1.0,22.0,206.0,55.0,158478976.0,0.0,11.0,1228962.25,2826878.0
11530780,오류2동,구로구,37.485301131831626,126.83844926710196,3061018,4002496500.0,1938158000.0,35914250.0,33512000.0,329375750.0,114352250.0,290855500.0,58815750.0,287450750.0,158160500.0,755901750.0,37281.0,17771.0,19510.0,6048.0,4179.0,4524.0,5966.0,5977.0,10587.0,15714.0,0.0,1024.0,634.0,390.0,94.0,232.0,274.0,264.0,4929267.75,2255814.25,2673454.0,573819.0,713908.0,778999.0,694254.5,506356.25,757322.25,696882.5,694124.5,694395.0,696728.0,692082.75,716221.25,738835.25,209.0,3.0,1.0,0.0,1.0,9.0,0.0,0.0,0.0,0.0,1.0,86.0,366.0,59.0,244582574.0,3.0,10.0,1455056.5,3474212.75
11530790,수궁동,구로구,37.498438167683105,126.82601531115783,2661352,2618586500.0,757290750.0,27938000.0,10097500.0,119693750.0,688055750.0,488019000.0,25139250.0,95647000.0,35303000.0,371402500.0,22707.0,11115.0,11592.0,2938.0,2615.0,2913.0,3392.0,3789.0,7060.0,9939.0,0.0,1732.0,1206.0,526.0,150.0,327.0,410.0,508.0,1735133.0,794115.25,941018.0,189474.0,223833.0,283621.25,280422.5,190188.75,287928.5,243727.0,243510.75,245565.5,241971.0,242460.0,244188.5,273710.5,154.0,3.0,1.0,0.0,0.0,5.0,0.0,1.0,0.0,0.0,3.0,69.0,426.0,57.0,175786153.0,8.0,5.0,517899.0,1217234.25
11530800,항동,구로구,37.481037633340605,126.82459717918117,1446941,1189314500.0,313334750.0,8370000.0,2393750.0,124521750.0,232336250.0,217823000.0,2204250.0,34342500.0,27827500.0,226160750.0,16335.0,7906.0,8429.0,3938.0,1379.0,3015.0,3308.0,1830.0,2865.0,6252.0,0.0,0.0,0.0,0.0,0.0,0.0,0.0,0.0,950521.0,459510.0,491011.0,68492.0,160377.75,196350.5,109933.75,98480.25,144969.25,135502.75,136227.75,136300.25,135860.0,135654.5,134571.5,136404.0,64.0,1.0,0.0,0.0,0.0,2.0,0.0,0.0,0.0,0.0,0.0,37.0,101.0,70.0,300065423.0,47.0,2.0,270975.5,679545.25
11545510,가산동,금천구,37.47665969748202,126.88379136072042,2512852,37414180500.0,3721298250.0,10984727500.0,398548750.0,3974849250.0,615032500.0,257415000.0,454422000.0,10187650500.0,910313000.0,5909923750.0,24622.0,13262.0,11360.0,1183.0,6982.0,6580.0,2804.0,2716.0,4357.0,18077.0,0.0,106107.0,69840.0,36267.0,20915.0,33020.0,26286.0,15533.0,4910664.25,2681013.25,2229651.0,1125356.75,1302615.75,880959.0,678937.0,688769.75,765291.0,746389.25,745247.75,749367.25,745621.75,726276.5,593455.75,604305.25,304.0,10.0,25.0,0.0,1.0,21.0,0.0,0.0,1.0,17.0,3.0,111.0,173.0,50.0,173249223.0,0.0,22.0,1197761.0,3712902.5
11545610,독산1동,금천구,37.464306073652146,126.89249163153225,2061921,9692464250.0,2672568750.0,121471250.0,219627250.0,2511726500.0,907839250.0,368275500.0,225536250.0,517949000.0,336305750.0,1811164750.0,45720.0,23242.0,22478.0,5294.0,7802.0,10015.0,6606.0,6356.0,9647.0,24569.0,0.0,10617.0,6849.0,3768.0,780.0,1424.0,1782.0,2345.0,5262178.5,2694550.75,2567628.0,905619.25,1137411.75,855995.5,751681.5,607985.75,841473.5,753630.5,751936.5,752773.5,753317.75,749887.0,745078.5,755555.0,217.0,3.0,6.0,0.0,2.0,17.0,0.0,0.0,1.0,3.0,0.0,74.0,217.0,56.0,245696062.0,138.0,19.0,1500633.5,3761545.25
11545620,독산2동,금천구,37.46394553258966,126.90273314117329,617174,2723764500.0,1009869500.0,83222250.0,29642250.0,209351000.0,477080750.0,67714250.0,52866750.0,171014250.0,53633250.0,569370250.0,17737.0,8915.0,8822.0,1694.0,2337.0,2512.0,2178.0,3358.0,5658.0,9282.0,0.0,1291.0,761.0,530.0,122.0,262.0,322.0,428.0,3164045.75,1522934.0,1641111.25,384530.0,531965.5,496507.5,573000.5,325648.25,495541.5,444289.75,439868.75,439235.75,438725.75,436291.5,469455.75,496178.75,73.0,2.0,1.0,0.0,0.0,8.0,0.0,0.0,0.0,0.0,0.0,11.0,312.0,50.0,135091578.0,0.0,8.0,965634.5,2198411.5
11545630,독산3동,금천구,37.47578633583591,126.90460578412556,934985,4845415000.0,1884199000.0,109502750.0,89835000.0,684126250.0,574380250.0,137886500.0,156987750.0,244779500.0,125932000.0,837786000.0,23433.0,11747.0,11686.0,1819.0,3579.0,3643.0,2766.0,4214.0,7412.0,12776.0,0.0,2738.0,2017.0,721.0,178.0,421.0,507.0,550.0,4446276.25,2177113.25,2269162.5,622154.75,788656.5,716532.25,737625.0,495744.75,729604.5,628998.5,624266.5,623332.5,624033.5,623195.5,650465.25,671985.0,119.0,4.0,4.0,0.0,0.0,14.0,0.0,1.0,0.0,0.0,0.0,29.0,394.0,52.0,158539229.0,0.0,14.0,1322450.25,3123826.5
11545640,독산4동,금천구,37.46917250828416,126.90409419084799,591045,1957512000.0,394871500.0,18044000.0,11072250.0,329134750.0,182116250.0,46329750.0,153313000.0,128090250.0,100568250.0,593972000.0,14511.0,7266.0,7245.0,1272.0,1921.0,2009.0,1717.0,2876.0,4716.0,7557.0,0.0,1147.0,692.0,455.0,116.0,189.0,239.0,281.0,3794157.0,1836487.25,1957669.75,469849.5,621495.0,593123.0,694808.25,390679.0,603910.0,536042.5,531523.25,532425.0,529141.75,528399.0,556250.5,580374.5,64.0,5.0,2.0,0.0,1.0,4.0,0.0,0.0,0.0,0.0,0.0,16.0,250.0,54.0,143761339.0,0.0,5.0,1136625.0,2657531.5
11545670,시흥1동,금천구,37.45241042141484,126.90014866846398,1524148,10279740000.0,3582013000.0,217523500.0,96040750.0,1639017750.0,602178250.0,333655000.0,323957500.0,512546500.0,271086500.0,2701721250.0,32115.0,15959.0,16156.0,3415.0,4325.0,4825.0,4376.0,5529.0,9645.0,16342.0,0.0,4641.0,2508.0,2133.0,669.0,1111.0,1109.0,1189.0,5348604.75,2600358.25,2748246.75,668937.75,896752.25,840502.5,912278.0,628123.25,920394.25,761212.75,760747.5,759390.75,759190.5,762941.5,773895.0,771226.25,223.0,9.0,7.0,1.0,2.0,25.0,0.0,0.0,0.0,3.0,1.0,52.0,381.0,53.0,180948067.0,75.0,28.0,1545121.25,3803483.0
11545680,시흥2동,금천구,37.450902696208864,126.9198266936059,1308882,773709250.0,434201750.0,18667500.0,7294000.0,59138500.0,3022000.0,124273250.0,5525250.0,37212000.0,26248250.0,58126750.0,20564.0,9831.0,10733.0,3156.0,2108.0,2230.0,2999.0,3655.0,6416.0,8238.0,0.0,1037.0,609.0,428.0,103.0,209.0,259.0,311.0,1502202.75,679209.5,822993.5,123298.5,172751.75,232711.0,225731.75,155219.25,240791.0,212655.0,211531.0,210951.5,210246.25,208407.75,219743.75,228667.25,76.0,2.0,0.0,0.0,0.0,3.0,0.0,0.0,0.0,0.0,0.0,30.0,84.0,74.0,275637280.0,0.0,3.0,448411.0,1053791.5
11545690,시흥3동,금천구,37.44008033489764,126.90599582012102,1261391,1516157000.0,396774250.0,8696500.0,63906750.0,70813250.0,542316750.0,19316500.0,51571750.0,29182500.0,29759750.0,303819000.0,10153.0,5020.0,5133.0,1022.0,1164.0,1276.0,1264.0,1831.0,3596.0,4581.0,0.0,1939.0,1152.0,787.0,140.0,283.0,447.0,508.0,1234849.75,615528.25,619321.75,124904.75,181460.0,196216.25,209483.75,128333.5,177173.0,178648.5,177271.75,177415.25,176380.25,175026.5,173225.75,176882.25,66.0,3.0,3.0,0.0,0.0,5.0,0.0,0.0,0.0,1.0,0.0,21.0,234.0,57.0,164661707.0,0.0,5.0,350108.0,884742.25
11545700,시흥4동,금천구,37.46006739908837,126.90930517370276,821709,1319925250.0,768987750.0,19822000.0,12075250.0,200443750.0,18049750.0,44906250.0,26359000.0,44998250.0,33204000.0,151079250.0,19366.0,9586.0,9780.0,2035.0,2302.0,2358.0,2452.0,3576.0,6643.0,9011.0,0.0,1105.0,683.0,422.0,171.0,235.0,337.0,284.0,2126275.0,1016985.0,1109290.25,207899.25,293085.25,326077.25,361984.5,210034.75,304248.0,300456.75,297795.25,294235.75,295404.75,292497.25,313541.75,332344.5,72.0,1.0,1.0,0.0,0.0,6.0,0.0,0.0,0.0,0.0,0.0,27.0,351.0,53.0,139154099.0,0.0,6.0,645886.25,1480389.75
11545710,시흥5동,금천구,37.44746453361467,126.91236037124507,1386972,1893851500.0,758274500.0,15288750.0,76012250.0,198056750.0,34537500.0,52371000.0,70896750.0,109499250.0,86105000.0,492809750.0,18167.0,9067.0,9100.0,1876.0,2073.0,2144.0,2296.0,3311.0,6467.0,9143.0,0.0,961.0,612.0,349.0,104.0,236.0,274.0,211.0,3359840.25,1595284.75,1764555.5,369093.25,456516.5,516813.0,602391.5,356829.5,561197.5,474960.0,473217.25,472875.75,473504.75,472493.25,491408.75,501380.5,106.0,3.0,0.0,0.0,0.0,16.0,0.0,0.0,0.0,0.0,0.0,37.0,232.0,50.0,158427139.0,0.0,16.0,992789.25,2367051.0
11560515,영등포본동,영등포구,37.51367754120802,126.90953442700886,846370,3983509000.0,1716525250.0,82407000.0,36781000.0,498396500.0,172083750.0,132295000.0,62708750.0,251609750.0,150152250.0,880549750.0,20784.0,10610.0,10174.0,2250.0,2779.0,3244.0,2796.0,3528.0,6187.0,10407.0,0.0,3360.0,1932.0,1428.0,450.0,854.0,891.0,832.0,6594966.0,3248899.75,3346065.75,966558.75,1131501.25,1046216.25,1018569.75,721650.25,1047344.25,930070.5,927412.25,927201.75,924294.75,929033.5,967028.75,989925.0,94.0,4.0,0.0,0.0,0.0,10.0,0.0,0.0,1.0,2.0,1.0,23.0,221.0,55.0,265100867.0,346.0,10.0,1956953.75,4638012.75
11560535,영등포동,영등포구,37.52159586265854,126.90760179056505,1372094,31036591750.0,3519413250.0,2262395000.0,996694250.0,5863429250.0,420679250.0,301382750.0,1172658750.0,6006624500.0,1044220500.0,9449094250.0,29839.0,15326.0,14513.0,1900.0,7604.0,8392.0,3528.0,3320.0,5095.0,21204.0,0.0,14034.0,7872.0,6162.0,2566.0,3490.0,3364.0,2777.0,10700562.0,5271391.75,5429170.5,2308922.5,2614149.75,1751689.25,1433469.75,1577035.25,1987580.0,1485204.0,1502061.5,1517674.5,1528183.0,1575761.75,1595964.25,1495712.75,325.0,10.0,17.0,2.0,2.0,37.0,0.0,0.0,1.0,16.0,1.0,41.0,123.0,49.0,328420925.0,303.0,41.0,3091677.0,7608884.75
11560540,여의동,영등포구,37.528503008419,126.92846623759736,8437543,177357767500.0,4256840750.0,886938000.0,367341250.0,7779661500.0,96119302750.0,824034500.0,672218750.0,26393894250.0,25748636500.0,14308899250.0,33346.0,15644.0,17702.0,5267.0,3636.0,4891.0,5320.0,5307.0,8925.0,13895.0,0.0,250897.0,178057.0,72840.0,46135.0,89946.0,64522.0,38476.0,6452584.0,3286786.5,3165797.5,891471.25,1400370.5,1431838.5,983744.25,1109390.75,1086693.75,988812.25,1010487.75,1020349.5,1017871.0,990662.5,727391.25,697010.75,399.0,23.0,70.0,1.0,0.0,44.0,0.0,0.0,1.0,0.0,5.0,61.0,100.0,126.0,1400319048.0,1236.0,45.0,1424402.0,5028183.0
11560550,당산1동,영등포구,37.523902480304685,126.89678413399021,745305,6440189000.0,1228421000.0,63343250.0,68981750.0,796226000.0,277490500.0,167790750.0,218257750.0,371821750.0,679932250.0,2567924000.0,20951.0,10105.0,10846.0,1865.0,3681.0,4911.0,2670.0,2884.0,4940.0,11632.0,0.0,8973.0,5408.0,3565.0,1540.0,2555.0,2001.0,1640.0,7117768.25,3393889.0,3723879.25,1258841.75,1670919.5,1219696.0,1030864.25,1007230.5,1203214.25,1032156.75,1033286.5,1042490.5,1040703.75,1050121.75,980688.25,938320.75,131.0,6.0,5.0,0.0,1.0,8.0,0.0,0.0,0.0,12.0,2.0,23.0,102.0,52.0,342612455.0,236.0,9.0,1919009.0,5198759.25
11560560,당산2동,영등포구,37.53410656554908,126.90237055498301,1581310,8513383500.0,1838257250.0,116101500.0,29664250.0,1515042250.0,98960750.0,439052750.0,284957500.0,466980750.0,581239000.0,3143127500.0,36667.0,17117.0,19550.0,4697.0,6732.0,8189.0,5239.0,4671.0,7139.0,18864.0,0.0,15502.0,10370.0,5132.0,2422.0,3484.0,3776.0,3443.0,8867780.0,4149590.75,4718190.0,1541065.25,2019538.0,1522969.75,1102151.5,1055284.5,1445986.5,1271856.75,1275425.75,1282620.0,1284047.75,1287269.5,1237579.5,1228981.0,192.0,6.0,4.0,0.0,0.0,20.0,0.0,0.0,0.0,0.0,2.0,46.0,209.0,69.0,525836586.0,1072.0,20.0,2466560.5,6401219.75
11560585,도림동,영등포구,37.50911124604306,126.90055953404418,585885,2494800250.0,1152600250.0,12597250.0,40413750.0,118098750.0,148684500.0,99600500.0,51447750.0,171781750.0,91383000.0,608192750.0,17562.0,8900.0,8662.0,1605.0,2542.0,3250.0,2425.0,2902.0,4838.0,9621.0,0.0,517.0,406.0,111.0,3.0,72.0,142.0,165.0,5399828.75,2573894.75,2825934.25,721102.75,989018.75,861719.0,857527.75,542718.0,853968.25,748733.0,743913.0,745180.75,746810.5,746999.5,813099.0,855093.5,66.0,2.0,0.0,0.0,0.0,6.0,0.0,0.0,0.0,0.0,0.0,28.0,131.0,55.0,209452170.0,80.0,6.0,1668192.5,3731636.75
11560605,문래동,영등포구,37.516527137234625,126.89105938739388,1786708,1543124401750.0,2408564250.0,87861750.0,250163750.0,2033126500.0,474946000.0,473676500.0,314163000.0,1531815658250.0,665511750.0,4600730000.0,32022.0,15577.0,16445.0,5830.0,3503.0,5493.0,5961.0,4494.0,6741.0,13095.0,0.0,65200.0,47342.0,17858.0,10086.0,21308.0,20093.0,10272.0,9179076.0,4442030.25,4737047.0,1276837.75,1827478.0,1802702.75,1352495.0,1354152.75,1750849.0,1316968.25,1323663.5,1341259.75,1344137.5,1366897.25,1281654.0,1204497.25,185.0,8.0,9.0,0.0,0.0,17.0,0.0,0.0,0.0,2.0,1.0,56.0,99.0,87.0,674800000.0,581.0,17.0,2486151.25,6692926.25
11560610,양평1동,영등포구,37.52546099340308,126.88671359553449,974912,4198981750.0,673990500.0,21223500.0,47204000.0,383434750.0,1009959750.0,106078250.0,31126750.0,440192500.0,198126000.0,1287645750.0,18114.0,8709.0,9405.0,2154.0,2938.0,4516.0,2950.0,2150.0,3406.0,9893.0,0.0,9722.0,5666.0,4056.0,1933.0,2259.0,2166.0,1956.0,5024077.0,2418897.0,2605180.0,802310.5,1178147.75,940543.0,694012.5,699354.75,756030.75,751687.25,748190.0,751013.75,749656.25,739458.5,640444.5,643626.75,87.0,5.0,3.0,0.0,1.0,6.0,0.0,0.0,0.0,1.0,1.0,22.0,66.0,53.0,314493630.0,25.0,7.0,1284071.25,3740005.75
11560620,양평2동,영등포구,37.543502676685975,126.8905901573037,2874596,13598673500.0,1508279000.0,80670750.0,265526750.0,564576000.0,714802250.0,188024750.0,137013000.0,7999135000.0,204892750.0,1935753250.0,22288.0,10893.0,11395.0,2856.0,3622.0,5349.0,3276.0,3043.0,4142.0,10913.0,0.0,14874.0,8538.0,6336.0,2707.0,4073.0,4130.0,2572.0,4709421.75,2333955.75,2375466.0,721247.25,1178779.5,896148.75,652189.25,586612.75,691402.5,695442.75,698667.25,703158.0,700417.0,694244.75,611416.25,606076.0,131.0,8.0,6.0,0.0,0.0,7.0,0.0,0.0,0.0,3.0,1.0,35.0,182.0,48.0,261626373.0,202.0,7.0,1217492.25,3491929.75
11560630,신길1동,영등포구,37.51243234306483,126.91947815339368,722925,4257152000.0,1098886750.0,65228000.0,38624750.0,1277865250.0,477998000.0,120793250.0,58323250.0,216829750.0,86383750.0,816219250.0,19314.0,9780.0,9534.0,1597.0,3601.0,3596.0,2448.0,2904.0,5168.0,11605.0,0.0,1933.0,816.0,1117.0,341.0,485.0,438.0,373.0,5591581.75,2734360.5,2857221.25,896491.75,1008283.5,857878.5,834372.0,609142.75,873783.0,793633.75,791862.25,789186.25,791138.25,789753.5,808069.25,827938.75,85.0,1.0,2.0,1.0,1.0,13.0,0.0,0.0,0.0,4.0,2.0,25.0,142.0,49.0,217210138.0,32.0,15.0,1636008.0,3955574.0
11560650,신길3동,영등포구,37.50624131847006,126.90577720449866,520083,3587059000.0,1021154500.0,67216750.0,156450000.0,801184250.0,443804000.0,170196750.0,57515750.0,141717500.0,74144000.0,653675500.0,15950.0,7852.0,8098.0,2044.0,1875.0,2360.0,2308.0,2655.0,4708.0,7486.0,0.0,382.0,344.0,38.0,0.0,39.0,95.0,112.0,6290337.5,3025236.75,3265100.25,716474.0,977444.5,950100.25,1003564.5,667178.25,1031975.0,886885.25,880436.0,877349.25,876323.75,879673.75,931060.75,958609.25,102.0,3.0,5.0,0.0,1.0,12.0,0.0,0.0,0.0,2.0,0.0,32.0,75.0,57.0,374597267.0,201.0,13.0,1889670.0,4400668.0
11560660,신길4동,영등포구,37.50723791646705,126.91293521370747,292127,970291500.0,374685750.0,9816000.0,8186250.0,210375250.0,4558750.0,70989500.0,23338250.0,29935250.0,51371250.0,187035250.0,10315.0,5096.0,5219.0,1110.0,1231.0,1489.0,1375.0,1756.0,3354.0,5081.0,0.0,703.0,354.0,349.0,116.0,169.0,184.0,166.0,2553788.25,1228662.25,1325125.5,293608.5,408350.5,418741.75,410350.0,257265.75,391263.5,361114.75,358619.5,355006.25,355759.0,356941.25,374764.25,391583.25,43.0,1.0,1.0,0.0,0.0,2.0,0.0,0.0,0.0,0.0,0.0,13.0,87.0,83.0,247336978.0,36.0,2.0,766347.5,1787440.75
11560670,신길5동,영등포구,37.50096121617549,126.90551242130992,494653,1862373250.0,204238500.0,30670750.0,81656750.0,264051750.0,613429250.0,94109250.0,17221750.0,40097500.0,96762250.0,420135500.0,9947.0,4806.0,5141.0,1381.0,1074.0,1328.0,1490.0,1623.0,3051.0,4562.0,0.0,626.0,304.0,322.0,36.0,140.0,221.0,168.0,3021836.5,1406526.75,1615310.25,317124.5,461224.5,514657.5,506920.25,346089.5,501839.25,426327.5,422569.5,424303.0,422235.25,424719.5,444022.5,457658.75,66.0,3.0,0.0,0.0,0.0,0.0,0.0,0.0,0.0,5.0,0.0,31.0,91.0,57.0,245273564.0,72.0,0.0,901681.25,2120154.75
11560680,신길6동,영등포구,37.49902115324461,126.9134875775257,653511,4876746000.0,1127713000.0,48311000.0,130912500.0,1142746750.0,385067750.0,358754000.0,99423750.0,219683500.0,150836000.0,1213297750.0,19493.0,9518.0,9975.0,2487.0,2892.0,3304.0,2786.0,2955.0,5069.0,9265.0,0.0,2010.0,1325.0,685.0,169.0,497.0,554.0,448.0,5902214.25,2695703.5,3206510.5,839827.75,1038978.5,959678.5,863299.0,657130.25,962836.25,842769.25,840928.25,842143.25,840108.75,841152.0,846628.25,848485.25,123.0,4.0,1.0,0.0,1.0,14.0,0.0,1.0,0.0,2.0,1.0,29.0,121.0,58.0,326160022.0,162.0,15.0,1695113.5,4207101.5
11560690,신길7동,영등포구,37.505981248098756,126.91962080109202,642487,2469924500.0,844272500.0,7613750.0,16007500.0,203102500.0,279315750.0,158824000.0,12257750.0,484754500.0,43189000.0,420587250.0,19779.0,9835.0,9944.0,3668.0,2416.0,3282.0,3383.0,2949.0,4081.0,7880.0,0.0,2276.0,1568.0,708.0,256.0,439.0,512.0,661.0,3743258.0,1731324.0,2011933.75,515159.5,623628.75,616767.75,544779.5,438006.25,652566.75,528110.0,528232.5,530452.75,531970.75,532565.75,547804.25,544121.5,78.0,5.0,1.0,0.0,0.0,7.0,0.0,0.0,0.0,1.0,1.0,32.0,64.0,67.0,580827492.0,352.0,7.0,1091925.75,2651331.75
11560700,대림1동,영등포구,37.493680848732666,126.90521627760396,498978,5031827250.0,1894043000.0,38680750.0,125361750.0,1958347250.0,17674750.0,61717750.0,46069500.0,134128250.0,62285000.0,693519250.0,13711.0,6805.0,6906.0,1441.0,1798.0,1785.0,1826.0,2344.0,4517.0,6855.0,0.0,1366.0,500.0,866.0,457.0,329.0,302.0,223.0,4249978.0,1992082.75,2257895.0,508764.25,612546.0,705589.5,822182.75,476956.5,699605.5,597400.5,592452.25,597355.25,590323.0,590267.25,620928.5,661251.0,81.0,2.0,4.0,2.0,0.0,18.0,0.0,2.0,0.0,3.0,0.0,16.0,96.0,56.0,262808629.0,178.0,20.0,1282179.5,2967798.25
11560710,대림2동,영등포구,37.48962244423952,126.90050622284807,572540,4500190500.0,1354002250.0,200240250.0,110848750.0,589556250.0,16717500.0,26469000.0,187411000.0,164060250.0,252030500.0,1598854750.0,11730.0,5740.0,5990.0,829.0,1815.0,1841.0,1392.0,1933.0,3920.0,6886.0,0.0,3597.0,1835.0,1762.0,665.0,861.0,800.0,557.0,4702365.0,2325351.5,2377014.25,559221.5,830278.25,843889.0,954407.75,536529.25,802527.75,662020.25,655454.25,655972.25,652877.5,653028.0,688156.75,734855.75,86.0,4.0,2.0,1.0,0.0,16.0,0.0,0.0,0.0,1.0,0.0,13.0,124.0,54.0,170194855.0,1.0,17.0,1423012.5,3279352.25
11560720,대림3동,영등포구,37.49999916114727,126.89714500493702,921696,7304024500.0,981341000.0,48856500.0,136075000.0,1866466250.0,1652325500.0,119399750.0,233161750.0,321025750.0,142832000.0,1802541000.0,21488.0,10727.0,10761.0,2133.0,2698.0,3121.0,2678.0,3864.0,6994.0,10303.0,0.0,4260.0,2796.0,1464.0,403.0,895.0,1116.0,1027.0,6667858.75,3241926.5,3425932.25,835700.5,1156870.75,1129214.75,1245551.75,798641.75,1193057.25,944407.75,940398.25,940524.75,939669.25,943563.0,968282.25,991014.0,126.0,2.0,7.0,0.0,1.0,11.0,0.0,1.0,0.0,0.0,2.0,46.0,250.0,50.0,173627070.0,70.0,12.0,1959296.25,4708563.0
11590510,노량진1동,동작구,37.512232518146575,126.94895432734992,1613446,7064586000.0,2091795500.0,72997250.0,65733500.0,493481250.0,26212000.0,892318250.0,310237250.0,512675500.0,274527250.0,2324608250.0,32005.0,16255.0,15750.0,3388.0,5723.0,5768.0,4068.0,4572.0,8486.0,16917.0,0.0,2833.0,1594.0,1239.0,355.0,688.0,725.0,685.0,6132288.5,3167627.25,2964661.25,1829672.5,1189605.0,792894.75,700537.0,721085.0,1050558.0,865152.0,867744.25,868836.25,871677.5,877942.75,901502.25,879433.0,180.0,5.0,4.0,0.0,0.0,14.0,0.0,0.0,0.0,2.0,3.0,57.0,164.0,67.0,439684906.0,539.0,14.0,1780935.25,4351352.75
11590520,노량진2동,동작구,37.51095676265954,126.93781424178613,600568,6556052000.0,3521828750.0,20216500.0,69259750.0,459286500.0,13781500.0,384838250.0,176062750.0,129116000.0,124767000.0,1656895000.0,10181.0,5312.0,4869.0,556.0,1990.0,1838.0,1163.0,1466.0,3168.0,6725.0,0.0,4249.0,2217.0,2032.0,675.0,1269.0,1038.0,868.0,2818621.0,1419827.75,1398793.25,635741.25,539183.0,385027.5,403206.75,340289.0,470937.5,403216.25,402486.5,403255.75,406206.25,407773.5,404546.5,391137.25,72.0,5.0,4.0,0.0,1.0,14.0,0.0,0.0,0.0,1.0,0.0,14.0,129.0,57.0,450906395.0,124.0,15.0,795683.75,2022938.25
11590530,상도1동,동작구,37.498385877158825,126.95332891920636,1488648,7939648500.0,2376103750.0,55483750.0,55430000.0,971226750.0,489639500.0,481432500.0,176608000.0,460353500.0,418178250.0,2455192500.0,44464.0,21556.0,22908.0,5282.0,10237.0,5927.0,5858.0,6511.0,10649.0,22704.0,0.0,3543.0,2039.0,1504.0,567.0,862.0,858.0,783.0,7963953.25,3761622.5,4202331.5,2187527.75,1029496.75,1025043.75,969921.0,911191.5,1316907.0,1123015.75,1127395.25,1131305.5,1132099.5,1121536.25,1160535.25,1168064.75,201.0,5.0,4.0,0.0,1.0,16.0,0.0,0.0,0.0,0.0,2.0,47.0,515.0,62.0,306390343.0,971.0,17.0,2328600.0,5635352.25
11590540,상도2동,동작구,37.503705716178196,126.94182382625156,772865,4525365750.0,1370480000.0,131584750.0,34435250.0,978618250.0,101949000.0,417893250.0,84495750.0,211085500.0,186198500.0,1008625500.0,27084.0,12936.0,14148.0,4095.0,3942.0,4326.0,4416.0,4034.0,6271.0,12299.0,0.0,1012.0,522.0,490.0,98.0,254.0,282.0,266.0,4796649.25,2193393.0,2603256.75,708617.0,713787.5,787304.25,686836.25,543914.25,777190.75,687292.5,688133.0,685248.25,685926.75,683049.25,685841.0,681159.0,154.0,6.0,3.0,0.0,0.0,16.0,0.0,1.0,0.0,1.0,1.0,41.0,258.0,62.0,372760606.0,874.0,16.0,1367000.0,3429649.75
11590550,상도3동,동작구,37.497565150649656,126.93292872734753,637199,4892594250.0,2665496250.0,140335500.0,30093000.0,464928750.0,109351500.0,76277750.0,60772250.0,239232000.0,154380000.0,951727250.0,23844.0,11339.0,12505.0,2273.0,4063.0,3842.0,3224.0,3734.0,6708.0,12158.0,0.0,994.0,611.0,383.0,25.0,201.0,303.0,246.0,4671216.75,2128341.25,2542875.75,747106.5,796854.0,682887.0,668180.0,464303.75,725958.0,657034.75,650380.5,645174.0,647430.25,646852.75,699676.0,724669.25,113.0,2.0,2.0,0.0,0.0,11.0,0.0,1.0,0.0,0.0,0.0,36.0,548.0,59.0,189244163.0,52.0,11.0,1424345.25,3246872.25
11590560,상도4동,동작구,37.49742513371454,126.94067522441907,939562,2287731250.0,985103750.0,48860250.0,18400000.0,213541500.0,17673250.0,116027000.0,64534500.0,119666500.0,58956000.0,644968500.0,27609.0,13396.0,14213.0,2921.0,4191.0,4518.0,3888.0,4345.0,7746.0,14048.0,0.0,940.0,584.0,356.0,100.0,228.0,259.0,243.0,5480433.25,2452641.0,3027791.75,762141.25,911232.25,870644.75,792547.25,536429.5,795117.5,773767.5,768203.0,765731.25,765406.5,764796.5,806341.75,836186.5,112.0,3.0,1.0,0.0,1.0,11.0,0.0,0.0,1.0,0.0,0.0,36.0,636.0,54.0,174505848.0,12.0,12.0,1642528.25,3837904.75
11590605,흑석동,동작구,37.50542591563825,126.96223664344198,1708306,10536748250.0,1600498500.0,64366250.0,38489750.0,5679864250.0,257929750.0,264656750.0,140339000.0,298242500.0,207067250.0,1985294250.0,29907.0,14490.0,15417.0,4507.0,4506.0,4057.0,4648.0,4932.0,7257.0,12930.0,0.0,91.0,59.0,32.0,0.0,22.0,33.0,25.0,5719313.0,2601858.25,3117454.5,1392608.25,735062.5,803133.75,762705.75,717802.5,912240.75,827997.0,835967.25,843607.25,841915.5,826480.0,780517.25,762828.5,195.0,6.0,6.0,1.0,0.0,24.0,0.0,0.0,0.0,1.0,1.0,50.0,253.0,74.0,684405949.0,1213.0,25.0,1543345.75,4175967.0
11590620,사당1동,동작구,37.47978714539723,126.97751253465732,635172,9210064500.0,1672615000.0,147994750.0,65263000.0,1605780250.0,261466750.0,172298250.0,256093000.0,533448500.0,211121750.0,4283983250.0,22415.0,10798.0,11617.0,1388.0,5074.0,4744.0,2832.0,2807.0,5570.0,13773.0,0.0,3853.0,2073.0,1780.0,619.0,994.0,1066.0,701.0,6596044.25,3107942.75,3488101.5,1388827.0,1379116.25,976949.75,875078.5,715970.25,1155458.75,922562.0,926145.0,929481.5,938778.75,958532.0,975939.25,944605.0,126.0,4.0,6.0,0.0,2.0,12.0,0.0,0.0,1.0,1.0,2.0,13.0,396.0,54.0,219552192.0,12.0,14.0,1920544.25,4675499.25
11590630,사당2동,동작구,37.497194075713516,126.97482719240735,2763201,9134807250.0,2763523750.0,164303500.0,47486500.0,1313721000.0,157420750.0,329636750.0,422088500.0,480596750.0,479465750.0,2976564000.0,27151.0,13012.0,14139.0,3253.0,3366.0,4288.0,3936.0,4344.0,7964.0,12176.0,0.0,1640.0,909.0,731.0,257.0,500.0,455.0,300.0,7356573.5,3371481.5,3985091.75,971492.25,1138073.0,1149422.75,1093152.75,850309.75,1354663.75,1032132.75,1032717.0,1035160.0,1034302.75,1055635.0,1093640.0,1072986.25,179.0,3.0,2.0,0.0,0.0,14.0,0.0,0.0,0.0,2.0,4.0,36.0,209.0,71.0,411815224.0,634.0,14.0,2166626.25,5189947.5
11590640,사당3동,동작구,37.48875075469879,126.97097424833211,907684,2996795000.0,1108640250.0,56002250.0,73696250.0,362333500.0,18040000.0,217751750.0,53196000.0,184721500.0,113043750.0,809369750.0,23686.0,11429.0,12257.0,3299.0,2990.0,3605.0,3634.0,3482.0,6676.0,10442.0,0.0,1114.0,648.0,466.0,130.0,250.0,304.0,264.0,5304719.0,2461249.25,2843470.75,663269.5,842930.0,834039.75,759032.75,534272.0,818647.75,750721.5,744042.0,743763.5,743430.75,742513.0,780749.25,799499.5,88.0,3.0,1.0,0.0,0.0,5.0,0.0,1.0,0.0,0.0,1.0,30.0,306.0,59.0,310164712.0,703.0,5.0,1580248.75,3724470.75
11590650,사당4동,동작구,37.48054251560181,126.97076260910686,436148,2366439750.0,1368147750.0,52711250.0,23463750.0,209094750.0,8142750.0,100239500.0,15905500.0,90472250.0,137808750.0,360453500.0,13771.0,6587.0,7184.0,1226.0,2307.0,2363.0,1912.0,1984.0,3979.0,7233.0,0.0,892.0,471.0,421.0,74.0,124.0,199.0,167.0,3892506.0,1806587.25,2085919.25,625227.5,718807.0,591099.0,546147.25,395341.0,620926.75,543230.75,539599.5,539178.0,539087.25,541994.5,583064.0,606352.5,62.0,2.0,1.0,0.0,0.0,6.0,0.0,1.0,0.0,0.0,0.0,4.0,288.0,53.0,225349572.0,27.0,6.0,1189416.5,2703090.0
11590651,사당5동,동작구,37.485802827843905,126.96496015994484,682199,933393250.0,297470500.0,14629000.0,11018000.0,63881000.0,15526250.0,87176750.0,26451750.0,56456000.0,28244250.0,332539750.0,14118.0,6733.0,7385.0,1744.0,1987.0,2508.0,2161.0,2141.0,3577.0,6685.0,0.0,1558.0,859.0,699.0,174.0,400.0,487.0,377.0,3290596.25,1524306.5,1766289.75,453046.5,556991.0,536457.0,441968.5,371714.5,525713.75,466295.0,464547.25,464575.75,464916.25,460222.75,479615.75,490423.25,61.0,4.0,0.0,0.0,0.0,3.0,0.0,0.0,0.0,0.0,0.0,28.0,152.0,54.0,236865044.0,50.0,3.0,970039.0,2320557.0
11590660,대방동,동작구,37.506905705490965,126.92804576078878,1544903,6717771000.0,1783670500.0,104267750.0,22759000.0,1181439500.0,414018750.0,643968750.0,143137750.0,598250250.0,307546750.0,1518712000.0,35620.0,16775.0,18845.0,5172.0,6087.0,4944.0,5581.0,5718.0,8118.0,16664.0,0.0,7619.0,5117.0,2502.0,1255.0,2082.0,1811.0,1709.0,7453928.75,3516061.25,3937868.25,1338880.5,1220020.5,1173580.25,1112673.75,800317.0,1168035.25,1060494.75,1057186.75,1057725.5,1059702.0,1057453.0,1074279.0,1087087.25,199.0,5.0,5.0,0.0,0.0,16.0,0.0,0.0,0.0,0.0,2.0,61.0,400.0,59.0,298699197.0,388.0,16.0,2161366.25,5292562.0
11590670,신대방1동,동작구,37.489981960119756,126.91067114142443,675281,3465138250.0,1215318000.0,49084250.0,20478500.0,186957000.0,453516000.0,156913250.0,50518000.0,260889500.0,137065750.0,934398000.0,23282.0,11152.0,12130.0,3513.0,3325.0,3095.0,3612.0,3868.0,5869.0,10423.0,0.0,3411.0,2173.0,1238.0,650.0,1096.0,797.0,552.0,3660864.0,1715382.0,1945482.0,582994.25,640783.75,580367.25,582374.0,401618.5,576649.75,515053.25,513701.25,515469.0,514152.25,513239.75,533332.0,555915.5,83.0,3.0,1.0,0.0,0.0,10.0,0.0,0.0,0.0,0.0,1.0,15.0,137.0,65.0,364550843.0,362.0,10.0,1089247.5,2571615.5
11590680,신대방2동,동작구,37.494557884351316,126.92169112647885,977033,90739833250.0,1727520000.0,23580500.0,1144830500.0,4859471250.0,79256229750.0,155735000.0,78131500.0,268966750.0,1033500000.0,2191868000.0,22684.0,10857.0,11827.0,3307.0,3677.0,3873.0,3490.0,3231.0,5106.0,10901.0,0.0,11362.0,7234.0,4128.0,2080.0,2368.0,2131.0,2662.0,5169470.75,2385160.75,2784310.75,847231.0,935372.5,878721.25,725305.25,625341.75,813771.0,740283.5,741681.75,739508.0,742763.25,730358.5,727548.25,747327.25,109.0,7.0,7.0,1.0,0.0,16.0,0.0,0.0,0.0,0.0,0.0,29.0,201.0,63.0,251765063.0,202.0,17.0,1474875.5,3694595.0
11620525,보라매동,관악구,37.490392972232215,126.93264114549761,750225,13689772750.0,1167980250.0,38550750.0,25567250.0,465260500.0,253614250.0,10351596000.0,93776750.0,225961250.0,107557250.0,959908500.0,23092.0,11443.0,11649.0,2135.0,4351.0,4053.0,2939.0,3266.0,6348.0,12670.0,0.0,1644.0,847.0,797.0,190.0,388.0,403.0,431.0,3531772.0,1716709.25,1815062.0,705901.0,707568.0,559452.25,485227.0,421923.5,572910.75,503304.0,502657.5,502229.5,502310.75,498727.0,505783.0,516760.0,83.0,1.0,1.0,0.0,0.0,5.0,0.0,0.0,0.0,0.0,0.0,25.0,373.0,56.0,172943925.0,12.0,5.0,1022543.0,2509228.75
11620545,청림동,관악구,37.48955828055496,126.95948563044138,297155,1157666000.0,657294000.0,6721000.0,2407500.0,70890500.0,2158750.0,145409000.0,23114000.0,110055750.0,27099500.0,112516000.0,14726.0,7103.0,7623.0,2130.0,1620.0,2373.0,2293.0,2285.0,4025.0,6408.0,0.0,512.0,288.0,224.0,78.0,169.0,167.0,78.0,3094562.5,1446500.25,1648062.25,362070.75,493837.25,513933.0,452156.0,294197.75,466386.25,433831.25,433152.5,432712.25,431280.25,430560.75,457921.75,475103.0,50.0,2.0,0.0,0.0,0.0,4.0,0.0,0.0,0.0,2.0,0.0,7.0,86.0,65.0,385697578.0,146.0,4.0,933024.75,2161537.0
11620565,성현동,관악구,37.489546076685116,126.95105032779048,678223,1482555000.0,534251000.0,29248750.0,14892250.0,135566500.0,69909750.0,319292000.0,9067500.0,180450000.0,34101500.0,155775750.0,28222.0,13577.0,14645.0,4164.0,3618.0,3398.0,4450.0,4782.0,7810.0,12187.0,0.0,1347.0,505.0,842.0,193.0,237.0,309.0,412.0,4452317.0,2043720.0,2408596.75,560012.5,675101.5,759953.75,668734.5,454656.25,702272.25,626246.5,617828.25,617332.75,616713.0,620205.0,664434.5,689556.0,104.0,4.0,0.0,0.0,0.0,6.0,0.0,0.0,0.0,0.0,0.0,38.0,231.0,62.0,298426271.0,227.0,6.0,1353990.5,3098325.5
11620575,행운동,관악구,37.48097203245596,126.9605530395309,718235,6225734250.0,2164776250.0,197828000.0,51762000.0,1346714500.0,32367250.0,251925750.0,183976750.0,299194750.0,213965750.0,1483223250.0,28758.0,13926.0,14832.0,2079.0,7607.0,5942.0,3444.0,3392.0,6294.0,18159.0,0.0,2409.0,1350.0,1059.0,349.0,598.0,572.0,555.0,7008340.75,3317831.5,3690509.25,1710322.5,1476540.0,932194.75,820306.5,742484.0,1060366.25,986260.25,981848.5,978642.5,984519.5,987539.75,1032846.5,1056684.25,111.0,3.0,3.0,1.0,2.0,12.0,0.0,0.0,0.0,0.0,0.0,15.0,275.0,54.0,191099630.0,31.0,15.0,2089530.75,4918810.5
11620585,낙성대동,관악구,37.467690907633475,126.959847861211,2262818,8973104500.0,826937000.0,108136750.0,12148500.0,1849509750.0,208368500.0,93476250.0,439661500.0,600358000.0,371791750.0,4462716500.0,17211.0,8618.0,8593.0,1292.0,5749.0,3833.0,1853.0,1665.0,2819.0,11903.0,0.0,5994.0,3307.0,2687.0,969.0,2074.0,1282.0,927.0,5849667.25,2884961.0,2964706.25,1967035.25,1211057.5,703395.25,576442.25,673641.5,1128476.75,803855.75,810599.0,812449.5,822580.75,837980.0,888168.5,874034.75,148.0,2.0,3.0,0.0,0.0,10.0,0.0,0.0,0.0,2.0,0.0,37.0,160.0,60.0,208911225.0,5.0,10.0,1762203.25,4087465.0
11620595,청룡동,관악구,37.47805593186479,126.94581200028095,1195604,8785066500.0,1808479000.0,269279250.0,389120000.0,1987553250.0,16137500.0,345580000.0,235031000.0,1085698500.0,558511500.0,2089676500.0,35627.0,17102.0,18525.0,2496.0,11517.0,7376.0,3799.0,3839.0,6600.0,24083.0,0.0,5147.0,2832.0,2315.0,824.0,1493.0,1262.0,1190.0,10863303.0,5245157.25,5618145.75,3257816.5,2198379.0,1401059.0,1232385.0,1132554.75,1708578.0,1521651.0,1518697.0,1518487.0,1523747.5,1529062.5,1605857.25,1645801.5,147.0,5.0,6.0,0.0,1.0,23.0,0.0,1.0,1.0,1.0,1.0,15.0,284.0,58.0,236901122.0,213.0,24.0,3251658.75,7611645.0
11620605,은천동,관악구,37.48700118580526,126.9420968434686,776212,6476273500.0,2530820000.0,95709250.0,489762500.0,546210750.0,356157000.0,267486750.0,102242000.0,193505750.0,229497500.0,1664882000.0,32359.0,15843.0,16516.0,4077.0,5082.0,5050.0,4730.0,4764.0,8656.0,16051.0,0.0,1371.0,661.0,710.0,185.0,256.0,287.0,386.0,8429244.0,4006547.25,4422697.0,1481414.5,1518613.0,1288490.5,1168536.0,916489.75,1406316.5,1184706.75,1172796.25,1173922.25,1174432.5,1177972.5,1260512.0,1284901.5,123.0,6.0,0.0,0.0,0.0,9.0,0.0,0.0,0.0,0.0,0.0,43.0,419.0,55.0,194533013.0,221.0,9.0,2545413.5,5883830.25
11620615,중앙동,관악구,37.48414887531802,126.95065811919062,384728,5748066250.0,1751382750.0,109803750.0,11666500.0,1338988000.0,38067750.0,515268750.0,82454750.0,254565250.0,242359250.0,1403509500.0,15126.0,7305.0,7821.0,856.0,4374.0,3231.0,1662.0,1659.0,3344.0,10136.0,0.0,1301.0,591.0,710.0,122.0,227.0,303.0,403.0,5199907.0,2422444.25,2777463.25,1364767.25,1125702.0,711235.0,619665.5,557585.0,849453.75,726859.75,726692.0,725333.5,726268.25,728384.75,779086.5,787282.25,83.0,1.0,3.0,0.0,1.0,14.0,0.0,0.0,0.0,0.0,1.0,12.0,165.0,55.0,187439002.0,22.0,15.0,1566368.75,3633538.25
11620625,인헌동,관악구,37.469702529719356,126.96755638312827,1089078,4167052750.0,1177946750.0,73998500.0,5605000.0,604286000.0,545595250.0,117041250.0,90832250.0,187525000.0,183612250.0,1180610500.0,25385.0,12283.0,13102.0,2133.0,5807.0,4960.0,3141.0,3495.0,5849.0,14772.0,0.0,1623.0,950.0,673.0,339.0,486.0,428.0,244.0,5938963.0,2752522.75,3186440.75,1394230.25,1197947.5,846095.25,725980.75,607282.25,941783.0,835486.0,832936.0,831300.0,834278.75,834915.0,869294.25,900752.75,105.0,2.0,5.0,0.0,0.0,14.0,0.0,2.0,0.0,0.0,1.0,23.0,558.0,56.0,167112659.0,6.0,14.0,1770047.0,4168915.75
11620630,남현동,관악구,37.464109612444176,126.97776590908879,3281024,6116749250.0,1575402250.0,41106250.0,27822000.0,471180250.0,736733250.0,97531750.0,307562250.0,526975250.0,266700750.0,2065735250.0,17668.0,8549.0,9119.0,1419.0,3785.0,3659.0,2115.0,2398.0,4292.0,9874.0,0.0,3701.0,2490.0,1211.0,617.0,939.0,1008.0,734.0,4197880.25,2016293.0,2181588.0,770487.5,785500.5,590947.75,587286.0,450750.25,703149.25,584413.5,586854.0,586851.5,588578.5,594142.25,628865.0,628176.0,70.0,3.0,1.0,0.0,0.0,6.0,0.0,0.0,0.0,0.0,0.0,6.0,300.0,68.0,279230984.0,39.0,6.0,1257041.0,2940839.75
11620645,서원동,관악구,37.4805994030561,126.93332829985852,647532,12877976250.0,1626089750.0,845461500.0,133700500.0,3594583250.0,76836250.0,220131750.0,787635000.0,1097902750.0,467666000.0,4027969500.0,22908.0,12012.0,10896.0,1251.0,6434.0,5015.0,2651.0,2699.0,4858.0,15098.0,0.0,2303.0,915.0,1388.0,418.0,503.0,423.0,530.0,5230081.0,2640115.25,2589965.75,1428189.0,1173381.5,705091.5,612171.5,542788.0,826024.75,727903.25,721461.0,725268.5,726450.75,734489.0,789255.5,805253.25,94.0,3.0,1.0,1.0,1.0,9.0,0.0,0.0,1.0,0.0,0.0,27.0,400.0,50.0,141892270.0,0.0,11.0,1594508.75,3635572.5
11620655,신원동,관악구,37.479397081397735,126.92661369063258,544977,2094468500.0,982532500.0,33102500.0,24057750.0,133963750.0,54127750.0,28446000.0,60115000.0,108893750.0,54542750.0,614686750.0,17484.0,8937.0,8547.0,1072.0,4165.0,3321.0,2054.0,2330.0,4542.0,11158.0,0.0,398.0,267.0,131.0,1.0,96.0,127.0,119.0,5946421.5,2980864.0,2965557.25,1473109.25,1306935.0,819294.0,723068.5,614803.0,928585.25,830445.75,819505.25,827731.75,826345.5,827413.0,887352.5,927627.5,54.0,6.0,1.0,0.0,0.0,7.0,0.0,0.0,0.0,0.0,0.0,10.0,213.0,45.0,127885490.0,0.0,7.0,1814980.0,4131441.25
11620665,서림동,관악구,37.47286405812275,126.94149728796596,941252,2440969750.0,819669000.0,32240250.0,16247000.0,95032750.0,296210500.0,316396750.0,15621250.0,259512750.0,26861000.0,563178500.0,23319.0,12975.0,10344.0,1537.0,5561.0,4791.0,3106.0,2996.0,5328.0,15153.0,0.0,1424.0,819.0,605.0,192.0,259.0,361.0,317.0,4991055.75,2683914.25,2307142.5,1332066.5,994030.5,692691.0,617508.25,493356.0,719677.0,700507.25,695873.75,690572.0,694443.75,690986.75,740193.5,778479.0,74.0,2.0,0.0,0.0,0.0,5.0,0.0,0.0,0.0,0.0,0.0,34.0,249.0,53.0,150101841.0,0.0,5.0,1518672.5,3472383.5
11620685,신사동,관악구,37.48582505042903,126.91862478687251,641031,3717317750.0,1439496750.0,76955250.0,88589750.0,642738750.0,78560250.0,78551250.0,188038250.0,168290500.0,138947250.0,817149750.0,21969.0,11050.0,10919.0,1437.0,5696.0,4113.0,2543.0,2980.0,5200.0,14144.0,0.0,3137.0,2229.0,908.0,499.0,950.0,960.0,550.0,7353544.25,3513427.0,3840116.75,1871483.5,1466776.5,1008232.25,974684.5,744981.25,1128142.5,1031087.5,1025215.0,1024112.0,1026177.75,1030577.0,1088162.75,1128212.0,79.0,3.0,2.0,0.0,1.0,10.0,0.0,1.0,0.0,0.0,0.0,21.0,212.0,53.0,179861474.0,0.0,11.0,2216374.75,5137169.25
11620695,신림동,관악구,37.48713708947788,126.92717147096998,541240,8990413750.0,1710309000.0,138371250.0,24059750.0,2126219750.0,86870750.0,57862750.0,753412250.0,770202000.0,481290250.0,2841816000.0,22622.0,12090.0,10532.0,681.0,8720.0,6189.0,2449.0,1806.0,2777.0,18724.0,0.0,1310.0,812.0,498.0,45.0,173.0,338.0,319.0,9837828.75,5148262.5,4689565.5,3438017.5,2512214.25,1311303.25,926860.25,1069425.25,1726391.75,1352042.75,1346577.0,1354534.75,1359489.0,1383577.5,1513723.75,1527884.25,168.0,2.0,3.0,0.0,0.0,17.0,0.0,0.0,0.0,4.0,1.0,16.0,170.0,39.0,149769580.0,0.0,17.0,3041608.0,6796221.0
11620715,난향동,관악구,37.46150672535611,126.91852681304233,821397,709280500.0,375287750.0,5961000.0,2067250.0,36650000.0,0.0,70760000.0,29676750.0,52170250.0,20323000.0,116384500.0,14726.0,7199.0,7527.0,2213.0,1623.0,1548.0,2518.0,2694.0,4130.0,6175.0,0.0,344.0,166.0,178.0,35.0,79.0,102.0,73.0,1404004.75,665395.5,738609.25,120885.0,167135.75,252299.5,239519.5,163697.25,242079.0,198143.25,195927.0,196162.75,196561.75,195099.25,208041.75,214068.5,68.0,1.0,0.0,0.0,0.0,5.0,0.0,0.0,0.0,0.0,0.0,34.0,119.0,68.0,265144367.0,0.0,5.0,422110.25,981894.0
11620725,조원동,관악구,37.48282539513199,126.90734428329348,666607,6929023000.0,1976763500.0,67475250.0,84193250.0,1467696500.0,82545750.0,65488500.0,556635250.0,397461000.0,454625000.0,1776139000.0,19598.0,9785.0,9813.0,1498.0,4367.0,4401.0,2410.0,2461.0,4461.0,12203.0,0.0,2688.0,1701.0,987.0,513.0,668.0,664.0,583.0,7801836.0,3941623.75,3860212.25,1589451.5,1873650.0,1386459.25,1111740.5,979254.5,1347295.5,1126103.75,1131547.75,1136160.25,1136013.25,1129625.5,1076864.25,1065521.0,96.0,3.0,1.0,0.0,1.0,12.0,0.0,1.0,0.0,0.0,0.0,30.0,180.0,47.0,180171868.0,0.0,13.0,2142385.25,5659450.5
11620735,대학동,관악구,37.45290991716115,126.94851999048207,8405183,7079716000.0,3132017500.0,46565000.0,11129000.0,768139500.0,8464250.0,229781000.0,185917000.0,327672000.0,216056000.0,2153974750.0,24237.0,14808.0,9429.0,1459.0,6378.0,5009.0,3401.0,3295.0,4695.0,17409.0,0.0,590.0,507.0,83.0,56.0,156.0,186.0,161.0,6314902.25,3639425.5,2675477.25,2085425.0,1259843.0,846004.0,698839.75,717112.75,1031971.25,895190.75,897224.75,894647.0,896389.75,894326.5,913676.25,923448.0,283.0,5.0,6.0,0.0,0.0,11.0,0.0,0.0,0.0,0.0,0.0,73.0,114.0,56.0,190916533.0,0.0,11.0,1837124.25,4477778.75
11620745,삼성동,관악구,37.46084738317156,126.9300905593057,2604386,1857752500.0,1197673250.0,38478250.0,12891750.0,210301500.0,9256250.0,21074500.0,17652000.0,90219500.0,55032500.0,205173000.0,19970.0,9928.0,10042.0,1726.0,2177.0,2180.0,2482.0,3630.0,7775.0,9681.0,0.0,880.0,512.0,368.0,54.0,171.0,271.0,264.0,6874649.0,3472445.75,3402203.75,1336723.0,1022624.75,954299.5,1021716.5,741561.0,1108997.25,980439.25,979409.25,976110.25,974798.25,971080.25,988050.25,1004760.75,94.0,3.0,0.0,0.0,0.0,7.0,0.0,0.0,0.0,3.0,0.0,44.0,129.0,61.0,217897987.0,0.0,7.0,1992811.0,4881837.25
11620765,미성동,관악구,37.475929758906666,126.91547002444884,1359429,3704530750.0,1003811750.0,237249250.0,73514750.0,413597500.0,310293000.0,231832250.0,125890250.0,179181000.0,315818750.0,813342250.0,29526.0,14465.0,15061.0,3333.0,4339.0,4111.0,4090.0,4825.0,8828.0,14233.0,0.0,2895.0,1745.0,1150.0,208.0,509.0,723.0,789.0,5282040.25,2406639.0,2875401.0,757315.75,815889.5,809234.5,808170.0,566173.5,790652.25,753657.25,748967.25,745643.0,744022.25,739435.75,764257.0,786058.75,126.0,3.0,3.0,0.0,1.0,11.0,0.0,0.0,0.0,1.0,0.0,44.0,430.0,54.0,181369844.0,130.0,12.0,1550315.75,3731725.5
11620775,난곡동,관악구,37.47063574010427,126.92113955771755,972373,2780029750.0,1237725000.0,27399500.0,16776250.0,702078250.0,40517750.0,133805250.0,17233250.0,87307000.0,74115250.0,443072250.0,25257.0,12654.0,12603.0,2430.0,3557.0,3407.0,3357.0,4375.0,8131.0,12782.0,0.0,981.0,573.0,408.0,38.0,216.0,249.0,354.0,5650253.5,2682179.0,2968074.25,707638.75,865881.75,867230.75,859185.75,589841.5,858018.25,799944.0,796086.75,789754.0,792141.75,785283.0,825312.25,861730.5,95.0,2.0,1.0,0.0,0.0,11.0,0.0,1.0,0.0,0.0,0.0,28.0,495.0,48.0,136234258.0,0.0,11.0,1687042.75,3963209.5
11650510,서초1동,서초구,37.48693257364956,127.02010383171127,1382685,10837663000.0,1474402000.0,312907500.0,133284250.0,3409488750.0,463779000.0,788829000.0,161326000.0,1176832500.0,514323000.0,2402491000.0,20154.0,9749.0,10405.0,2980.0,2660.0,3273.0,3563.0,3167.0,4511.0,9392.0,0.0,47656.0,26664.0,20992.0,10020.0,12365.0,10535.0,11639.0,7560564.75,3657526.25,3903038.0,1131418.75,1362590.75,1486606.0,1176299.75,1121133.0,1282701.25,1131186.25,1140326.75,1148346.25,1147330.5,1137381.0,961023.0,894972.0,194.0,4.0,10.0,0.0,1.0,14.0,0.0,0.0,0.0,0.0,2.0,38.0,231.0,78.0,517775264.0,833.0,15.0,1855995.0,5704570.75
11650520,서초2동,서초구,37.488832115109155,127.02790636262979,1230924,173985827500.0,1400030750.0,51483500.0,1767986000.0,6297258250.0,98151500.0,946995750.0,199658250.0,1684902250.0,157488990750.0,4050370500.0,24636.0,11631.0,13005.0,4292.0,3376.0,4799.0,4571.0,3206.0,4392.0,11340.0,0.0,66239.0,43996.0,22243.0,13886.0,21876.0,16612.0,10157.0,6891907.25,3443628.0,3448279.25,1129660.0,1632880.5,1514118.0,952013.75,1145205.5,1219856.75,1066457.5,1083947.75,1093000.25,1088750.5,1067810.25,786138.0,705802.75,217.0,8.0,26.0,0.0,0.0,24.0,0.0,0.0,0.0,1.0,2.0,47.0,92.0,81.0,728752470.0,488.0,24.0,1491940.75,5399966.25
11650530,서초3동,서초구,37.485519323031596,127.00945246725921,2998572,214675097750.0,2225196250.0,162353500.0,7397619000.0,4270464000.0,573129250.0,784283250.0,452873750.0,191103745000.0,666514500.0,7038919250.0,31862.0,15138.0,16724.0,4233.0,5226.0,5306.0,4770.0,5156.0,7171.0,15194.0,0.0,51852.0,30803.0,21049.0,8929.0,15547.0,13305.0,9482.0,12117101.0,6050286.0,6066814.25,1885856.0,2380676.0,2401815.25,1925405.5,1925248.5,2064619.25,1795188.25,1843448.75,1859648.25,1856682.75,1813781.25,1487737.0,1460614.5,332.0,25.0,30.0,0.0,3.0,30.0,0.0,0.0,0.0,0.0,2.0,77.0,449.0,87.0,592793964.0,1493.0,33.0,2948351.5,9168749.25
11650531,서초4동,서초구,37.498943048639326,127.019813022298,879773,33974203250.0,1721620750.0,1377727750.0,118677750.0,19586537750.0,324820250.0,1389912000.0,1363915500.0,1469072750.0,970642750.0,5651276000.0,30281.0,14804.0,15477.0,6584.0,3448.0,3064.0,5826.0,5248.0,6111.0,10706.0,0.0,40288.0,23041.0,17247.0,7883.0,12350.0,10126.0,7132.0,6425272.25,3052953.25,3372318.75,1213650.25,1165298.25,1250334.25,859265.0,993071.25,1190643.75,954682.75,962881.0,963621.75,970274.75,988801.5,855442.5,729567.75,257.0,2.0,13.0,0.0,1.0,31.0,0.0,0.0,1.0,0.0,0.0,36.0,102.0,105.0,1515744780.0,1107.0,32.0,1585010.25,4840261.75
11650540,잠원동,서초구,37.51708125203908,127.01273679325406,1756867,9543454250.0,718418000.0,181491500.0,66992750.0,4663287750.0,121617250.0,701544000.0,421688750.0,492474250.0,328494000.0,1847446000.0,26800.0,12898.0,13902.0,5125.0,3295.0,3328.0,4910.0,4879.0,5263.0,10729.0,0.0,14890.0,8636.0,6254.0,3109.0,4397.0,3687.0,2306.0,6638166.0,3176208.0,3461957.75,916717.75,1159517.25,1398187.75,998307.75,906375.0,1099929.75,971828.0,978366.75,978826.75,982239.25,988019.5,905694.0,833192.5,135.0,3.0,8.0,0.0,0.0,13.0,0.0,0.0,0.0,0.0,2.0,23.0,157.0,82.0,1005807544.0,1043.0,13.0,1738886.5,4899280.25
11650550,반포본동,서초구,37.50421493946561,126.98755944235896,972536,428839250.0,31592000.0,30649250.0,972500.0,28790750.0,9704750.0,197895500.0,4250.0,53088000.0,8377500.0,67764750.0,117.0,49.0,68.0,17.0,21.0,6.0,22.0,21.0,30.0,44.0,0.0,5670.0,3087.0,2583.0,936.0,1869.0,1616.0,972.0,500657.75,276631.75,224026.0,53627.75,72745.25,101600.75,91453.5,77756.75,79341.25,73377.0,74416.75,75834.75,75359.25,76292.75,67571.0,57806.75,33.0,1.0,3.0,0.0,0.0,2.0,0.0,1.0,0.0,0.0,1.0,5.0,101.0,106.0,2672553922.0,1224.0,2.0,125377.75,375280.5
11650560,반포1동,서초구,37.50552987327867,127.01676111796128,992368,8847169500.0,1085246000.0,38932500.0,57830000.0,3846941500.0,517714250.0,510910500.0,112526250.0,895607750.0,403292250.0,1378168500.0,33740.0,16468.0,17272.0,6962.0,3952.0,5028.0,7041.0,4810.0,5947.0,14637.0,0.0,8508.0,5269.0,3239.0,1544.0,2865.0,2155.0,1282.0,6741513.0,3251237.0,3490275.75,1074481.0,1381146.25,1414724.75,868337.75,862880.25,1127861.5,969528.75,975563.5,977947.75,982997.25,988813.75,951897.5,894764.5,140.0,6.0,6.0,0.0,1.0,20.0,0.0,0.0,0.0,0.0,1.0,26.0,269.0,65.0,783794215.0,958.0,21.0,1846662.0,4894851.0
11650570,반포2동,서초구,37.50722488308,126.99596231145483,1396031,2000837500.0,445570750.0,9544750.0,56750.0,275697250.0,14156500.0,367182750.0,0.0,82264250.0,154326500.0,652038000.0,23322.0,11070.0,12252.0,5945.0,2189.0,2186.0,4645.0,3835.0,4522.0,7603.0,0.0,4018.0,2394.0,1624.0,675.0,1248.0,1044.0,673.0,1872603.25,856864.0,1015739.5,180997.5,221984.5,376010.5,272709.25,262765.75,319467.5,265811.25,267909.25,271230.75,271500.5,274183.25,263015.0,258953.25,74.0,4.0,5.0,0.0,0.0,5.0,0.0,1.0,0.0,0.0,1.0,25.0,52.0,107.0,2447858537.0,609.0,5.0,521968.25,1350635.0
11650580,반포3동,서초구,37.51232457119947,127.00398140914186,1251708,5271135500.0,443225250.0,585634000.0,128166750.0,1022719250.0,27540250.0,979173750.0,51531750.0,739804250.0,120702000.0,1172638250.0,23761.0,11271.0,12490.0,5151.0,2582.0,2533.0,4499.0,4268.0,4728.0,8199.0,0.0,3009.0,1678.0,1331.0,479.0,767.0,666.0,603.0,3298705.0,1495692.75,1803012.25,355807.0,392481.5,636277.0,533715.0,428641.25,617487.5,456282.75,460694.75,466798.0,468036.5,481604.25,492359.5,472928.5,109.0,3.0,7.0,0.0,0.0,11.0,0.0,0.0,0.0,0.0,0.0,18.0,68.0,97.0,1852605615.0,774.0,11.0,965288.0,2333416.25
11650581,반포4동,서초구,37.49954833655945,127.00335874152435,1427141,29951960000.0,2368203500.0,1466583500.0,189386000.0,13471184250.0,904767250.0,2550470250.0,137300250.0,1432068250.0,1152964000.0,6279032750.0,18474.0,8654.0,9820.0,3522.0,2071.0,2343.0,3241.0,3078.0,4219.0,7024.0,0.0,49942.0,44085.0,5857.0,4990.0,10610.0,13478.0,18579.0,5321048.0,2453440.75,2867607.75,437217.75,618299.5,1102874.0,762055.5,673925.25,933252.25,771700.0,775800.0,770386.0,778535.5,779019.0,742036.0,703571.25,130.0,7.0,12.0,1.0,0.0,12.0,0.0,0.0,1.0,0.0,3.0,33.0,355.0,121.0,790172163.0,1688.0,13.0,1445607.25,3875440.5
11650590,방배본동,서초구,37.49505172455024,126.98773058570703,677510,19375456000.0,867213500.0,105340750.0,96890000.0,903854750.0,581101750.0,532793000.0,39514500.0,338686500.0,14766499000.0,1143562250.0,20401.0,9406.0,10995.0,3930.0,2442.0,2230.0,3630.0,3553.0,4616.0,7917.0,0.0,20669.0,11449.0,9220.0,3880.0,5347.0,5505.0,3699.0,4663751.75,2110141.25,2553611.0,478939.75,588400.25,898964.75,734495.25,557025.75,755015.5,665774.0,666802.25,668733.25,668609.5,669942.25,663360.5,660531.25,103.0,2.0,6.0,0.0,0.0,16.0,0.0,1.0,0.0,0.0,0.0,25.0,288.0,98.0,740666457.0,1037.0,16.0,1323891.75,3339861.25
11650600,방배1동,서초구,37.48487992592322,126.99625748803622,689244,6531537500.0,1996605000.0,96204250.0,100076250.0,1589522500.0,21506500.0,375915750.0,113657500.0,280690000.0,447825500.0,1509534250.0,16479.0,7678.0,8801.0,2228.0,2161.0,2666.0,2736.0,2463.0,4225.0,7461.0,0.0,17162.0,11383.0,5779.0,3404.0,5293.0,4191.0,3118.0,4382246.75,2026734.25,2355513.5,597984.75,756377.5,766899.0,617594.5,563620.0,729276.75,638798.75,643712.5,642995.25,643628.0,631167.75,596387.25,585557.75,102.0,3.0,4.0,0.0,1.0,10.0,0.0,1.0,0.0,0.0,1.0,19.0,355.0,62.0,432020432.0,547.0,11.0,1181945.0,3200302.25
11650610,방배2동,서초구,37.465399968712596,126.99344382591029,1904030,80463568000.0,1221258500.0,70245250.0,35080750.0,921605250.0,197164750.0,497657000.0,370295750.0,72059484750.0,236645000.0,4854131000.0,18010.0,8404.0,9606.0,2442.0,2281.0,2679.0,2744.0,2828.0,5036.0,7831.0,0.0,15603.0,7589.0,8014.0,2643.0,4020.0,4313.0,2993.0,4455618.75,2046886.5,2408731.75,645502.0,732241.25,726503.75,670476.25,565011.0,809768.75,635098.5,637080.0,640111.75,643194.75,655638.5,639975.25,604519.75,114.0,4.0,2.0,0.0,0.0,3.0,0.0,1.0,0.0,1.0,1.0,37.0,349.0,65.0,528513471.0,943.0,3.0,1244495.0,3211123.5
11650620,방배3동,서초구,37.47437419914072,126.99791986162606,2375134,4509257500.0,453029250.0,31106250.0,39303750.0,3005672500.0,140977000.0,178334500.0,4602000.0,143931000.0,91660500.0,420640750.0,15757.0,7500.0,8257.0,2670.0,1800.0,1874.0,2500.0,2602.0,4311.0,5855.0,0.0,13530.0,8866.0,4664.0,2139.0,4018.0,3672.0,2203.0,3420072.5,1588119.0,1831954.0,443489.75,476902.75,588306.75,538194.75,402805.25,473468.5,493330.25,500258.25,501437.25,501480.5,492575.75,462985.75,468005.25,112.0,4.0,3.0,0.0,2.0,6.0,0.0,0.0,0.0,0.0,0.0,50.0,367.0,73.0,685949227.0,1530.0,8.0,930991.0,2489082.0
11650621,방배4동,서초구,37.48983518493925,126.99097667124698,949527,6605344750.0,869089750.0,145025750.0,59046750.0,2100215250.0,217116000.0,530256750.0,67227750.0,466156000.0,420670000.0,1730540750.0,22754.0,10319.0,12435.0,3880.0,2825.0,3126.0,4033.0,3755.0,5135.0,9556.0,0.0,16097.0,9948.0,6149.0,2785.0,4449.0,4011.0,3076.0,6369375.5,2830103.5,3539271.75,797800.5,967090.0,1195914.0,988089.25,798980.5,1096348.75,918544.0,921325.5,919381.0,921414.25,929458.5,890616.5,868636.75,156.0,3.0,10.0,0.0,0.0,11.0,0.0,0.0,0.0,1.0,1.0,31.0,499.0,82.0,576507140.0,1452.0,11.0,1759253.25,4610123.25
11650651,양재1동,서초구,37.46949760980856,127.0224956870398,5765358,10705756500.0,1761188750.0,212568750.0,130423250.0,2374376500.0,578754500.0,656167750.0,271552750.0,707005250.0,754692000.0,3259027000.0,41970.0,19916.0,22054.0,7162.0,4669.0,5981.0,7018.0,6403.0,10737.0,17799.0,0.0,24087.0,15586.0,8501.0,5654.0,6688.0,5488.0,3608.0,8531265.5,4280102.75,4251163.25,1036254.25,1641382.25,1671448.0,1220840.25,1272272.75,1412923.25,1286709.75,1298241.0,1303176.25,1302133.5,1261567.0,1039337.0,1040100.75,263.0,12.0,11.0,0.0,1.0,20.0,0.0,0.0,0.0,0.0,2.0,86.0,465.0,81.0,571532117.0,1887.0,21.0,2079437.75,6451827.5
11650652,양재2동,서초구,37.45114628839233,127.04574888856544,7562268,10159962750.0,2496126500.0,98767750.0,99126500.0,1470066250.0,714164750.0,605918500.0,177834000.0,726676500.0,301824500.0,3469457500.0,21157.0,10608.0,10549.0,2407.0,3148.0,4068.0,3407.0,3370.0,4757.0,10943.0,0.0,33724.0,25319.0,8405.0,4473.0,8268.0,9497.0,8910.0,5673596.75,2960560.25,2713036.5,772317.0,1227512.75,1153733.75,889984.75,810296.0,934050.25,845059.0,848798.75,852050.0,851933.75,841413.5,724822.25,709519.0,147.0,2.0,16.0,0.0,0.0,11.0,0.0,1.0,0.0,0.0,1.0,57.0,507.0,56.0,302331031.0,132.0,11.0,1434341.25,4239255.0
11650660,내곡동,서초구,37.45585534760794,127.07062814160918,12708880,2887232500.0,604890500.0,26870250.0,78498500.0,277586750.0,573845000.0,125081500.0,12485500.0,373141250.0,61923250.0,752910000.0,17000.0,8222.0,8778.0,2978.0,1636.0,2294.0,2922.0,2424.0,4746.0,7047.0,0.0,1371.0,892.0,479.0,201.0,283.0,290.0,294.0,1917116.0,932579.0,984537.0,144369.5,227236.0,327374.25,228947.75,220700.0,275992.5,275723.0,277835.0,276102.0,278213.0,275134.0,264065.25,270043.5,161.0,5.0,1.0,0.0,1.0,2.0,0.0,1.0,0.0,0.0,1.0,85.0,90.0,82.0,892412998.0,793.0,3.0,534108.75,1383007.0
11680510,신사동,강남구,37.52608123258473,127.02018221010985,2059234,38285137000.0,1763208000.0,1472573750.0,98476500.0,18455613250.0,371123500.0,968003250.0,817699000.0,6999064500.0,1430527000.0,5908848250.0,15436.0,7204.0,8232.0,2348.0,1899.0,2022.0,2506.0,2568.0,4093.0,6717.0,0.0,27674.0,16540.0,11134.0,5756.0,8383.0,7085.0,4225.0,6526451.25,3036843.5,3489607.75,1186985.5,1405286.25,1353951.0,897905.75,1114564.25,1335579.75,945057.0,974929.25,976078.75,983456.0,1009018.75,886203.5,751707.75,260.0,3.0,14.0,0.0,0.0,36.0,1.0,0.0,1.0,0.0,1.0,12.0,137.0,82.0,1000774827.0,577.0,36.0,1637911.25,4888539.75
11680521,논현1동,강남구,37.511871163299844,127.02650109404793,1258744,39603820750.0,2358798750.0,397185500.0,483664250.0,17416219500.0,208129250.0,1734159750.0,944797000.0,8794601250.0,1436797000.0,5829468500.0,20996.0,9908.0,11088.0,1371.0,3852.0,5204.0,3624.0,2772.0,4173.0,13524.0,0.0,45242.0,26462.0,18780.0,11837.0,13617.0,9633.0,6313.0,9469499.0,4530707.0,4938792.0,2051206.5,2529994.25,1959081.75,1173761.0,1427004.0,1655747.0,1412874.25,1437118.5,1443414.25,1445675.5,1435757.0,1195627.5,1099032.75,300.0,4.0,15.0,0.0,4.0,42.0,0.0,1.0,8.0,0.0,3.0,23.0,467.0,65.0,409434418.0,683.0,46.0,2294660.25,7174839.5
11680531,논현2동,강남구,37.51523834181583,127.03620734636495,1458524,25363885500.0,3593271000.0,940250000.0,861011250.0,7405921250.0,829107500.0,668755500.0,767933750.0,2724556500.0,2079124750.0,5493954000.0,20369.0,9434.0,10935.0,2079.0,3161.0,4071.0,3605.0,3040.0,4413.0,11204.0,0.0,57007.0,36529.0,20478.0,10931.0,16592.0,13817.0,9239.0,11759136.0,5825610.25,5933525.75,1985677.25,2847590.0,2602017.75,1605286.75,1929404.0,2028041.0,1783926.0,1833729.0,1851642.25,1846555.0,1792222.25,1390325.5,1260734.5,240.0,8.0,16.0,0.0,5.0,29.0,0.0,0.0,2.0,0.0,1.0,33.0,364.0,75.0,559871538.0,930.0,34.0,2651060.0,9108074.5
11680545,압구정동,강남구,37.52975405970077,127.03431370176712,2345057,39323780000.0,2224008000.0,2691733750.0,271403250.0,13884601500.0,276389750.0,2094306250.0,931574750.0,6984642750.0,2617685750.0,7347434250.0,26119.0,12090.0,14029.0,4614.0,2812.0,2812.0,4414.0,4347.0,7120.0,10177.0,0.0,50479.0,28382.0,22097.0,11239.0,15770.0,11602.0,7617.0,7489979.0,3393093.75,4096885.75,1249266.0,1478968.5,1535256.5,1021238.0,1273039.0,1490103.75,1054077.5,1098665.5,1102499.75,1120895.75,1153041.0,1052584.75,908213.75,313.0,4.0,25.0,0.0,5.0,30.0,2.0,1.0,3.0,0.0,2.0,18.0,173.0,115.0,1709243568.0,1467.0,35.0,1960798.5,5529179.5
11680565,청담동,강남구,37.524396311018045,127.05046570173896,2329217,29891652750.0,2094461750.0,3157828500.0,436779750.0,10288041000.0,619649250.0,371206250.0,653018750.0,1582261750.0,5517755000.0,5170650750.0,24535.0,11449.0,13086.0,3849.0,3131.0,3696.0,4401.0,3973.0,5485.0,10790.0,0.0,58171.0,33367.0,24804.0,12144.0,19273.0,14498.0,8756.0,8993511.25,4193503.0,4800008.25,1323404.5,1795511.0,1937184.5,1339317.25,1413534.25,1520663.75,1281595.5,1339215.25,1355147.75,1358773.5,1362589.5,1218495.5,1077694.25,288.0,11.0,19.0,0.0,4.0,27.0,0.0,0.0,0.0,0.0,3.0,23.0,330.0,110.0,1225412764.0,2075.0,31.0,2296189.75,6697321.5
11680580,삼성1동,강남구,37.51530032427762,127.06079807607483,1944629,35944874250.0,1784807250.0,7817691750.0,542766500.0,4835495000.0,278525000.0,376150750.0,257343500.0,10812331750.0,4282997000.0,4956765750.0,12134.0,5938.0,6196.0,1774.0,1553.0,1712.0,1917.0,2050.0,3128.0,5230.0,0.0,189339.0,127736.0,61603.0,38149.0,56772.0,50706.0,33617.0,4847406.0,2440254.0,2407152.5,707004.0,1066745.0,1078181.5,739170.75,880736.0,864444.0,716707.5,734777.0,754054.75,762111.75,741550.0,594556.0,543649.75,199.0,6.0,26.0,0.0,3.0,13.0,1.0,0.0,1.0,0.0,3.0,38.0,189.0,98.0,1078530686.0,1281.0,16.0,1138205.75,3709201.0
11680590,삼성2동,강남구,37.51185505709333,127.04877195494672,1242271,15714014500.0,2950398750.0,929024500.0,475256250.0,2391269250.0,222466750.0,4211658250.0,289477250.0,1120359500.0,634394750.0,2489709250.0,30579.0,14671.0,15908.0,5521.0,3838.0,4647.0,6146.0,5012.0,5415.0,13824.0,0.0,70662.0,40645.0,30017.0,14269.0,22959.0,17969.0,10010.0,8830301.0,4330552.0,4499749.0,1205310.75,1741489.0,1970200.25,1315264.5,1237597.0,1368856.75,1331672.5,1342709.75,1346383.5,1346605.5,1314931.5,1094191.5,1053806.75,177.0,10.0,11.0,0.0,0.0,11.0,0.0,0.0,0.0,0.0,4.0,28.0,389.0,66.0,614869178.0,1274.0,11.0,2147998.25,6682302.75
11680600,대치1동,강남구,37.49336170843875,127.05909540225716,809823,11424314500.0,1175933000.0,27273250.0,1575750.0,2146149000.0,15233250.0,5367623250.0,38386750.0,1005845500.0,432422250.0,1213872500.0,23878.0,11957.0,11921.0,6872.0,2275.0,1337.0,5333.0,4121.0,3940.0,7218.0,0.0,18463.0,9836.0,8627.0,3377.0,6035.0,4609.0,2876.0,4420531.25,2115081.25,2305451.0,314528.75,281272.0,875163.25,569538.75,545871.5,838289.5,626617.75,628824.75,615725.5,631620.25,635780.0,656835.5,625126.25,130.0,4.0,11.0,0.0,0.0,13.0,0.0,0.0,0.0,0.0,0.0,24.0,96.0,109.0,2038380761.0,1047.0,13.0,1281961.75,3138568.25
11680610,대치2동,강남구,37.50098976619122,127.06566069711207,1837367,25162143000.0,1997709250.0,7144149750.0,234660750.0,4531013750.0,418923250.0,4979745500.0,183183750.0,1345050250.0,1024169500.0,3303537250.0,38212.0,19396.0,18816.0,8922.0,4008.0,3306.0,7349.0,6670.0,7957.0,13293.0,0.0,102922.0,57561.0,45361.0,18687.0,28320.0,23721.0,19409.0,6504876.0,3469268.5,3035607.75,721875.5,924037.5,1307222.0,834115.5,1041069.0,1282639.25,967703.0,974616.25,969793.25,976366.75,960338.25,856142.0,799916.25,210.0,6.0,26.0,0.0,2.0,20.0,0.0,0.0,0.0,0.0,2.0,39.0,190.0,84.0,1087778286.0,1144.0,22.0,1656058.25,4848817.5
11680630,대치4동,강남구,37.50156295622019,127.05475913388135,701081,187605671250.0,2179768500.0,309347000.0,171384000.0,2812087750.0,391006750.0,6889665000.0,462560750.0,957697750.0,168311420000.0,5120733750.0,18614.0,8869.0,9745.0,2804.0,2971.0,3067.0,3410.0,3345.0,3017.0,9730.0,0.0,43704.0,26895.0,16809.0,7025.0,13031.0,11897.0,7456.0,10354450.5,5154695.25,5199755.0,1355737.25,1594156.75,1959419.75,1460423.25,1562143.0,2111200.75,1494027.5,1516155.75,1519542.25,1528482.0,1526927.75,1441681.25,1327633.25,159.0,4.0,12.0,1.0,1.0,18.0,1.0,0.0,0.0,0.0,0.0,14.0,403.0,52.0,348340499.0,333.0,20.0,2769314.5,7585135.25
11680640,역삼1동,강남구,37.500840499235316,127.03549922946769,2362133,1334302837000.0,7028267250.0,2631238500.0,781060500.0,33053806000.0,513796250.0,4690093250.0,2661090500.0,1093768823250.0,170176263250.0,18998398250.0,34082.0,16650.0,17432.0,2143.0,6658.0,9612.0,6069.0,4191.0,5409.0,23535.0,0.0,202016.0,119620.0,82396.0,40848.0,61541.0,52155.0,35305.0,20357168.25,10412618.75,9944550.0,4687960.75,5630352.5,4239529.5,2446052.5,3559042.25,3854548.0,3121696.75,3196919.25,3227268.25,3221744.5,3159679.75,2356360.75,2073499.75,542.0,15.0,49.0,1.0,3.0,64.0,0.0,0.0,3.0,1.0,1.0,44.0,666.0,52.0,307439893.0,465.0,68.0,4429860.5,15927308.5
11680650,역삼2동,강남구,37.498485675915795,127.04489567185155,1135029,695465866750.0,1913261500.0,196682500.0,209748750.0,4584973750.0,506646250.0,789967000.0,162802500.0,162405259750.0,521184923500.0,3511601250.0,36348.0,16944.0,19404.0,7981.0,4370.0,4509.0,8338.0,5910.0,5240.0,15611.0,0.0,55876.0,33133.0,22743.0,12897.0,15530.0,13301.0,9915.0,12143429.25,5774294.25,6369135.75,1736056.75,2175981.0,2631651.0,1703572.0,1817387.0,1937637.25,1832400.25,1855488.75,1872180.0,1854920.5,1813001.0,1490559.75,1424879.0,195.0,3.0,14.0,0.0,2.0,25.0,0.0,0.0,0.0,0.0,0.0,31.0,338.0,64.0,689282358.0,1258.0,27.0,2915438.75,9227990.5
11680655,도곡1동,강남구,37.48889136331354,127.04101152997734,1050609,34733474250.0,920155750.0,32055000.0,87222500.0,11414329250.0,724728750.0,543606000.0,45136250.0,18980829500.0,316100750.0,1669310500.0,20005.0,9502.0,10503.0,3672.0,2411.0,2742.0,3513.0,3246.0,4421.0,8034.0,0.0,32403.0,22954.0,9449.0,5550.0,7548.0,9026.0,8211.0,8588972.25,4029763.25,4559209.5,909228.25,1329434.0,1756020.0,1261921.5,1132344.75,1398499.0,1248576.5,1268271.75,1274521.5,1269857.25,1261229.5,1141952.0,1124563.0,142.0,4.0,9.0,1.0,4.0,20.0,0.0,0.0,0.0,0.0,1.0,27.0,164.0,97.0,896100276.0,988.0,25.0,2266515.0,6322456.5
11680656,도곡2동,강남구,37.48549151388995,127.04901486736784,990763,73175180500.0,1225557750.0,199007250.0,114346250.0,925937250.0,256177500.0,520586250.0,79833500.0,66593602250.0,638140000.0,2621992500.0,32648.0,15135.0,17513.0,7204.0,3520.0,3007.0,6127.0,5568.0,7222.0,11471.0,0.0,84833.0,58013.0,26820.0,16210.0,33336.0,24374.0,8787.0,3974313.5,1801402.0,2172912.25,372699.25,471810.75,842407.75,615917.75,539490.25,643452.0,576799.75,578221.5,582837.25,580616.5,580610.0,542421.25,532807.0,118.0,7.0,23.0,0.0,0.0,10.0,0.0,0.0,0.0,0.0,3.0,25.0,126.0,96.0,1449913427.0,1036.0,10.0,1075228.25,2899085.0
11680660,개포1동,강남구,37.47778161565642,127.06232784199904,1449952,381973500.0,88350750.0,13885250.0,3081500.0,242790750.0,50000.0,11516750.0,0.0,3153750.0,5575000.0,13569750.0,6765.0,3265.0,3500.0,1151.0,649.0,638.0,1068.0,1017.0,2242.0,2547.0,0.0,3433.0,2110.0,1323.0,538.0,910.0,895.0,710.0,2151109.75,961381.5,1189727.75,156254.0,232634.0,424251.0,280998.5,221435.0,309207.25,302963.5,301900.75,303153.25,301453.75,301738.25,311824.0,328076.0,38.0,1.0,1.0,0.0,0.0,1.0,0.0,0.0,0.0,0.0,0.0,29.0,34.0,103.0,1223110587.0,231.0,1.0,639900.0,1511209.5
11680670,개포2동,강남구,37.484670615998134,127.06901579411922,2243338,2356962250.0,742146000.0,42992250.0,5055750.0,462341750.0,19397000.0,227118750.0,51048500.0,143340000.0,127699250.0,535823000.0,41708.0,20173.0,21535.0,8783.0,4683.0,6170.0,7516.0,6679.0,7877.0,14821.0,0.0,8854.0,5812.0,3042.0,1555.0,2526.0,2126.0,1643.0,2167365.0,967818.0,1199547.0,189516.5,267778.0,398751.25,296529.75,268264.5,353341.5,310927.75,311921.25,314619.25,313346.5,315165.5,303921.0,297464.75,135.0,3.0,3.0,0.0,0.0,9.0,0.0,0.0,0.0,0.0,3.0,50.0,126.0,72.0,1193422232.0,875.0,9.0,601385.75,1565980.25
11680690,개포4동,강남구,37.47533523897234,127.05340597354183,1665461,3470632750.0,853385500.0,56573250.0,177338500.0,647221500.0,139451750.0,174987500.0,35224500.0,285178750.0,302641750.0,798629750.0,23151.0,11149.0,12002.0,3687.0,2869.0,3580.0,3762.0,3942.0,5311.0,10010.0,0.0,7242.0,5255.0,1987.0,872.0,1650.0,2061.0,1731.0,3373673.5,1585008.5,1788665.25,377457.25,547458.25,611745.75,576606.0,395234.25,500873.25,491575.75,488389.75,487013.0,490042.0,484003.5,463947.0,468703.0,115.0,3.0,4.0,0.0,0.0,7.0,0.0,0.0,0.0,0.0,0.0,49.0,370.0,58.0,374558594.0,357.0,7.0,932650.0,2441024.0
11680700,세곡동,강남구,37.47066106826317,127.10430698125876,6367772,5648855750.0,1499035500.0,53358000.0,75027250.0,710779750.0,774444250.0,683002000.0,24452000.0,362980000.0,328759500.0,1137017500.0,45513.0,21325.0,24188.0,8706.0,5330.0,7034.0,8065.0,6259.0,10119.0,19381.0,0.0,379.0,233.0,146.0,5.0,66.0,79.0,124.0,3456072.0,1564238.0,1891834.25,330248.0,494476.5,595743.5,427085.75,378609.75,544736.75,491563.5,489324.75,489818.25,489694.75,488102.0,497311.5,510258.5,191.0,4.0,1.0,0.0,0.0,9.0,0.0,0.0,0.0,0.0,0.0,95.0,208.0,76.0,816718603.0,1866.0,9.0,1007570.0,2448503.25
11680720,일원본동,강남구,37.48230888982903,127.08454846775311,2354625,4878761250.0,779256250.0,12755500.0,10361750.0,2967693250.0,3943000.0,211961250.0,0.0,174749500.0,131215000.0,586825750.0,22796.0,11239.0,11557.0,5022.0,2258.0,2549.0,4257.0,3663.0,5047.0,7994.0,0.0,0.0,0.0,0.0,0.0,0.0,0.0,0.0,2411609.0,1165288.75,1246320.0,186059.25,251345.5,440131.5,335249.25,249190.0,323517.0,348963.75,349191.25,349915.25,348264.75,344984.0,329534.75,340754.75,103.0,2.0,6.0,1.0,0.0,15.0,0.0,0.0,0.0,0.0,1.0,32.0,116.0,81.0,1238926136.0,1378.0,16.0,670289.5,1741319.0
11680730,일원1동,강남구,37.49346892284447,127.08924254756423,953471,2589582500.0,532576750.0,20013000.0,37846250.0,613245250.0,209690250.0,71629250.0,83865250.0,130312000.0,59720250.0,830684250.0,14550.0,7048.0,7502.0,1576.0,1946.0,2115.0,2008.0,2140.0,4765.0,7432.0,0.0,1822.0,1008.0,814.0,221.0,342.0,428.0,401.0,2484765.5,1198487.25,1286278.5,320805.75,419109.75,454829.0,369308.25,291136.5,402825.75,356278.5,356199.0,356702.75,355235.25,355542.0,350591.5,354217.5,74.0,4.0,1.0,0.0,0.0,11.0,0.0,0.0,0.0,0.0,0.0,18.0,202.0,51.0,353811956.0,136.0,11.0,704809.0,1779957.5
11680740,일원2동,강남구,37.49628746986969,127.07883086584854,1300290,1274709500.0,480821500.0,16336500.0,11890250.0,230427000.0,77665750.0,88752250.0,6363500.0,82577000.0,43425000.0,236450750.0,16833.0,8153.0,8680.0,2624.0,1629.0,2392.0,2921.0,2447.0,4820.0,7377.0,0.0,0.0,0.0,0.0,0.0,0.0,0.0,0.0,1344456.75,666813.25,677643.25,117322.0,186650.25,274217.0,180718.0,144839.5,194468.25,193076.25,193313.0,194625.75,194566.0,193936.25,185476.75,189462.5,66.0,3.0,3.0,0.0,0.0,6.0,0.0,0.0,0.0,0.0,1.0,13.0,61.0,71.0,1181049180.0,591.0,6.0,374939.25,969517.25
11680750,수서동,강남구,37.48691887050256,127.10014599671102,1629403,143281103500.0,935976500.0,93845000.0,9663500.0,2282752000.0,18907364000.0,67175500.0,62146750.0,119223840750.0,136850750.0,1561488750.0,14026.0,6312.0,7714.0,1011.0,1134.0,1895.0,1573.0,1854.0,6559.0,7719.0,0.0,19403.0,10244.0,9159.0,2762.0,5225.0,5216.0,3859.0,2240516.5,1063115.75,1177400.5,218357.75,344239.0,388009.75,329032.5,338553.0,370533.0,339869.75,341435.25,341762.0,340767.5,334732.25,275470.25,266479.25,89.0,3.0,3.0,0.0,0.0,11.0,0.0,0.0,0.0,0.0,2.0,23.0,56.0,67.0,831470238.0,344.0,11.0,541949.5,1698566.75
11710510,풍납1동,송파구,37.5384340752653,127.1146637991839,1075294,1624801500.0,474279000.0,11493500.0,258751500.0,83792000.0,14393500.0,74978500.0,35750500.0,62511750.0,289914500.0,318936750.0,11750.0,5769.0,5981.0,1225.0,1267.0,1627.0,1584.0,1988.0,4059.0,5572.0,0.0,651.0,394.0,257.0,62.0,146.0,190.0,192.0,4368252.5,2031388.5,2336864.25,535637.75,692704.5,654363.0,713575.75,468515.75,689391.75,616012.0,615341.25,614476.75,613948.5,616253.75,642145.75,650073.75,48.0,3.0,0.0,0.0,1.0,6.0,0.0,0.0,0.0,0.0,0.0,6.0,109.0,58.0,248265751.0,79.0,7.0,1292219.5,3076032.25
11710520,풍납2동,송파구,37.530169019198894,127.10816850458947,2564554,5307911250.0,987456000.0,16350500.0,40915750.0,2966864750.0,159154250.0,198985750.0,31602500.0,472069000.0,70212750.0,364300000.0,23552.0,11093.0,12459.0,3408.0,3330.0,3689.0,3709.0,3552.0,5864.0,10513.0,0.0,475.0,233.0,242.0,103.0,162.0,119.0,72.0,5052167.0,2293572.25,2758594.5,575435.5,775463.25,855698.25,798173.5,559875.5,748408.75,726154.0,728102.75,729496.25,727578.5,721689.25,701668.25,717479.25,125.0,5.0,5.0,1.0,0.0,26.0,0.0,0.0,0.0,0.0,1.0,24.0,216.0,55.0,312141913.0,475.0,27.0,1419147.5,3633020.75
11710531,거여1동,송파구,37.49475094645482,127.14186096238517,522308,1844726750.0,521316250.0,11905000.0,55200000.0,265055750.0,90288000.0,131780500.0,109684500.0,91407250.0,73656250.0,494433250.0,12011.0,6013.0,5998.0,1339.0,1588.0,1640.0,1595.0,2163.0,3686.0,5558.0,0.0,2887.0,2180.0,707.0,733.0,846.0,701.0,372.0,3397951.5,1615234.5,1782716.75,370328.25,479591.75,519072.75,601147.75,372032.75,564243.75,481573.0,479149.5,479777.0,477362.5,480635.25,495875.5,503578.0,48.0,2.0,0.0,0.0,0.0,2.0,0.0,0.0,0.0,1.0,1.0,6.0,176.0,50.0,231659303.0,57.0,2.0,999453.5,2398497.25
11710532,거여2동,송파구,37.492121108727815,127.14830141427723,612901,3289898500.0,984248500.0,32833000.0,27059250.0,807710250.0,28408750.0,125647500.0,66153250.0,259059000.0,147734750.0,811044250.0,23596.0,11502.0,12094.0,3534.0,2477.0,3477.0,3649.0,3992.0,6467.0,10093.0,0.0,1556.0,806.0,750.0,192.0,254.0,391.0,471.0,3634468.5,1631973.25,2002495.25,337740.5,544979.0,593969.5,560359.75,372228.0,545236.0,518149.25,514967.25,514354.75,512857.0,515040.5,525039.5,534060.75,78.0,3.0,3.0,0.0,1.0,12.0,0.0,0.0,0.0,0.0,0.0,11.0,121.0,61.0,406082098.0,187.0,13.0,1059100.25,2575368.75
11710540,마천1동,송파구,37.49531876462369,127.15600865243684,575258,1366982250.0,600200500.0,35822000.0,73595750.0,321522000.0,35343000.0,51301500.0,33918000.0,32261750.0,25323500.0,157694250.0,17982.0,9215.0,8767.0,2021.0,1988.0,1982.0,2356.0,3374.0,6261.0,8567.0,0.0,586.0,285.0,301.0,19.0,135.0,210.0,197.0,2837669.5,1379096.75,1458572.75,277849.5,342728.75,412848.5,506733.5,285107.25,426898.25,397692.0,395911.0,394255.0,393992.0,394423.0,420019.5,441377.0,73.0,4.0,1.0,0.0,0.0,8.0,0.0,0.0,0.0,1.0,1.0,15.0,280.0,55.0,366040463.0,192.0,8.0,861396.5,1976273.0
11710550,마천2동,송파구,37.50053353499824,127.1506477111596,890688,3854190250.0,1555881500.0,128368750.0,62259750.0,848825750.0,139770500.0,61032500.0,104778000.0,99151000.0,66507500.0,787615000.0,17575.0,8982.0,8593.0,1634.0,2032.0,1978.0,2304.0,3268.0,6359.0,8507.0,0.0,1312.0,881.0,431.0,70.0,317.0,400.0,366.0,4772358.75,2302026.25,2470332.5,469440.75,595238.5,664556.75,823037.0,510379.75,778689.0,669302.75,664065.25,664394.25,662554.5,665891.75,709674.25,736476.0,93.0,3.0,2.0,0.0,0.0,14.0,0.0,0.0,0.0,0.0,0.0,12.0,335.0,51.0,234997355.0,6.0,14.0,1446150.25,3326208.5
11710561,방이1동,송파구,37.50985547965046,127.12245820534145,609259,5647215500.0,554730000.0,90380250.0,21685000.0,792136500.0,268371000.0,1887555250.0,94091000.0,156722250.0,157155750.0,1624388500.0,15091.0,7264.0,7827.0,2333.0,2083.0,2125.0,2358.0,2580.0,3612.0,6092.0,0.0,5978.0,4386.0,1592.0,616.0,1171.0,1575.0,1595.0,3434260.75,1593689.0,1840571.5,372574.5,440832.0,551304.5,453543.0,419187.25,762495.75,485401.25,490229.0,481867.75,496466.0,496215.5,503733.25,480347.25,73.0,2.0,1.0,0.0,0.0,10.0,0.0,0.0,0.0,0.0,1.0,11.0,304.0,64.0,322265419.0,363.0,10.0,984080.5,2450179.5
11710562,방이2동,송파구,37.513242816212546,127.11389003666461,769841,146276318000.0,2397183000.0,133824750.0,19616000.0,2308761500.0,460098000.0,1000243250.0,940416000.0,130672878000.0,571995750.0,7771301750.0,26094.0,11878.0,14216.0,2020.0,5130.0,6448.0,3632.0,3345.0,5519.0,15656.0,0.0,40697.0,23384.0,17313.0,6579.0,10448.0,9191.0,8692.0,6283369.5,3000115.75,3283253.25,1243506.25,1465749.25,1072964.75,781973.0,748515.5,1162912.25,877479.0,880764.5,891480.0,893871.0,914734.0,935414.5,889627.5,164.0,3.0,5.0,0.0,0.0,18.0,0.0,0.0,0.0,0.0,1.0,13.0,714.0,52.0,239920799.0,131.0,18.0,1825042.0,4458328.5
11710566,오륜동,송파구,37.51742613125331,127.12883899753022,3085088,2493445500.0,970273750.0,61569500.0,10606250.0,176751500.0,23355000.0,107874250.0,14616750.0,505689750.0,59617500.0,563091250.0,17799.0,8725.0,9074.0,3619.0,1925.0,1601.0,3036.0,3015.0,4603.0,5896.0,0.0,15658.0,9074.0,6584.0,2540.0,4738.0,4068.0,3134.0,754766.25,353330.5,401435.25,87907.25,95462.0,129839.75,100418.25,92129.0,132102.0,103949.75,104065.25,103831.5,105183.0,110123.25,112449.25,115163.5,74.0,4.0,6.0,0.0,0.0,6.0,0.0,0.0,0.0,0.0,3.0,15.0,122.0,108.0,1584508693.0,1370.0,6.0,227612.75,527152.75
11710570,오금동,송파구,37.50400442081414,127.13401832661899,1648868,6694243250.0,1621411250.0,60815250.0,184991250.0,1154451000.0,780962750.0,767172500.0,71875000.0,355186000.0,117563750.0,1579814500.0,37341.0,18034.0,19307.0,5202.0,4669.0,5043.0,5341.0,6555.0,10531.0,15582.0,0.0,21434.0,14979.0,6455.0,2841.0,5091.0,5432.0,5171.0,9703115.0,4504320.5,5198795.25,983332.25,1233922.25,1508146.75,1526522.75,1173614.25,1552172.0,1386833.25,1384457.0,1374775.25,1384436.75,1377906.5,1383781.5,1410924.5,134.0,5.0,5.0,0.0,0.0,13.0,0.0,0.0,0.0,0.0,3.0,27.0,628.0,59.0,293781847.0,748.0,13.0,2794706.0,6908408.75
11710580,송파1동,송파구,37.50718240617835,127.11036340656342,686925,9500487750.0,1696869750.0,145796750.0,124506000.0,1482069000.0,110860750.0,331105500.0,228391250.0,567454500.0,630338500.0,4183095750.0,23353.0,10821.0,12532.0,2098.0,4019.0,5392.0,3349.0,3167.0,5328.0,12486.0,0.0,10911.0,6854.0,4057.0,1540.0,2448.0,2729.0,2382.0,5745404.75,2591131.5,3154273.0,1032967.0,1306759.75,944926.75,741559.0,693633.25,1027236.25,799285.0,800850.0,803532.75,810493.0,824966.5,863276.0,843001.0,102.0,2.0,4.0,0.0,3.0,14.0,0.0,0.0,0.0,0.0,2.0,13.0,785.0,48.0,230387988.0,154.0,17.0,1706277.0,4039127.25
11710590,송파2동,송파구,37.50285118895995,127.11700695012969,631023,3103971750.0,673821000.0,28088500.0,222387500.0,395181000.0,704378250.0,326531000.0,20491750.0,154593000.0,85660500.0,492839250.0,18476.0,8909.0,9567.0,2965.0,2336.0,2638.0,2935.0,2929.0,4673.0,7095.0,0.0,4268.0,2690.0,1578.0,682.0,1065.0,1114.0,1017.0,2990354.75,1320938.0,1669416.75,324797.25,451134.5,492415.75,407982.25,363678.0,474548.75,428231.25,429004.75,428454.0,429316.25,429362.75,422028.0,423956.5,79.0,3.0,1.0,0.0,0.0,11.0,0.0,0.0,0.0,0.0,0.0,7.0,239.0,60.0,431349742.0,679.0,11.0,845984.5,2144369.0
11710600,석촌동,송파구,37.50272950941379,127.1025081499752,946914,11098012250.0,2664672250.0,255184250.0,86573250.0,2001969000.0,954531000.0,546304250.0,279209500.0,649362500.0,571328250.0,3088878000.0,30682.0,14536.0,16146.0,2809.0,5023.0,6745.0,4605.0,4370.0,7130.0,16996.0,0.0,9531.0,6317.0,3214.0,1141.0,2177.0,2227.0,1961.0,6634373.25,3066611.0,3567762.0,973292.0,1478932.75,1179626.0,884371.5,777871.75,1091435.0,932206.75,932518.5,936147.25,943240.75,947272.25,965814.25,977174.0,159.0,3.0,7.0,0.0,2.0,27.0,0.0,0.0,0.0,0.0,0.0,20.0,1101.0,49.0,233692189.0,119.0,29.0,1942988.25,4691385.5
11710610,삼전동,송파구,37.501900312956664,127.09188763577404,953338,7514172750.0,1690591750.0,94550000.0,205474000.0,1423296750.0,197898750.0,792420000.0,90816000.0,709568500.0,565769000.0,1743788000.0,29062.0,13547.0,15515.0,2820.0,4764.0,6320.0,4660.0,4135.0,6363.0,16117.0,0.0,4352.0,2946.0,1406.0,509.0,988.0,985.0,884.0,6217630.0,2854751.5,3362878.5,897042.5,1330200.25,1100605.75,802369.75,664262.25,986687.0,882628.25,876082.0,875286.75,877497.0,877343.5,908135.25,920656.5,118.0,4.0,2.0,0.0,0.0,14.0,0.0,0.0,0.0,1.0,1.0,12.0,1107.0,48.0,206041603.0,14.0,14.0,1828791.75,4388837.5
11710620,가락본동,송파구,37.497016985361284,127.12165695132245,1014738,9498381250.0,1373256750.0,174481000.0,117718750.0,2752907000.0,236530500.0,165646750.0,438734000.0,762139000.0,290676750.0,3186290750.0,25171.0,12461.0,12710.0,2965.0,3485.0,4476.0,3545.0,4192.0,6508.0,11567.0,0.0,27617.0,16684.0,10933.0,3757.0,6663.0,6325.0,5409.0,8601247.75,4200728.0,4400520.25,1039055.0,1598914.5,1602041.5,1391528.75,1087129.75,1451595.25,1248657.25,1255021.75,1255668.5,1257596.75,1259791.25,1181387.75,1143125.75,144.0,5.0,9.0,1.0,5.0,21.0,0.0,0.0,0.0,0.0,0.0,21.0,368.0,58.0,306705931.0,578.0,27.0,2324513.5,6276735.5
11710631,가락1동,송파구,37.49519195414569,127.10827635341148,1393228,6401264000.0,3474882000.0,65724250.0,148864750.0,776977000.0,8979500.0,242046500.0,15034000.0,194704500.0,492604000.0,981447500.0,27469.0,13286.0,14183.0,5719.0,2571.0,4733.0,4925.0,3631.0,5890.0,9799.0,0.0,6121.0,4283.0,1838.0,416.0,1136.0,1687.0,1754.0,760413.25,369851.0,390562.0,68572.25,138552.5,149495.25,110694.0,90901.25,128121.0,108645.5,108134.0,108274.5,108927.5,109650.5,109958.75,106821.75,82.0,2.0,8.0,0.0,0.0,13.0,0.0,1.0,0.0,0.0,3.0,16.0,4.0,85.0,988708333.0,48.0,13.0,216780.5,543632.0
11710632,가락2동,송파구,37.49585396191582,127.13076957846668,932311,6173321250.0,1665565500.0,50555000.0,63981000.0,1405265500.0,365542750.0,524852000.0,73361000.0,318158250.0,286370250.0,1419670000.0,31181.0,15186.0,15995.0,5254.0,4005.0,4610.0,5066.0,5110.0,7136.0,12362.0,0.0,6932.0,4664.0,2268.0,913.0,1467.0,1386.0,1306.0,5850009.75,2702653.0,3147356.75,688092.75,884687.75,924512.5,891417.75,664961.5,951016.25,836154.5,830401.5,833334.5,828821.0,830307.25,839987.0,851003.75,143.0,3.0,6.0,0.0,0.0,17.0,0.0,0.0,0.0,0.0,1.0,22.0,460.0,57.0,322360011.0,788.0,17.0,1690990.75,4159018.75
11710641,문정1동,송파구,37.488442895397405,127.12690089911081,612546,3538175000.0,978629500.0,138867500.0,34694000.0,356852250.0,96743500.0,164111000.0,95773500.0,518719750.0,81717000.0,1072067000.0,19502.0,9647.0,9855.0,2438.0,2819.0,3305.0,2734.0,3098.0,5108.0,8497.0,0.0,23872.0,18450.0,5422.0,2165.0,4451.0,6877.0,9020.0,4239702.5,2015422.5,2224280.0,609062.75,845459.25,743757.0,598569.0,508654.25,663793.75,615362.75,613814.75,615040.25,615659.25,611462.75,581653.75,586710.0,70.0,3.0,1.0,0.0,0.0,5.0,0.0,0.0,0.0,0.0,0.0,19.0,387.0,56.0,323269052.0,529.0,5.0,1168363.75,3071339.75
11710642,문정2동,송파구,37.48119785867748,127.11914395257529,2242033,21878650250.0,3031455500.0,4031949500.0,1631483500.0,4770743750.0,927132500.0,284014500.0,309523750.0,1102310500.0,920936500.0,4869100250.0,28782.0,13195.0,15587.0,2904.0,4676.0,7307.0,4456.0,3472.0,5967.0,15844.0,0.0,78185.0,49174.0,29011.0,11211.0,23820.0,23985.0,13848.0,2811963.5,1403068.5,1408895.5,376975.0,616589.0,555319.25,438271.75,405209.25,461768.25,423099.5,421734.75,425266.5,422748.5,418757.75,359630.0,340725.75,149.0,10.0,12.0,0.0,1.0,22.0,0.0,0.0,2.0,0.0,3.0,14.0,66.0,116.0,1320577273.0,772.0,23.0,700355.75,2111607.0
11710646,장지동,송파구,37.48297775415758,127.13150466192289,1278355,3684000250.0,1325660250.0,40852250.0,31787250.0,489686500.0,337697750.0,430616000.0,53069750.0,185764250.0,89113000.0,699753250.0,28473.0,13711.0,14762.0,4331.0,3521.0,4383.0,4387.0,4637.0,7214.0,12055.0,0.0,3961.0,2686.0,1275.0,428.0,625.0,944.0,1048.0,7479564.75,3482908.5,3996656.25,854316.0,1289841.5,1274105.25,1077922.75,807519.0,1163965.75,1061904.75,1059064.75,1060121.5,1055990.5,1052653.5,1079077.5,1110753.5,136.0,4.0,3.0,0.0,0.0,10.0,0.0,0.0,1.0,0.0,1.0,41.0,357.0,52.0,359665487.0,742.0,10.0,2189831.0,5289735.0
11710647,위례동,송파구,37.48121019018826,127.14070474690847,2537372,4272879250.0,737216750.0,71171000.0,6702750.0,444845500.0,851593750.0,705366750.0,24459750.0,210983500.0,190243000.0,1030296500.0,44857.0,21874.0,22983.0,12586.0,4244.0,6785.0,9367.0,5881.0,5994.0,14702.0,0.0,0.0,0.0,0.0,0.0,0.0,0.0,0.0,3311511.25,1493096.75,1818414.25,264598.5,479756.25,642851.0,396694.75,360623.0,565721.0,463253.5,462080.5,462341.5,463571.75,468260.25,493255.75,498747.25,84.0,3.0,1.0,0.0,0.0,5.0,0.0,0.0,0.0,0.0,0.0,32.0,105.0,74.0,775064459.0,717.0,5.0,992003.0,2319507.5
11710650,잠실본동,송파구,37.505988713144895,127.08261855968016,1028997,18287796000.0,3028884000.0,125699000.0,156290500.0,4214958250.0,1322246250.0,727629500.0,882308750.0,1384217250.0,659310750.0,5786251750.0,27731.0,13208.0,14523.0,2445.0,4952.0,6226.0,4164.0,3970.0,5974.0,16073.0,0.0,12201.0,7840.0,4361.0,1641.0,2349.0,2863.0,2716.0,8013728.75,3784132.25,4229596.0,1274299.25,1592602.75,1447217.75,1101299.0,919784.75,1438527.75,1114347.25,1112617.75,1118234.25,1121933.75,1147103.5,1212370.25,1187122.75,192.0,5.0,9.0,0.0,1.0,24.0,0.0,0.0,0.0,0.0,1.0,12.0,802.0,47.0,234213241.0,170.0,25.0,2399493.0,5614236.5
11710670,잠실2동,송파구,37.51742470319823,127.07933949383688,2686850,3569480000.0,647134750.0,116671500.0,12127250.0,1261782000.0,14059000.0,493209000.0,0.0,395544000.0,191243250.0,437709250.0,34909.0,16705.0,18204.0,9113.0,3341.0,3220.0,8042.0,5660.0,5533.0,11542.0,0.0,4063.0,2707.0,1356.0,779.0,1180.0,1068.0,810.0,2229702.75,1016110.5,1213591.75,220903.75,238284.75,453189.0,307755.75,223865.5,326810.5,311683.25,311791.5,313911.25,313280.25,318865.0,330147.0,330024.5,91.0,4.0,6.0,0.0,0.0,14.0,0.0,0.0,0.0,0.0,1.0,5.0,135.0,87.0,1593767032.0,1629.0,14.0,660171.5,1569531.25
11710680,잠실3동,송파구,37.51389983804155,127.09424373378849,1542643,9187960500.0,1047986750.0,258119000.0,116591750.0,1364144750.0,1589000.0,305046000.0,123490750.0,4821042000.0,427214250.0,722736250.0,33805.0,15960.0,17845.0,6578.0,3530.0,3519.0,6057.0,5459.0,8662.0,11814.0,0.0,38665.0,26212.0,12453.0,7046.0,9705.0,9641.0,7338.0,3609731.5,1582433.25,2027299.0,407373.25,502555.5,676588.0,467472.25,474058.75,659785.0,497047.0,502284.0,504124.5,514545.25,517737.25,544530.5,529463.75,103.0,5.0,9.0,0.0,0.0,11.0,0.0,0.0,0.0,0.0,0.0,16.0,114.0,91.0,1588357988.0,1322.0,11.0,1073994.25,2535738.0
11710690,잠실4동,송파구,37.52069857640795,127.10916160670861,780204,1758754000.0,574855750.0,27435000.0,1467250.0,561585500.0,1611500.0,179478750.0,3222750.0,65544000.0,117521000.0,226032500.0,21192.0,10213.0,10979.0,4930.0,1852.0,2399.0,4442.0,3132.0,4437.0,7231.0,0.0,4438.0,3563.0,875.0,593.0,1392.0,1289.0,940.0,2141928.5,991556.0,1150372.25,243733.25,311837.25,413237.0,293273.5,229766.75,300424.0,304667.75,306296.25,306357.5,307205.25,306238.5,307213.25,303950.0,74.0,3.0,3.0,0.0,0.0,10.0,0.0,0.0,0.0,0.0,2.0,7.0,66.0,93.0,1406654040.0,776.0,10.0,611163.25,1530765.25
11710710,잠실6동,송파구,37.51977009676446,127.09946592122714,1508001,38860033000.0,2741202000.0,389160750.0,29778000.0,6966399000.0,306658250.0,202250750.0,19538250.0,23082565000.0,869329000.0,4253152000.0,16514.0,7825.0,8689.0,2948.0,1768.0,1981.0,2777.0,2606.0,4434.0,5834.0,0.0,83532.0,44510.0,39022.0,13303.0,22172.0,23826.0,21315.0,2323983.5,1086520.25,1237464.0,336102.75,427786.0,477571.25,328991.75,370087.75,439940.5,341530.5,347556.75,350633.5,350031.0,344094.75,304971.75,285165.5,144.0,4.0,17.0,0.0,1.0,23.0,0.0,0.0,1.0,0.0,2.0,13.0,39.0,111.0,1372751586.0,502.0,24.0,590137.25,1733846.5
11710720,잠실7동,송파구,37.50731897355745,127.07388865677532,723486,467015750.0,173861500.0,11633250.0,68176500.0,21372250.0,461500.0,30596000.0,0.0,91597000.0,6129250.0,63188500.0,9419.0,4382.0,5037.0,1435.0,1103.0,943.0,1245.0,1640.0,3053.0,3365.0,0.0,0.0,0.0,0.0,0.0,0.0,0.0,0.0,692662.0,306551.0,386111.25,88850.5,107994.0,121626.5,105620.25,86551.25,102304.25,98193.75,99560.0,99960.75,99827.75,99088.75,96347.0,99684.5,30.0,2.0,4.0,0.0,0.0,4.0,0.0,0.0,0.0,0.0,2.0,3.0,44.0,125.0,1915929924.0,528.0,4.0,196031.5,496631.0
11740515,강일동,강동구,37.56354400949654,127.17428312632684,3647520,3405513000.0,1287290750.0,14379500.0,20114250.0,568085000.0,265694750.0,389157500.0,4259750.0,178977000.0,88425000.0,589129500.0,44257.0,21047.0,23210.0,8773.0,4901.0,5797.0,7171.0,6561.0,11054.0,17658.0,0.0,143.0,97.0,46.0,18.0,32.0,41.0,36.0,3549463.75,1657845.75,1891618.0,312893.75,464837.25,650906.0,495712.25,371116.75,523514.0,509437.75,506939.75,504785.75,504030.25,500822.75,503737.0,519711.0,187.0,5.0,3.0,0.0,0.0,12.0,0.0,0.0,0.0,0.0,3.0,79.0,180.0,71.0,564568969.0,982.0,12.0,1023448.0,2526016.25
11740520,상일동,강동구,37.55065532184495,127.16482638430625,1813623,3521577250.0,1279980500.0,33210250.0,17927000.0,356338750.0,60605250.0,262742500.0,56867750.0,573054000.0,68476750.0,812374500.0,39307.0,19334.0,19973.0,9332.0,3437.0,5097.0,8026.0,5494.0,7921.0,13601.0,0.0,1291.0,653.0,638.0,193.0,290.0,316.0,338.0,3427747.5,1580112.5,1847635.5,292123.0,484573.5,704292.75,466092.0,389156.75,567578.5,490088.75,489361.5,491131.25,491113.25,490150.75,486859.25,489043.5,105.0,4.0,2.0,1.0,0.0,8.0,0.0,0.0,0.0,0.0,0.0,37.0,200.0,77.0,640637598.0,1540.0,9.0,975902.75,2451845.5
11740530,명일1동,강동구,37.55034679414935,127.14594969313026,634942,7202034500.0,1849335750.0,135389500.0,50485000.0,1678910750.0,60156500.0,787764250.0,175422000.0,268761250.0,250806500.0,1945003000.0,25279.0,12363.0,12916.0,4369.0,2720.0,3749.0,4145.0,3901.0,6395.0,10027.0,0.0,3986.0,2240.0,1746.0,588.0,1079.0,1016.0,710.0,4656749.5,2076731.75,2580017.25,443029.0,580002.25,809386.0,677273.0,569852.25,850974.25,640590.5,642926.75,656033.75,644124.75,653246.5,688309.75,731517.75,151.0,5.0,6.0,0.0,2.0,17.0,0.0,0.0,0.0,0.0,1.0,22.0,178.0,61.0,354738270.0,430.0,19.0,1419827.5,3236922.25
11740540,명일2동,강동구,37.54823687154235,127.15428564477767,914329,7069911500.0,913045500.0,38575750.0,11872000.0,2060194000.0,23806250.0,2113624250.0,42410750.0,350406000.0,197715750.0,1318261250.0,17034.0,8298.0,8736.0,3313.0,2117.0,1797.0,2939.0,2672.0,4196.0,6424.0,0.0,2834.0,1939.0,895.0,340.0,806.0,757.0,597.0,2163064.75,1019994.0,1143070.5,200805.5,201718.0,348411.25,279937.25,261102.25,380376.75,309688.25,311128.75,312596.75,311125.25,312565.75,307914.5,298046.0,107.0,3.0,6.0,0.0,0.0,18.0,0.0,0.0,0.0,0.0,0.0,18.0,81.0,77.0,606495793.0,514.0,18.0,605960.5,1557104.75
11740550,고덕1동,강동구,37.561711098625906,127.15094058086898,1518495,1764856000.0,863755500.0,22915000.0,10817000.0,175834000.0,22440000.0,238082750.0,18125000.0,73194750.0,50119500.0,289572500.0,23932.0,12182.0,11750.0,6073.0,1949.0,2426.0,5297.0,3431.0,4756.0,8155.0,0.0,845.0,437.0,408.0,96.0,186.0,218.0,201.0,3577851.5,1759817.5,1818033.5,250701.0,337341.25,668058.25,405257.25,390870.5,538816.5,511403.0,510942.25,510589.0,510205.75,506706.75,511072.0,516932.25,92.0,3.0,0.0,0.0,0.0,4.0,0.0,0.0,0.0,0.0,1.0,26.0,147.0,69.0,636907618.0,800.0,4.0,1028004.25,2549846.75
11740560,고덕2동,강동구,37.56497604216885,127.16201692163283,2206786,2931695750.0,870178250.0,32163500.0,48504000.0,823504250.0,34451250.0,386896000.0,14104750.0,116763250.0,108525500.0,496605000.0,22684.0,11427.0,11257.0,4754.0,2039.0,3425.0,4400.0,3203.0,4863.0,8924.0,0.0,1176.0,740.0,436.0,57.0,144.0,265.0,416.0,2128055.25,998553.0,1129501.75,182831.75,312443.25,414845.5,266682.75,254173.0,344030.25,303838.5,304101.75,304045.0,304684.5,304571.5,303152.75,303662.5,78.0,3.0,1.0,0.0,0.0,9.0,0.0,0.0,0.0,0.0,1.0,25.0,115.0,56.0,566947021.0,620.0,9.0,606815.25,1521241.25
11740570,암사1동,강동구,37.551846934328324,127.13459056861635,735480,6634106500.0,3072194000.0,94633000.0,42037500.0,802690500.0,443122250.0,182184500.0,151794250.0,229748750.0,290457500.0,1325244250.0,33825.0,16775.0,17050.0,4027.0,4289.0,4876.0,5160.0,5816.0,9657.0,16155.0,0.0,3050.0,1889.0,1161.0,381.0,663.0,645.0,607.0,8585018.0,4023367.0,4561651.0,930292.75,1283242.75,1459447.5,1372922.0,901663.0,1389791.5,1204563.75,1197333.75,1192583.5,1193975.25,1193800.25,1278169.5,1324593.5,90.0,2.0,1.0,0.0,0.0,8.0,0.0,1.0,0.0,0.0,0.0,13.0,675.0,50.0,203840466.0,273.0,8.0,2602763.0,5982256.5
11740580,암사2동,강동구,37.55703058080124,127.12368975590155,2174329,2754903250.0,497889000.0,19393500.0,40328750.0,602826250.0,119895500.0,216723750.0,39395250.0,247151500.0,108364750.0,862935000.0,14825.0,7158.0,7667.0,2123.0,1760.0,2621.0,2306.0,2266.0,3749.0,6375.0,0.0,1552.0,567.0,985.0,159.0,258.0,369.0,460.0,2280351.5,1070592.5,1209758.75,266476.25,403748.5,397021.5,365119.25,252699.75,384134.25,319874.25,316324.0,316929.75,317113.5,322862.5,344124.5,343122.75,61.0,1.0,3.0,0.0,0.0,6.0,0.0,0.0,0.0,0.0,1.0,6.0,114.0,53.0,308204454.0,273.0,6.0,687247.25,1593104.0
11740590,암사3동,강동구,37.5611855898297,127.13863664336331,1799368,1704954750.0,511412250.0,26675500.0,29030750.0,214772250.0,10629250.0,396283250.0,0.0,130165000.0,96761500.0,289225000.0,17136.0,8416.0,8720.0,3437.0,1763.0,2030.0,3124.0,2594.0,4188.0,6078.0,0.0,0.0,0.0,0.0,0.0,0.0,0.0,0.0,1598117.75,752591.75,845525.75,155182.25,216146.75,271304.0,229405.0,176587.5,233539.25,230181.25,230093.5,231120.25,231019.5,230224.25,221874.5,223605.0,50.0,2.0,1.0,0.0,0.0,5.0,0.0,0.0,0.0,0.0,0.0,12.0,119.0,72.0,508041003.0,632.0,5.0,445479.5,1152638.75
11740600,천호1동,강동구,37.54632824439577,127.13855254398837,668998,3269693500.0,841991250.0,107204000.0,62497750.0,568236250.0,37137500.0,226153250.0,31850000.0,235753000.0,146227750.0,1012642750.0,25942.0,12735.0,13207.0,2644.0,3280.0,3850.0,3678.0,4341.0,8149.0,12929.0,0.0,1673.0,998.0,675.0,112.0,302.0,431.0,416.0,10348070.0,4811195.5,5536874.25,1121775.5,1533414.25,1710993.0,1597275.0,1130115.75,1595962.5,1475431.75,1466239.5,1466990.5,1465974.25,1458303.0,1490069.75,1525059.75,92.0,4.0,1.0,0.0,0.0,11.0,0.0,0.0,1.0,0.0,1.0,11.0,464.0,50.0,206416585.0,22.0,11.0,3015129.5,7332939.0
11740610,천호2동,강동구,37.544995001700855,127.12200645292198,1850853,64433565500.0,1398410250.0,164802500.0,150608250.0,2774596500.0,390414750.0,183119250.0,592747000.0,54770722000.0,642594000.0,3365551000.0,32694.0,15924.0,16770.0,3070.0,4613.0,6011.0,4701.0,5084.0,9215.0,17419.0,0.0,2893.0,1513.0,1380.0,265.0,627.0,774.0,728.0,10936913.5,5192896.25,5744017.5,1374640.5,1887269.0,1787238.0,1710246.75,1280086.75,1832503.75,1537492.25,1534979.75,1538552.25,1540654.75,1553185.75,1610202.25,1621846.75,203.0,4.0,3.0,0.0,1.0,26.0,0.0,0.0,0.0,3.0,0.0,22.0,529.0,48.0,217529985.0,135.0,27.0,3232049.0,7704864.75
11740620,천호3동,강동구,37.539693927057975,127.13330144701196,561872,6277767250.0,871864500.0,134105000.0,80419000.0,2574541500.0,19466000.0,107085500.0,224007750.0,431380750.0,332980750.0,1501916500.0,25969.0,12529.0,13440.0,2197.0,4210.0,5030.0,3486.0,3867.0,7179.0,14368.0,0.0,1173.0,685.0,488.0,34.0,113.0,188.0,202.0,7490891.25,3512316.0,3978575.25,1150430.5,1398383.5,1138863.25,1087034.5,806471.0,1195346.25,1051475.25,1044392.75,1046818.25,1045933.0,1053087.75,1110321.75,1138862.0,115.0,4.0,3.0,0.0,2.0,14.0,0.0,0.0,0.0,1.0,0.0,11.0,230.0,51.0,234414070.0,110.0,16.0,2249183.75,5241707.0
11740640,성내1동,강동구,37.52869220538448,127.12554357971965,663675,6103718250.0,936298000.0,284232750.0,93038250.0,1815142750.0,569500250.0,185035250.0,65853750.0,365545750.0,268361500.0,1520710000.0,19392.0,9277.0,10115.0,2902.0,2484.0,2971.0,3248.0,2960.0,4827.0,8213.0,0.0,13187.0,8961.0,4226.0,1560.0,2758.0,2855.0,3402.0,5562216.0,2511329.75,3050886.25,628313.25,876544.0,961019.5,859339.75,692619.75,899367.5,808701.25,809272.75,809939.0,809834.5,803980.0,754778.0,765710.25,98.0,6.0,4.0,0.0,2.0,9.0,0.0,0.0,1.0,0.0,0.0,20.0,363.0,57.0,252319568.0,248.0,11.0,1520488.25,4041727.5
11740650,성내2동,강동구,37.534402234876005,127.12770283898251,625147,7241474750.0,1514460500.0,599686000.0,122172250.0,2131105500.0,145025250.0,148461750.0,170806500.0,262082500.0,194399250.0,1953275250.0,23452.0,11433.0,12019.0,1873.0,3921.0,4390.0,3062.0,3447.0,6759.0,13395.0,0.0,1852.0,1288.0,564.0,290.0,394.0,449.0,365.0,8264630.5,3873614.5,4391016.0,1135634.25,1477855.5,1293730.25,1202333.0,912096.5,1366987.5,1159240.75,1150984.25,1154680.0,1151868.0,1161859.5,1233139.5,1252857.5,113.0,2.0,3.0,0.0,4.0,14.0,0.0,0.0,1.0,0.0,3.0,16.0,329.0,48.0,202618082.0,46.0,18.0,2485997.0,5778632.5
11740660,성내3동,강동구,37.528349806222344,127.1337677263742,647356,7995337000.0,1672319750.0,245298250.0,58330000.0,1408013000.0,311578000.0,396694750.0,176180250.0,502976250.0,337119000.0,2886827750.0,22433.0,10963.0,11470.0,2471.0,3268.0,3311.0,3357.0,3800.0,6226.0,10645.0,0.0,3676.0,2235.0,1441.0,497.0,837.0,936.0,773.0,6705176.25,3126093.5,3579083.5,885336.5,1092382.5,1175243.0,1033714.25,762065.5,1078154.0,943704.5,943959.0,947580.25,943567.5,953026.5,973499.75,999837.5,136.0,4.0,5.0,0.0,0.0,13.0,0.0,0.0,0.0,0.0,1.0,13.0,460.0,54.0,212466670.0,30.0,13.0,1973337.25,4731837.75
11740685,길동,강동구,37.53969697581689,127.14596287718913,1631616,12829243500.0,3371323250.0,139670500.0,366710500.0,3359292750.0,137293750.0,396697500.0,537542250.0,737450750.0,424995750.0,3358266500.0,44395.0,21594.0,22801.0,4611.0,6297.0,7127.0,6419.0,7099.0,12842.0,21799.0,0.0,9734.0,4931.0,4803.0,1332.0,1956.0,2232.0,2405.0,18248712.5,8295329.5,9953383.75,2210441.0,2924061.25,2955853.25,2869886.0,2102197.5,3014546.5,2580753.0,2581667.5,2580515.75,2577856.5,2592791.0,2654858.5,2680269.5,242.0,6.0,10.0,1.0,4.0,34.0,0.0,0.0,0.0,0.0,1.0,36.0,618.0,55.0,227597799.0,317.0,39.0,5335128.0,12913583.75
11740690,둔촌1동,강동구,37.52306221389546,127.14042130885898,912178,20877750.0,4316000.0,551250.0,0.0,0.0,0.0,1980500.0,0.0,6930750.0,1830250.0,5269000.0,16.0,10.0,6.0,2.0,0.0,1.0,5.0,1.0,7.0,11.0,0.0,0.0,0.0,0.0,0.0,0.0,0.0,0.0,27847.75,12924.5,14923.75,2292.75,4030.25,5256.25,3635.75,3148.0,4348.0,3910.0,3915.5,3918.25,3920.75,3955.0,4061.75,4167.5,14.0,0.0,0.0,0.0,0.0,0.0,0.0,0.0,0.0,0.0,1.0,6.0,0.0,0.0,0.0,0.0,0.0,8229.25,19619.5
11740700,둔촌2동,강동구,37.531307071589495,127.14724759874731,1550455,4332535500.0,747393750.0,71162000.0,194380250.0,536622750.0,798960250.0,145779000.0,26883000.0,311680750.0,295882750.0,1203791000.0,24228.0,11861.0,12367.0,3360.0,3110.0,3688.0,3495.0,3911.0,6664.0,10426.0,0.0,2489.0,1120.0,1369.0,472.0,661.0,548.0,519.0,6701757.75,3118955.25,3582802.5,757890.0,996952.5,1065764.75,976390.0,762752.25,1036913.75,959105.0,954847.75,956418.5,952343.5,950946.5,947922.5,980174.5,129.0,5.0,4.0,1.0,0.0,17.0,0.0,0.0,0.0,0.0,1.0,32.0,316.0,56.0,261960069.0,359.0,18.0,1928097.0,4773661.25
